1.000 0.010
0 21  -2.959212 2.111394 
0 22  -2.423743 1.012020 
0 23  -2.129017 0.490552 
0 24  -1.915653 0.161853 
0 25  -1.742863 -0.071885 
0 26  -1.594369 -0.249421 
0 27  -1.462096 -0.389838 
0 28  -1.341472 -0.503867 
0 29  -1.229662 -0.598110 
0 30  -1.124788 -0.676907 
0 31  -1.025545 -0.743254 
0 32  -0.930985 -0.799302 
0 33  -0.840401 -0.846646 
0 34  -0.753250 -0.886497 
0 35  -0.669108 -0.919794 
0 36  -0.587634 -0.947278 
0 37  -0.508555 -0.969543 
0 38  -0.431645 -0.987069 
0 39  -0.356716 -1.000248 
0 40  -0.283614 -1.009401 
0 41  -0.212205 -1.014796 
0 42  -0.142380 -1.016651 
0 43  -0.074044 -1.015148 
0 44  -0.007117 -1.010436 
0 45  0.058470 -1.002637 
0 46  0.122773 -0.991845 
0 47  0.185840 -0.978137 
0 48  0.247712 -0.961567 
0 49  0.308419 -0.942171 
0 50  0.367988 -0.919970 
0 51  0.426435 -0.894965 
0 52  0.483772 -0.867143 
0 53  0.540003 -0.836472 
0 54  0.595127 -0.802903 
0 55  0.649133 -0.766371 
0 56  0.702006 -0.726787 
0 57  0.753721 -0.684042 
0 58  0.804242 -0.638002 
0 59  0.853525 -0.588503 
0 60  0.901514 -0.535350 
0 61  0.948138 -0.478306 
0 62  0.993307 -0.417088 
0 63  1.036914 -0.351355 
0 64  1.078824 -0.280695 
0 65  1.118867 -0.204604 
0 66  1.156834 -0.122463 
0 67  1.192460 -0.033502 
0 68  1.225404 0.063253 
0 69  1.255225 0.169054 
0 70  1.281334 0.285542 
0 71  1.302935 0.414928 
0 72  1.318905 0.560284 
0 73  1.327613 0.726045 
0 74  1.326557 0.918950 
0 75  1.311649 1.149920 
0 76  1.275574 1.438344 
0 77  1.203390 1.823514 
0 78  1.057179 2.404389 
0 79  0.686744 3.569776 
1 20  -3.788767 3.849504 
1 21  -2.721570 1.500833 
1 22  -2.329197 0.757685 
1 23  -2.074870 0.338666 
1 24  -1.879310 0.056012 
1 25  -1.716134 -0.152333 
1 26  -1.573482 -0.314083 
1 27  -1.445044 -0.443881 
1 28  -1.327077 -0.550354 
1 29  -1.217182 -0.638992 
1 30  -1.113730 -0.713495 
1 31  -1.015565 -0.776466 
1 32  -0.921837 -0.829807 
1 33  -0.831903 -0.874943 
1 34  -0.745264 -0.912968 
1 35  -0.661526 -0.944737 
1 36  -0.580372 -0.970933 
1 37  -0.501544 -0.992102 
1 38  -0.424829 -1.008691 
1 39  -0.350049 -1.021066 
1 40  -0.277057 -1.029528 
1 41  -0.205725 -1.034328 
1 42  -0.135946 -1.035672 
1 43  -0.067631 -1.033731 
1 44  -0.000702 -1.028647 
1 45  0.064908 -1.020535 
1 46  0.129254 -1.009484 
1 47  0.192383 -0.995568 
1 48  0.254335 -0.978837 
1 49  0.315139 -0.959326 
1 50  0.374822 -0.937054 
1 51  0.433400 -0.912022 
1 52  0.490887 -0.884216 
1 53  0.547286 -0.853607 
1 54  0.602598 -0.820147 
1 55  0.656814 -0.783772 
1 56  0.709920 -0.744399 
1 57  0.761892 -0.701922 
1 58  0.812700 -0.656213 
1 59  0.862302 -0.607117 
1 60  0.910647 -0.554447 
1 61  0.957667 -0.497979 
1 62  1.003284 -0.437446 
1 63  1.047395 -0.372526 
1 64  1.089878 -0.302833 
1 65  1.130579 -0.227895 
1 66  1.169307 -0.147139 
1 67  1.205821 -0.059853 
1 68  1.239818 0.034855 
1 69  1.270903 0.138121 
1 70  1.298559 0.251421 
1 71  1.322092 0.376717 
1 72  1.340541 0.516693 
1 73  1.352536 0.675150 
1 74  1.356027 0.857720 
1 75  1.347775 1.073231 
1 76  1.322250 1.336636 
1 77  1.268930 1.676186 
1 78  1.164119 2.155011 
1 79  0.935735 2.963755 
1 80  0.088760 5.400514 
2 20  -3.168028 2.320035 
2 21  -2.574082 1.118918 
2 22  -2.256123 0.559633 
2 23  -2.029239 0.209757 
2 24  -1.847216 -0.038073 
2 25  -1.691825 -0.225942 
2 26  -1.554097 -0.374427 
2 27  -1.428982 -0.495039 
2 28  -1.313363 -0.594836 
2 29  -1.205186 -0.678439 
2 30  -1.103023 -0.749034 
2 31  -1.005846 -0.808903 
2 32  -0.912884 -0.859733 
2 33  -0.823552 -0.902806 
2 34  -0.737388 -0.939115 
2 35  -0.654027 -0.969442 
2 36  -0.573170 -0.994414 
2 37  -0.494576 -1.014540 
2 38  -0.418043 -1.030234 
2 39  -0.343401 -1.041838 
2 40  -0.270508 -1.049636 
2 41  -0.199245 -1.053862 
2 42  -0.129507 -1.054712 
2 43  -0.061207 -1.052348 
2 44  0.005729 -1.046903 
2 45  0.071366 -1.038486 
2 46  0.135758 -1.027184 
2 47  0.198951 -1.013065 
2 48  0.260984 -0.996176 
2 49  0.321886 -0.976552 
2 50  0.381684 -0.954209 
2 51  0.440394 -0.929149 
2 52  0.498030 -0.901358 
2 53  0.554597 -0.870806 
2 54  0.610095 -0.837449 
2 55  0.664519 -0.801225 
2 56  0.717853 -0.762053 
2 57  0.770080 -0.719833 
2 58  0.821168 -0.674442 
2 59  0.871082 -0.625731 
2 60  0.919772 -0.573524 
2 61  0.967179 -0.517606 
2 62  1.013227 -0.457726 
2 63  1.057824 -0.393580 
2 64  1.100857 -0.324803 
2 65  1.142186 -0.250957 
2 66  1.181636 -0.171505 
2 67  1.218990 -0.085790 
2 68  1.253974 0.007010 
2 69  1.286235 0.107929 
2 70  1.315316 0.218302 
2 71  1.340610 0.339879 
2 72  1.361288 0.475025 
2 73  1.376186 0.627028 
2 74  1.383606 0.800654 
2 75  1.380936 1.003163 
2 76  1.363896 1.246372 
2 77  1.324789 1.551369 
2 78  1.247791 1.961198 
2 79  1.092323 2.585480 
2 80  0.694066 3.864872 
3 19  -4.127747 4.296843 
3 20  -2.897644 1.647834 
3 21  -2.469234 0.845133 
3 22  -2.196862 0.397731 
3 23  -1.989836 0.097607 
3 24  -1.818459 -0.122963 
3 25  -1.669504 -0.293960 
3 26  -1.535985 -0.431130 
3 27  -1.413778 -0.543712 
3 28  -1.300250 -0.637561 
3 29  -1.193622 -0.716615 
3 30  -1.092635 -0.783637 
3 31  -0.996363 -0.840642 
3 32  -0.904110 -0.889136 
3 33  -0.815335 -0.930277 
3 34  -0.729614 -0.964969 
3 35  -0.646603 -0.993930 
3 36  -0.566024 -1.017740 
3 37  -0.487648 -1.036870 
3 38  -0.411283 -1.051707 
3 39  -0.336768 -1.062571 
3 40  -0.263967 -1.069729 
3 41  -0.192764 -1.073402 
3 42  -0.123061 -1.073775 
3 43  -0.054772 -1.071000 
3 44  0.012176 -1.065205 
3 45  0.077843 -1.056493 
3 46  0.142284 -1.044946 
3 47  0.205544 -1.030627 
3 48  0.267659 -1.013585 
3 49  0.328661 -0.993849 
3 50  0.388575 -0.971436 
3 51  0.447417 -0.946347 
3 52  0.505202 -0.918568 
3 53  0.561935 -0.888071 
3 54  0.617619 -0.854812 
3 55  0.672247 -0.818731 
3 56  0.725808 -0.779752 
3 57  0.778283 -0.737778 
3 58  0.829647 -0.692691 
3 59  0.879865 -0.644350 
3 60  0.928893 -0.592585 
3 61  0.976674 -0.537195 
3 62  1.023141 -0.477938 
3 63  1.068207 -0.414528 
3 64  1.111769 -0.346623 
3 65  1.153699 -0.273810 
3 66  1.193837 -0.195589 
3 67  1.231986 -0.111349 
3 68  1.267897 -0.020333 
3 69  1.301257 0.078406 
3 70  1.331657 0.186080 
3 71  1.358564 0.304260 
3 72  1.381258 0.435042 
3 73  1.398744 0.581297 
3 74  1.409596 0.747102 
3 75  1.411682 0.938515 
3 76  1.401617 1.165068 
3 77  1.373601 1.442982 
3 78  1.316533 1.803089 
3 79  1.205215 2.314913 
3 80  0.961857 3.191634 
3 81  0.025718 5.958229 
4 19  -3.392894 2.547331 
4 20  -2.732376 1.233127 
4 21  -2.388759 0.633124 
4 22  -2.147153 0.260785 
4 23  -1.955167 -0.001847 
4 24  -1.792385 -0.200489 
4 25  -1.648844 -0.357334 
4 26  -1.518965 -0.484733 
4 27  -1.399324 -0.590227 
4 28  -1.287670 -0.678741 
4 29  -1.182447 -0.753659 
4 30  -1.082533 -0.817399 
4 31  -0.987096 -0.871750 
4 32  -0.895498 -0.918064 
4 33  -0.807242 -0.957390 
4 34  -0.721933 -0.990556 
4 35  -0.639249 -1.018223 
4 36  -0.558929 -1.040926 
4 37  -0.480755 -1.059104 
4 38  -0.404546 -1.073120 
4 39  -0.330148 -1.083273 
4 40  -0.257430 -1.089814 
4 41  -0.186282 -1.092953 
4 42  -0.116607 -1.092863 
4 43  -0.048324 -1.089691 
4 44  0.018639 -1.083556 
4 45  0.084340 -1.074556 
4 46  0.148833 -1.062769 
4 47  0.212162 -1.048257 
4 48  0.274362 -1.031064 
4 49  0.335465 -1.011218 
4 50  0.395494 -0.988736 
4 51  0.454469 -0.963616 
4 52  0.512403 -0.935847 
4 53  0.569302 -0.905401 
4 54  0.625168 -0.872235 
4 55  0.679999 -0.836292 
4 56  0.733783 -0.797498 
4 57  0.786504 -0.755760 
4 58  0.838138 -0.710965 
4 59  0.888654 -0.662978 
4 60  0.938011 -0.611638 
4 61  0.986158 -0.556751 
4 62  1.033030 -0.498089 
4 63  1.078550 -0.435382 
4 64  1.122621 -0.368306 
4 65  1.165127 -0.296472 
4 66  1.205921 -0.219415 
4 67  1.244824 -0.136564 
4 68  1.281612 -0.047220 
4 69  1.316000 0.049489 
4 70  1.347627 0.154665 
4 71  1.376019 0.269727 
4 72  1.400548 0.396546 
4 73  1.420357 0.537645 
4 74  1.434239 0.696549 
4 75  1.440428 0.878375 
4 76  1.436203 1.090946 
4 77  1.417084 1.347053 
4 78  1.374983 1.669640 
4 79  1.293154 2.105889 
4 80  1.128185 2.777351 
4 81  0.700143 4.184546 
5 18  -4.510513 4.808141 
5 19  -3.084719 1.805970 
5 20  -2.616012 0.938288 
5 21  -2.323857 0.460553 
5 22  -2.104403 0.141979 
5 23  -1.924204 -0.091390 
5 24  -1.768512 -0.272004 
5 25  -1.629588 -0.416799 
5 26  -1.502890 -0.535667 
5 27  -1.385531 -0.634856 
5 28  -1.275565 -0.718553 
5 29  -1.171621 -0.789692 
5 30  -1.072693 -0.850405 
5 31  -0.978026 -0.902288 
5 32  -0.887036 -0.946561 
5 33  -0.799263 -0.984179 
5 34  -0.714337 -1.015901 
5 35  -0.631959 -1.042337 
5 36  -0.551880 -1.063984 
5 37  -0.473895 -1.081252 
5 38  -0.397831 -1.094480 
5 39  -0.323540 -1.103949 
5 40  -0.250898 -1.109896 
5 41  -0.179797 -1.112518 
5 42  -0.110145 -1.111981 
5 43  -0.041862 -1.108422 
5 44  0.025119 -1.101957 
5 45  0.090858 -1.092676 
5 46  0.155406 -1.080657 
5 47  0.218805 -1.065955 
5 48  0.281091 -1.048613 
5 49  0.342296 -1.028659 
5 50  0.402443 -1.006108 
5 51  0.461551 -0.980958 
5 52  0.519632 -0.953197 
5 53  0.576696 -0.922798 
5 54  0.632745 -0.889721 
5 55  0.687776 -0.853909 
5 56  0.741780 -0.815292 
5 57  0.794743 -0.773780 
5 58  0.846643 -0.729266 
5 59  0.897451 -0.681619 
5 60  0.947130 -0.630685 
5 61  0.995632 -0.576280 
5 62  1.042898 -0.518188 
5 63  1.088857 -0.456151 
5 64  1.133420 -0.389864 
5 65  1.176478 -0.318962 
5 66  1.217900 -0.243006 
5 67  1.257521 -0.161466 
5 68  1.295137 -0.073691 
5 69  1.330493 0.021120 
5 70  1.363264 0.123978 
5 71  1.393030 0.236169 
5 72  1.419239 0.359369 
5 73  1.441147 0.495815 
5 74  1.457725 0.648579 
5 75  1.467494 0.822034 
5 76  1.468235 1.022695 
5 77  1.456417 1.260858 
5 78  1.425961 1.554125 
5 79  1.365170 1.936163 
5 80  1.247259 2.483596 
5 81  0.988266 3.435164 
5 82  -0.049726 6.592456 
6 18  -3.635881 2.795638 
6 19  -2.899326 1.355238 
6 20  -2.527325 0.711293 
6 21  -2.269670 0.315085 
6 22  -2.066923 0.036881 
6 23  -1.896214 -0.173010 
6 24  -1.746472 -0.338531 
6 25  -1.611535 -0.472936 
6 26  -1.487640 -0.584285 
6 27  -1.372324 -0.677824 
6 28  -1.263887 -0.757146 
6 29  -1.161111 -0.824817 
6 30  -1.063091 -0.882727 
6 31  -0.969137 -0.932308 
6 32  -0.878712 -0.974666 
6 33  -0.791388 -1.010673 
6 34  -0.706821 -1.041026 
6 35  -0.624727 -1.066290 
6 36  -0.544874 -1.086929 
6 37  -0.467065 -1.103325 
6 38  -0.391134 -1.115795 
6 39  -0.316942 -1.124605 
6 40  -0.244367 -1.129978 
6 41  -0.173307 -1.132101 
6 42  -0.103673 -1.131130 
6 43  -0.035387 -1.127197 
6 44  0.031617 -1.120409 
6 45  0.097397 -1.110856 
6 46  0.162001 -1.098608 
6 47  0.225473 -1.083721 
6 48  0.287848 -1.066234 
6 49  0.349156 -1.046173 
6 50  0.409421 -1.023552 
6 51  0.468662 -0.998371 
6 52  0.526892 -0.970616 
6 53  0.584120 -0.940262 
6 54  0.640349 -0.907269 
6 55  0.695579 -0.871583 
6 56  0.749801 -0.833136 
6 57  0.803002 -0.791841 
6 58  0.855163 -0.747596 
6 59  0.906258 -0.700275 
6 60  0.956251 -0.649731 
6 61  1.005099 -0.595789 
6 62  1.052749 -0.538242 
6 63  1.099133 -0.476846 
6 64  1.144170 -0.411312 
6 65  1.187762 -0.341295 
6 66  1.229785 -0.266384 
6 67  1.270090 -0.186081 
6 68  1.308492 -0.099784 
6 69  1.344760 -0.006749 
6 70  1.378602 0.093950 
6 71  1.409644 0.203485 
6 72  1.437398 0.323368 
6 73  1.461216 0.455592 
6 74  1.480212 0.602856 
6 75  1.493137 0.768932 
6 76  1.498156 0.959320 
6 77  1.492438 1.182451 
6 78  1.471302 1.452171 
6 79  1.426254 1.793454 
6 80  1.339585 2.258057 
6 81  1.164865 2.980914 
6 82  0.704853 4.531931 
7 17  -4.946975 5.397954 
7 18  -3.283940 1.976344 
7 19  -2.770073 1.037555 
7 20  -2.456198 0.527337 
7 21  -2.223255 0.189250 
7 22  -2.033559 -0.057541 
7 23  -1.870657 -0.248171 
7 24  -1.725980 -0.400865 
7 25  -1.594522 -0.526211 
7 26  -1.473117 -0.630879 
7 27  -1.359639 -0.719320 
7 28  -1.252593 -0.794650 
7 29  -1.150889 -0.859125 
7 30  -1.053707 -0.914431 
7 31  -0.960414 -0.961859 
7 32  -0.870514 -1.002414 
7 33  -0.783610 -1.036897 
7 34  -0.699377 -1.065950 
7 35  -0.617550 -1.090098 
7 36  -0.537907 -1.109773 
7 37  -0.460260 -1.125331 
7 38  -0.384453 -1.137073 
7 39  -0.310351 -1.145247 
7 40  -0.237837 -1.150065 
7 41  -0.166813 -1.151704 
7 42  -0.097191 -1.150313 
7 43  -0.028897 -1.146015 
7 44  0.038133 -1.138915 
7 45  0.103957 -1.129095 
7 46  0.168621 -1.116625 
7 47  0.232168 -1.101556 
7 48  0.294633 -1.083926 
7 49  0.356045 -1.063760 
7 50  0.416428 -1.041071 
7 51  0.475802 -1.015857 
7 52  0.534180 -0.988107 
7 53  0.591572 -0.957794 
7 54  0.647981 -0.924881 
7 55  0.703407 -0.889315 
7 56  0.757845 -0.851030 
7 57  0.811281 -0.809944 
7 58  0.863699 -0.765957 
7 59  0.915074 -0.718950 
7 60  0.965376 -0.668780 
7 61  1.014563 -0.615282 
7 62  1.062585 -0.558257 
7 63  1.109382 -0.497474 
7 64  1.154879 -0.432658 
7 65  1.198983 -0.363485 
7 66  1.241583 -0.289566 
7 67  1.282543 -0.210436 
7 68  1.321692 -0.125531 
7 69  1.358823 -0.034164 
7 70  1.393671 0.064520 
7 71  1.425902 0.171592 
7 72  1.455085 0.288422 
7 73  1.480649 0.416795 
7 74  1.501829 0.559099 
7 75  1.517558 0.718621 
7 76  1.526306 0.900050 
7 77  1.525767 1.110398 
7 78  1.512261 1.360786 
7 79  1.479426 1.670322 
7 80  1.414945 2.075794 
7 81  1.290360 2.661728 
7 82  1.015030 3.695932 
7 83  -0.140435 7.320570 
8 17  -3.899433 3.067740 
8 18  -3.075717 1.485916 
8 19  -2.672263 0.794440 
8 20  -2.397088 0.372821 
8 21  -2.182707 0.078209 
8 22  -2.003488 -0.143444 
8 23  -1.847124 -0.317982 
8 24  -1.706812 -0.459631 
8 25  -1.578416 -0.577004 
8 26  -1.459237 -0.675691 
8 27  -1.347423 -0.759508 
8 28  -1.241647 -0.831176 
8 29  -1.140929 -0.892694 
8 30  -1.044521 -0.945573 
8 31  -0.951843 -0.990981 
8 32  -0.862433 -1.029837 
8 33  -0.775921 -1.062875 
8 34  -0.692001 -1.090692 
8 35  -0.610422 -1.113774 
8 36  -0.530975 -1.132525 
8 37  -0.453480 -1.147279 
8 38  -0.377787 -1.158319 
8 39  -0.303766 -1.165880 
8 40  -0.231307 -1.170162 
8 41  -0.160312 -1.171333 
8 42  -0.090698 -1.169533 
8 43  -0.022392 -1.164881 
8 44  0.044669 -1.157475 
8 45  0.110538 -1.147396 
8 46  0.175265 -1.134708 
8 47  0.238889 -1.119461 
8 48  0.301445 -1.101691 
8 49  0.362962 -1.081421 
8 50  0.423465 -1.058664 
8 51  0.482973 -1.033417 
8 52  0.541499 -1.005669 
8 53  0.599053 -0.975395 
8 54  0.655641 -0.942557 
8 55  0.711263 -0.907106 
8 56  0.765912 -0.868977 
8 57  0.819581 -0.828092 
8 58  0.872252 -0.784353 
8 59  0.923903 -0.737647 
8 60  0.974506 -0.687837 
8 61  1.024024 -0.634764 
8 62  1.072411 -0.578240 
8 63  1.119609 -0.518044 
8 64  1.165550 -0.453915 
8 65  1.210150 -0.385545 
8 66  1.253305 -0.312569 
8 67  1.294891 -0.234551 
8 68  1.334753 -0.150962 
8 69  1.372701 -0.061163 
8 70  1.408497 0.035634 
8 71  1.441841 0.140414 
8 72  1.472349 0.254422 
8 73  1.499519 0.379268 
8 74  1.522682 0.517077 
8 75  1.540925 0.670732 
8 76  1.552954 0.844276 
8 77  1.556870 1.043616 
8 78  1.549729 1.277842 
8 79  1.526644 1.561950 
8 80  1.478705 1.923138 
8 81  1.387197 2.418224 
8 82  1.202474 3.197193 
8 83  0.708045 4.910731 
9 16  -5.450338 6.085715 
9 17  -3.496615 2.160223 
9 18  -2.932016 1.143387 
9 19  -2.594258 0.598315 
9 20  -2.346660 0.239552 
9 21  -2.146728 -0.021335 
9 22  -1.976106 -0.222413 
9 23  -1.825297 -0.383297 
9 24  -1.688788 -0.515331 
9 25  -1.563107 -0.625628 
9 26  -1.445930 -0.718925 
9 27  -1.335628 -0.798527 
9 28  -1.231017 -0.866822 
9 29  -1.131209 -0.925595 
9 30  -1.035519 -0.976204 
9 31  -0.943413 -1.019713 
9 32  -0.854460 -1.056962 
9 33  -0.768314 -1.088630 
9 34  -0.684687 -1.115268 
9 35  -0.603340 -1.137331 
9 36  -0.524075 -1.155196 
9 37  -0.446721 -1.169177 
9 38  -0.371133 -1.179541 
9 39  -0.297187 -1.186510 
9 40  -0.224774 -1.190272 
9 41  -0.153803 -1.190988 
9 42  -0.084192 -1.188791 
9 43  -0.015871 -1.183794 
9 44  0.051223 -1.176091 
9 45  0.117142 -1.165759 
9 46  0.181933 -1.152858 
9 47  0.245636 -1.137436 
9 48  0.308285 -1.119528 
9 49  0.369909 -1.099156 
9 50  0.430532 -1.076331 
9 51  0.490174 -1.051050 
9 52  0.548848 -1.023303 
9 53  0.606564 -0.993065 
9 54  0.663330 -0.960299 
9 55  0.719145 -0.924958 
9 56  0.774005 -0.886979 
9 57  0.827902 -0.846285 
9 58  0.880823 -0.802785 
9 59  0.932746 -0.756368 
9 60  0.983645 -0.706904 
9 61  1.033486 -0.654240 
9 62  1.082228 -0.598197 
9 63  1.129817 -0.538562 
9 64  1.176189 -0.475090 
9 65  1.221268 -0.407488 
9 66  1.264958 -0.335410 
9 67  1.307144 -0.258447 
9 68  1.347687 -0.176103 
9 69  1.386411 -0.087783 
9 70  1.423103 0.007245 
9 71  1.457492 0.109886 
9 72  1.489235 0.221278 
9 73  1.517887 0.342880 
9 74  1.542863 0.476592 
9 75  1.563373 0.624964 
9 76  1.578316 0.791511 
9 77  1.586110 0.981265 
9 78  1.584362 1.201773 
9 79  1.569241 1.465052 
9 80  1.534097 1.791854 
9 81  1.465970 2.222407 
9 82  1.334641 2.850050 
9 83  1.042223 3.975758 
9 84  -0.250248 8.165751 
10 16  -4.186459 3.366954 
10 17  -3.262434 1.625914 
10 18  -2.824059 0.882896 
10 19  -2.529734 0.434175 
10 20  -2.302761 0.122247 
10 21  -2.114395 -0.111724 
10 22  -1.950955 -0.295645 
10 23  -1.804926 -0.444792 
10 24  -1.671760 -0.568374 
10 25  -1.548504 -0.672343 
10 26  -1.433136 -0.760756 
10 27  -1.324215 -0.836494 
10 28  -1.220675 -0.901673 
10 29  -1.121708 -0.957888 
10 30  -1.026686 -1.006370 
10 31  -0.935113 -1.048089 
10 32  -0.846587 -1.083817 
10 33  -0.760783 -1.114181 
10 34  -0.677429 -1.139694 
10 35  -0.596300 -1.160781 
10 36  -0.517205 -1.177795 
10 37  -0.439981 -1.191032 
10 38  -0.364489 -1.200743 
10 39  -0.290610 -1.207139 
10 40  -0.218239 -1.210399 
10 41  -0.147287 -1.210673 
10 42  -0.077674 -1.208091 
10 43  -0.009333 -1.202758 
10 44  0.057797 -1.194765 
10 45  0.123768 -1.184185 
10 46  0.188626 -1.171076 
10 47  0.252410 -1.155483 
10 48  0.315153 -1.137439 
10 49  0.376885 -1.116966 
10 50  0.437629 -1.094072 
10 51  0.497405 -1.068758 
10 52  0.556226 -1.041010 
10 53  0.614105 -1.010805 
10 54  0.671047 -0.978107 
10 55  0.727054 -0.942871 
10 56  0.782123 -0.905035 
10 57  0.836247 -0.864526 
10 58  0.889413 -0.821256 
10 59  0.941603 -0.775117 
10 60  0.992793 -0.725986 
10 61  1.042951 -0.673715 
10 62  1.092039 -0.618132 
10 63  1.140008 -0.559037 
10 64  1.186800 -0.496193 
10 65  1.232342 -0.429324 
10 66  1.276548 -0.358103 
10 67  1.319312 -0.282143 
10 68  1.360506 -0.200980 
10 69  1.399970 -0.114055 
10 70  1.437511 -0.020691 
10 71  1.472883 0.079949 
10 72  1.505780 0.188909 
10 73  1.535807 0.307514 
10 74  1.562448 0.437477 
10 75  1.585016 0.581064 
10 76  1.602567 0.741357 
10 77  1.613769 0.922686 
10 78  1.616654 1.131398 
10 79  1.608165 1.377300 
10 80  1.583208 1.676635 
10 81  1.532445 2.059047 
10 82  1.436114 2.586965 
10 83  1.241132 3.427341 
10 84  0.709537 5.325352 
11 15  -6.038621 6.897970 
11 16  -3.724246 2.359063 
11 17  -3.102506 1.256294 
11 18  -2.738448 0.673741 
11 19  -2.474906 0.293033 
11 20  -2.263933 0.017319 
11 21  -2.085033 -0.194672 
11 22  -1.927684 -0.364063 
11 23  -1.785812 -0.503007 
11 24  -1.655607 -0.619097 
11 25  -1.534529 -0.717370 
11 26  -1.420805 -0.801333 
11 27  -1.313148 -0.873516 
11 28  -1.210596 -0.935803 
11 29  -1.112409 -0.989628 
11 30  -1.018008 -1.036111 
11 31  -0.926932 -1.076139 
11 32  -0.838806 -1.110423 
11 33  -0.753322 -1.139546 
11 34  -0.670225 -1.163984 
11 35  -0.589298 -1.184135 
11 36  -0.510361 -1.200331 
11 37  -0.433258 -1.212851 
11 38  -0.357854 -1.221932 
11 39  -0.284035 -1.227773 
11 40  -0.211699 -1.230545 
11 41  -0.140761 -1.230391 
11 42  -0.071143 -1.227433 
11 43  -0.002778 -1.221774 
11 44  0.064391 -1.213498 
11 45  0.130417 -1.202675 
11 46  0.195344 -1.189362 
11 47  0.259210 -1.173601 
11 48  0.322050 -1.155424 
11 49  0.383890 -1.134851 
11 50  0.444756 -1.111890 
11 51  0.504666 -1.086540 
11 52  0.563636 -1.058790 
11 53  0.621676 -1.028615 
11 54  0.678794 -0.995982 
11 55  0.734991 -0.960846 
11 56  0.790267 -0.923148 
11 57  0.844614 -0.882817 
11 58  0.898023 -0.839767 
11 59  0.950476 -0.793896 
11 60  1.001951 -0.745085 
11 61  1.052421 -0.693191 
11 62  1.101847 -0.638052 
11 63  1.150187 -0.579473 
11 64  1.197386 -0.517232 
11 65  1.243378 -0.451065 
11 66  1.288083 -0.380661 
11 67  1.331403 -0.305656 
11 68  1.373221 -0.225613 
11 69  1.413391 -0.140009 
11 70  1.451738 -0.048213 
11 71  1.488039 0.050551 
11 72  1.522019 0.157243 
11 73  1.553326 0.273073 
11 74  1.581503 0.399590 
11 75  1.605949 0.538821 
11 76  1.625851 0.693486 
11 77  1.640076 0.867348 
11 78  1.646987 1.065805 
11 79  1.644108 1.296984 
11 80  1.627455 1.573874 
11 81  1.590082 1.919028 
11 82  1.518365 2.376466 
11 83  1.380233 3.049389 
11 84  1.069928 4.276732 
11 85  -0.384426 9.159648 
12 15  -4.500440 3.697257 
12 16  -3.460472 1.776082 
12 17  -2.983247 0.977031 
12 18  -2.667964 0.499350 
12 19  -2.427346 0.169117 
12 20  -2.229140 -0.077772 
12 21  -2.058131 -0.271473 
12 22  -1.906015 -0.428394 
12 23  -1.767791 -0.558381 
12 24  -1.640227 -0.667779 
12 25  -1.521117 -0.760895 
12 26  -1.408892 -0.840784 
12 27  -1.302397 -0.909683 
12 28  -1.200758 -0.969277 
12 29  -1.103295 -1.020864 
12 30  -1.009474 -1.065464 
12 31  -0.918863 -1.103891 
12 32  -0.831111 -1.136803 
12 33  -0.745927 -1.164741 
12 34  -0.663069 -1.188151 
12 35  -0.582332 -1.207404 
12 36  -0.503541 -1.222813 
12 37  -0.426549 -1.234641 
12 38  -0.351226 -1.243112 
12 39  -0.277460 -1.248417 
12 40  -0.205155 -1.250715 
12 41  -0.134225 -1.250145 
12 42  -0.064597 -1.246821 
12 43  0.003794 -1.240843 
12 44  0.071007 -1.232291 
12 45  0.137090 -1.221231 
12 46  0.202088 -1.207718 
12 47  0.266038 -1.191792 
12 48  0.328975 -1.173484 
12 49  0.390925 -1.152811 
12 50  0.451913 -1.129783 
12 51  0.511958 -1.104398 
12 52  0.571076 -1.076643 
12 53  0.629277 -1.046497 
12 54  0.686570 -1.013925 
12 55  0.742957 -0.978884 
12 56  0.798437 -0.941318 
12 57  0.853006 -0.901158 
12 58  0.906654 -0.858321 
12 59  0.959366 -0.812708 
12 60  1.011122 -0.764204 
12 61  1.061896 -0.712674 
12 62  1.111655 -0.657960 
12 63  1.160357 -0.599879 
12 64  1.207952 -0.538215 
12 65  1.254381 -0.472719 
12 66  1.299568 -0.403096 
12 67  1.343424 -0.329001 
12 68  1.385841 -0.250023 
12 69  1.426687 -0.165671 
12 70  1.465801 -0.075354 
12 71  1.502982 0.021647 
12 72  1.537981 0.126218 
12 73  1.570483 0.239469 
12 74  1.600083 0.362806 
12 75  1.626254 0.498053 
12 76  1.648287 0.647627 
12 77  1.665215 0.814821 
12 78  1.675662 1.004277 
12 79  1.677594 1.222817 
12 80  1.667841 1.481020 
12 81  1.641101 1.796496 
12 82  1.587595 2.201573 
12 83  1.486468 2.764917 
12 84  1.280975 3.672661 
12 85  0.709107 5.781076 
13 14  -6.737080 7.871975 
13 15  -3.968566 2.574550 
13 16  -3.282287 1.376842 
13 17  -2.889217 0.753896 
13 18  -2.608309 0.349856 
13 19  -2.385410 0.058523 
13 20  -2.197628 -0.164884 
13 21  -2.033299 -0.343122 
13 22  -1.885725 -0.489218 
13 23  -1.750729 -0.611275 
13 24  -1.625535 -0.714655 
13 25  -1.508211 -0.803078 
13 26  -1.397358 -0.879221 
13 27  -1.291935 -0.945075 
13 28  -1.191141 -1.002155 
13 29  -1.094353 -1.051640 
13 30  -1.001072 -1.094462 
13 31  -0.910896 -1.131370 
13 32  -0.823494 -1.162977 
13 33  -0.738592 -1.189783 
13 34  -0.655958 -1.212206 
13 35  -0.575397 -1.230596 
13 36  -0.496743 -1.245246 
13 37  -0.419853 -1.256407 
13 38  -0.344603 -1.264289 
13 39  -0.270884 -1.269072 
13 40  -0.198604 -1.270911 
13 41  -0.127679 -1.269936 
13 42  -0.058037 -1.266256 
13 43  0.010385 -1.259967 
13 44  0.077643 -1.251145 
13 45  0.143786 -1.239853 
13 46  0.208857 -1.226144 
13 47  0.272894 -1.210056 
13 48  0.335929 -1.191618 
13 49  0.397990 -1.170848 
13 50  0.459101 -1.147753 
13 51  0.519282 -1.122331 
13 52  0.578547 -1.094571 
13 53  0.636909 -1.064450 
13 54  0.694376 -1.031937 
13 55  0.750951 -0.996987 
13 56  0.806634 -0.959548 
13 57  0.861423 -0.919552 
13 58  0.915307 -0.876919 
13 59  0.968275 -0.831554 
13 60  1.020307 -0.783347 
13 61  1.071380 -0.732167 
13 62  1.121463 -0.677862 
13 63  1.170519 -0.620258 
13 64  1.218501 -0.559148 
13 65  1.265354 -0.494296 
13 66  1.311008 -0.425420 
13 67  1.355382 -0.352193 
13 68  1.398376 -0.274228 
13 69  1.439870 -0.191064 
13 70  1.479716 -0.102147 
13 71  1.517731 -0.006806 
13 72  1.553692 0.095778 
13 73  1.587315 0.206624 
13 74  1.618239 0.327018 
13 75  1.645999 0.458606 
13 76  1.669977 0.603550 
13 77  1.689338 0.764752 
13 78  1.702917 0.946239 
13 79  1.709024 1.153807 
13 80  1.705099 1.396207 
13 81  1.687005 1.687490 
13 82  1.647496 2.052178 
13 83  1.572263 2.538488 
13 84  1.427282 3.260670 
13 85  1.098237 4.601272 
13 86  -0.550373 10.346658 
14 14  -4.845588 4.063464 
14 15  -3.670959 1.937386 
14 16  -3.150421 1.077256 
14 17  -2.812164 0.568567 
14 18  -2.556744 0.218953 
14 19  -2.347942 -0.041504 
14 20  -2.168829 -0.245411 
14 21  -2.010226 -0.410400 
14 22  -1.866634 -0.547007 
14 23  -1.734514 -0.661989 
14 24  -1.611459 -0.759927 
14 25  -1.495762 -0.844055 
14 26  -1.386170 -0.916741 
14 27  -1.281736 -0.979763 
14 28  -1.181729 -1.034490 
14 29  -1.085569 -1.081995 
14 30  -0.992794 -1.123134 
14 31  -0.903025 -1.158601 
14 32  -0.815952 -1.188961 
14 33  -0.731312 -1.214684 
14 34  -0.648888 -1.236161 
14 35  -0.568492 -1.253721 
14 36  -0.489965 -1.267640 
14 37  -0.413169 -1.278155 
14 38  -0.337984 -1.285466 
14 39  -0.264307 -1.289744 
14 40  -0.192045 -1.291136 
14 41  -0.121120 -1.289767 
14 42  -0.051461 -1.285741 
14 43  0.016994 -1.279147 
14 44  0.084300 -1.270061 
14 45  0.150506 -1.258543 
14 46  0.215652 -1.244641 
14 47  0.279777 -1.228394 
14 48  0.342912 -1.209829 
14 49  0.405085 -1.188961 
14 50  0.466320 -1.165799 
14 51  0.526636 -1.140341 
14 52  0.586049 -1.112574 
14 53  0.644572 -1.082476 
14 54  0.702212 -1.050018 
14 55  0.758974 -1.015156 
14 56  0.814859 -0.977838 
14 57  0.869864 -0.937999 
14 58  0.923983 -0.895563 
14 59  0.977202 -0.850438 
14 60  1.029506 -0.802516 
14 61  1.080873 -0.751672 
14 62  1.131275 -0.697762 
14 63  1.180677 -0.640616 
14 64  1.229037 -0.580039 
14 65  1.276302 -0.515803 
14 66  1.322409 -0.447643 
14 67  1.367284 -0.375246 
14 68  1.410835 -0.298247 
14 69  1.452950 -0.216210 
14 70  1.493495 -0.128618 
14 71  1.532305 -0.034845 
14 72  1.569176 0.065872 
14 73  1.603853 0.174472 
14 74  1.636013 0.292132 
14 75  1.665245 0.420348 
14 76  1.691006 0.561059 
14 77  1.712571 0.716845 
14 78  1.728947 0.891226 
14 79  1.738716 1.089176 
14 80  1.739780 1.318033 
14 81  1.728857 1.589216 
14 82  1.700433 1.921824 
14 83  1.644279 2.351144 
14 84  1.538405 2.952786 
14 85  1.322153 3.934630 
14 86  0.706485 6.284293 
15 13  -7.582285 9.061741 
15 14  -4.231590 2.808646 
15 15  -3.472188 1.505672 
15 16  -3.047058 0.839094 
15 17  -2.747211 0.410202 
15 18  -2.511419 0.102390 
15 19  -2.314096 -0.132975 
15 20  -2.142307 -0.320427 
15 21  -1.988668 -0.473934 
15 22  -1.848594 -0.602148 
15 23  -1.719052 -0.710776 
15 24  -1.597936 -0.803763 
15 25  -1.483728 -0.883947 
15 26  -1.375297 -0.953430 
15 27  -1.271781 -1.013809 
15 28  -1.172505 -1.066327 
15 29  -1.076932 -1.111964 
15 30  -0.984630 -1.151508 
15 31  -0.895243 -1.185602 
15 32  -0.808477 -1.214773 
15 33  -0.724084 -1.239459 
15 34  -0.641856 -1.260027 
15 35  -0.561613 -1.276786 
15 36  -0.483203 -1.290000 
15 37  -0.406493 -1.299890 
15 38  -0.331368 -1.306648 
15 39  -0.257726 -1.310436 
15 40  -0.185479 -1.311394 
15 41  -0.114550 -1.309640 
15 42  -0.044869 -1.305276 
15 43  0.023623 -1.298386 
15 44  0.090980 -1.289041 
15 45  0.157250 -1.277301 
15 46  0.222473 -1.263210 
15 47  0.286687 -1.246807 
15 48  0.349924 -1.228115 
15 49  0.412210 -1.207152 
15 50  0.473569 -1.183923 
15 51  0.534022 -1.158427 
15 52  0.593583 -1.130652 
15 53  0.652266 -1.100576 
15 54  0.710078 -1.068168 
15 55  0.767026 -1.033390 
15 56  0.823112 -0.996188 
15 57  0.878332 -0.956502 
15 58  0.932682 -0.914255 
15 59  0.986150 -0.869360 
15 60  1.038722 -0.821713 
15 61  1.090378 -0.771195 
15 62  1.141092 -0.717664 
15 63  1.190833 -0.660959 
15 64  1.239561 -0.600894 
15 65  1.287228 -0.537250 
15 66  1.333776 -0.469774 
15 67  1.379136 -0.398171 
15 68  1.423223 -0.322093 
15 69  1.465936 -0.241131 
15 70  1.507152 -0.154796 
15 71  1.546719 -0.062503 
15 72  1.584453 0.036456 
15 73  1.620124 0.142952 
15 74  1.653443 0.258066 
15 75  1.684043 0.383161 
15 76  1.711446 0.519989 
15 77  1.735021 0.670853 
15 78  1.753912 0.838854 
15 79  1.766921 1.028302 
15 80  1.772310 1.245419 
15 81  1.767432 1.499636 
15 82  1.748000 1.806157 
15 83  1.706462 2.191671 
15 84  1.627805 2.709039 
15 85  1.475949 3.484927 
15 86  1.127258 4.952185 
15 87  -0.758856 11.791112 
16 13  -5.227039 4.471454 
16 14  -3.895177 2.110928 
16 15  -3.326239 1.184029 
16 16  -2.962758 0.642074 
16 17  -2.691261 0.271904 
16 18  -2.471037 -0.002825 
16 19  -2.283240 -0.217397 
16 20  -2.117718 -0.390774 
16 21  -1.968424 -0.534227 
16 22  -1.831481 -0.654964 
16 23  -1.704263 -0.757849 
16 24  -1.584913 -0.846313 
16 25  -1.472072 -0.922859 
16 26  -1.364714 -0.989364 
16 27  -1.262049 -1.047270 
16 28  -1.163455 -1.097709 
16 29  -1.068431 -1.141579 
16 30  -0.976572 -1.179609 
16 31  -0.887543 -1.212395 
16 32  -0.801065 -1.240428 
16 33  -0.716904 -1.264119 
16 34  -0.634859 -1.283812 
16 35  -0.554759 -1.299801 
16 36  -0.476457 -1.312332 
16 37  -0.399826 -1.321617 
16 38  -0.324753 -1.327839 
16 39  -0.251141 -1.331150 
16 40  -0.178904 -1.331686 
16 41  -0.107966 -1.329558 
16 42  -0.038261 -1.324863 
16 43  0.030271 -1.317683 
16 44  0.097682 -1.308086 
16 45  0.164019 -1.296127 
16 46  0.229321 -1.281852 
16 47  0.293626 -1.265294 
16 48  0.356965 -1.246479 
16 49  0.419365 -1.225420 
16 50  0.480850 -1.202125 
16 51  0.541439 -1.176591 
16 52  0.601148 -1.148806 
16 53  0.659991 -1.118749 
16 54  0.717976 -1.086390 
16 55  0.775109 -1.051691 
16 56  0.831393 -1.014602 
16 57  0.886827 -0.975061 
16 58  0.941405 -0.932997 
16 59  0.995119 -0.888324 
16 60  1.047955 -0.840942 
16 61  1.099895 -0.790736 
16 62  1.150916 -0.737571 
16 63  1.200989 -0.681291 
16 64  1.250077 -0.621718 
16 65  1.298136 -0.558643 
16 66  1.345113 -0.491824 
16 67  1.390943 -0.420980 
16 68  1.435549 -0.345782 
16 69  1.478838 -0.265843 
16 70  1.520697 -0.180702 
16 71  1.560987 -0.089812 
16 72  1.599542 0.007490 
16 73  1.636153 0.112011 
16 74  1.670561 0.224747 
16 75  1.702437 0.346945 
16 76  1.731360 0.480196 
16 77  1.756776 0.626567 
16 78  1.777944 0.788806 
16 79  1.793843 0.970680 
16 80  1.803019 1.177521 
16 81  1.803310 1.417223 
16 82  1.791320 1.702118 
16 83  1.761324 2.052938 
16 84  1.702636 2.508232 
16 85  1.592084 3.151358 
16 86  1.364833 4.214932 
16 87  0.701336 6.842804 
17 12  -8.629313 10.548683 
17 13  -4.515665 3.063639 
17 14  -3.673144 1.643504 
17 15  -3.212516 0.929682 
17 16  -2.891983 0.474269 
17 17  -2.642236 0.149043 
17 18  -2.434656 -0.098867 
17 19  -2.254888 -0.295927 
17 20  -2.094791 -0.457122 
17 21  -1.949331 -0.591697 
17 22  -1.815191 -0.705724 
17 23  -1.690079 -0.803391 
17 24  -1.572344 -0.887703 
17 25  -1.460761 -0.960881 
17 26  -1.354397 -1.024609 
17 27  -1.252525 -1.080195 
17 28  -1.154566 -1.128673 
17 29  -1.060056 -1.170870 
17 30  -0.968613 -1.207460 
17 31  -0.879920 -1.238996 
17 32  -0.793713 -1.265940 
17 33  -0.709767 -1.288675 
17 34  -0.627893 -1.307526 
17 35  -0.547926 -1.322770 
17 36  -0.469724 -1.334642 
17 37  -0.393164 -1.343342 
17 38  -0.318138 -1.349042 
17 39  -0.244550 -1.351891 
17 40  -0.172318 -1.352015 
17 41  -0.101368 -1.349522 
17 42  -0.031635 -1.344505 
17 43  0.036940 -1.337041 
17 44  0.104407 -1.327197 
17 45  0.170812 -1.315024 
17 46  0.236196 -1.300567 
17 47  0.300594 -1.283858 
17 48  0.364037 -1.264920 
17 49  0.426552 -1.243767 
17 50  0.488162 -1.220406 
17 51  0.548888 -1.194832 
17 52  0.608746 -1.167036 
17 53  0.667748 -1.136996 
17 54  0.725904 -1.104684 
17 55  0.783222 -1.070061 
17 56  0.839703 -1.033078 
17 57  0.895348 -0.993678 
17 58  0.950153 -0.951789 
17 59  1.004109 -0.907331 
17 60  1.057206 -0.860205 
17 61  1.109427 -0.810300 
17 62  1.160749 -0.757487 
17 63  1.211148 -0.701617 
17 64  1.260588 -0.642517 
17 65  1.309030 -0.579988 
17 66  1.356424 -0.513799 
17 67  1.402711 -0.443683 
17 68  1.447819 -0.369327 
17 69  1.491664 -0.290363 
17 70  1.534140 -0.206359 
17 71  1.575124 -0.116798 
17 72  1.614461 -0.021062 
17 73  1.651963 0.081600 
17 74  1.687397 0.192109 
17 75  1.720469 0.311611 
17 76  1.750803 0.441555 
17 77  1.777913 0.583805 
17 78  1.801155 0.740815 
17 79  1.819651 0.915896 
17 80  1.832174 1.113664 
17 81  1.836937 1.340803 
17 82  1.831211 1.607479 
17 83  1.810556 1.930159 
17 84  1.767112 2.337908 
17 85  1.685144 2.888746 
17 86  1.526412 3.723326 
17 87  1.157110 5.332749 
17 88  -1.026141 13.589952 
18 12  -5.651130 4.928484 
18 13  -4.134591 2.297969 
18 14  -3.511430 1.297864 
18 15  -3.120214 0.720142 
18 16  -2.831231 0.328134 
18 17  -2.598682 0.038370 
18 18  -2.401568 -0.187364 
18 19  -2.228660 -0.369469 
18 20  -2.073304 -0.520016 
18 21  -1.931251 -0.646687 
18 22  -1.799637 -0.754657 
18 23  -1.676441 -0.847561 
18 24  -1.560187 -0.928046 
18 25  -1.449766 -0.998094 
18 26  -1.344325 -1.059226 
18 27  -1.243191 -1.112630 
18 28  -1.145828 -1.159255 
18 29  -1.051799 -1.199863 
18 30  -0.960745 -1.235081 
18 31  -0.872367 -1.265423 
18 32  -0.786414 -1.291321 
18 33  -0.702672 -1.313137 
18 34  -0.620957 -1.331177 
18 35  -0.541113 -1.345703 
18 36  -0.463003 -1.356936 
18 37  -0.386507 -1.365067 
18 38  -0.311521 -1.370262 
18 39  -0.237953 -1.372660 
18 40  -0.165722 -1.372383 
18 41  -0.094756 -1.369534 
18 42  -0.024992 -1.364202 
18 43  0.043629 -1.356461 
18 44  0.111155 -1.346374 
18 45  0.177631 -1.333992 
18 46  0.243098 -1.319356 
18 47  0.307590 -1.302498 
18 48  0.371138 -1.283438 
18 49  0.433769 -1.262192 
18 50  0.495506 -1.238765 
18 51  0.556369 -1.213152 
18 52  0.616375 -1.185344 
18 53  0.675537 -1.155319 
18 54  0.733864 -1.123050 
18 55  0.791365 -1.088499 
18 56  0.848043 -1.051619 
18 57  0.903897 -1.012354 
18 58  0.958926 -0.970635 
18 59  1.013123 -0.926382 
18 60  1.066477 -0.879503 
18 61  1.118973 -0.829889 
18 62  1.170593 -0.777416 
18 63  1.221310 -0.721940 
18 64  1.271096 -0.663296 
18 65  1.319912 -0.601293 
18 66  1.367712 -0.535709 
18 67  1.414443 -0.466291 
18 68  1.460039 -0.392740 
18 69  1.504420 -0.314708 
18 70  1.547492 -0.231786 
18 71  1.589139 -0.143488 
18 72  1.629224 -0.049235 
18 73  1.667573 0.051675 
18 74  1.703977 0.160095 
18 75  1.738171 0.277081 
18 76  1.769822 0.403958 
18 77  1.798499 0.542415 
18 78  1.823638 0.694653 
18 79  1.844483 0.863606 
18 80  1.859989 1.053301 
18 81  1.868664 1.269460 
18 82  1.868283 1.520577 
18 83  1.855342 1.819980 
18 84  1.823903 2.190187 
18 85  1.762815 2.673354 
18 86  1.647680 3.361508 
18 87  1.409208 4.515489 
18 88  0.693243 7.466233 
19 11  -9.965236 12.461627 
19 12  -4.823551 3.342225 
19 13  -3.886203 1.791150 
19 14  -3.386191 1.026046 
19 15  -3.043033 0.542278 
19 16  -2.778164 0.198618 
19 17  -2.559543 -0.062470 
19 18  -2.371235 -0.269562 
19 19  -2.204254 -0.438746 
19 20  -2.053075 -0.579899 
19 21  -1.914072 -0.699488 
19 22  -1.784743 -0.801959 
19 23  -1.663297 -0.890493 
19 24  -1.548407 -0.967438 
19 25  -1.439062 -1.034570 
19 26  -1.334479 -1.093267 
19 27  -1.234034 -1.144616 
19 28  -1.137228 -1.189485 
19 29  -1.043651 -1.228583 
19 30  -0.952963 -1.262490 
19 31  -0.864881 -1.291689 
19 32  -0.779166 -1.316584 
19 33  -0.695614 -1.337516 
19 34  -0.614048 -1.354773 
19 35  -0.534318 -1.368604 
19 36  -0.456292 -1.379218 
19 37  -0.379854 -1.386799 
19 38  -0.304903 -1.391501 
19 39  -0.231350 -1.393461 
19 40  -0.159115 -1.392793 
19 41  -0.088129 -1.389597 
19 42  -0.018330 -1.383957 
19 43  0.050339 -1.375944 
19 44  0.117926 -1.365620 
19 45  0.184476 -1.353032 
19 46  0.250027 -1.338220 
19 47  0.314615 -1.321214 
19 48  0.378269 -1.302036 
19 49  0.441017 -1.280697 
19 50  0.502881 -1.257203 
19 51  0.563882 -1.231551 
19 52  0.624037 -1.203729 
19 53  0.683358 -1.173717 
19 54  0.741856 -1.141489 
19 55  0.799540 -1.107007 
19 56  0.856412 -1.070225 
19 57  0.912475 -1.031090 
19 58  0.967726 -0.989534 
19 59  1.022160 -0.945481 
19 60  1.075768 -0.898840 
19 61  1.128537 -0.849507 
19 62  1.180448 -0.797361 
19 63  1.231479 -0.742265 
19 64  1.281603 -0.684060 
19 65  1.330785 -0.622563 
19 66  1.378982 -0.557561 
19 67  1.426145 -0.488812 
19 68  1.472213 -0.416033 
19 69  1.517114 -0.338891 
19 70  1.560760 -0.257001 
19 71  1.603046 -0.169905 
19 72  1.643845 -0.077056 
19 73  1.683001 0.022199 
19 74  1.720324 0.128654 
19 75  1.755576 0.243285 
19 76  1.788458 0.367308 
19 77  1.818590 0.502262 
19 78  1.845475 0.650129 
19 79  1.868457 0.813524 
19 80  1.886640 0.995987 
19 81  1.898768 1.202463 
19 82  1.903006 1.440134 
19 83  1.896545 1.719966 
19 84  1.874796 2.059803 
19 85  1.829591 2.491328 
19 86  1.744452 3.078303 
19 87  1.578871 3.977179 
19 88  1.187933 5.746819 
19 89  -1.378020 15.896513 
20 11  -6.125766 5.443614 
20 12  -4.390878 2.499957 
20 13  -3.706810 1.419335 
20 14  -3.285040 0.803075 
20 15  -2.977016 0.387822 
20 16  -2.731152 0.082196 
20 17  -2.524034 -0.155234 
20 18  -2.343234 -0.346437 
20 19  -2.181426 -0.504340 
20 20  -2.033956 -0.637142 
20 21  -1.897695 -0.750342 
20 22  -1.770445 -0.847798 
20 23  -1.650604 -0.932308 
20 24  -1.536972 -1.005966 
20 25  -1.428626 -1.070373 
20 26  -1.324842 -1.126782 
20 27  -1.225042 -1.176188 
20 28  -1.128758 -1.219392 
20 29  -1.035604 -1.257052 
20 30  -0.945260 -1.289707 
20 31  -0.857457 -1.317810 
20 32  -0.771965 -1.341741 
20 33  -0.688590 -1.361820 
20 34  -0.607163 -1.378322 
20 35  -0.527539 -1.391479 
20 36  -0.449589 -1.401494 
20 37  -0.373202 -1.408540 
20 38  -0.298281 -1.412764 
20 39  -0.224738 -1.414296 
20 40  -0.152496 -1.413247 
20 41  -0.081487 -1.409711 
20 42  -0.011649 -1.403770 
20 43  0.057070 -1.395492 
20 44  0.124721 -1.384934 
20 45  0.191346 -1.372144 
20 46  0.256984 -1.357160 
20 47  0.321669 -1.340009 
20 48  0.385431 -1.320712 
20 49  0.448296 -1.299282 
20 50  0.510289 -1.275722 
20 51  0.571428 -1.250029 
20 52  0.631731 -1.222192 
20 53  0.691212 -1.192192 
20 54  0.749880 -1.160001 
20 55  0.807745 -1.125585 
20 56  0.864812 -1.088898 
20 57  0.921081 -1.049888 
20 58  0.976553 -1.008489 
20 59  1.031222 -0.964628 
20 60  1.085081 -0.918216 
20 61  1.138118 -0.869154 
20 62  1.190317 -0.817325 
20 63  1.241656 -0.762596 
20 64  1.292112 -0.704814 
20 65  1.341652 -0.643803 
20 66  1.390236 -0.579362 
20 67  1.437820 -0.511256 
20 68  1.484348 -0.439216 
20 69  1.529752 -0.362927 
20 70  1.573952 -0.282022 
20 71  1.616853 -0.196069 
20 72  1.658337 -0.104554 
20 73  1.698264 -0.006866 
20 74  1.736460 0.097738 
20 75  1.772711 0.210161 
20 76  1.806749 0.331523 
20 77  1.838236 0.463228 
20 78  1.866735 0.607074 
20 79  1.891671 0.765404 
20 80  1.912273 0.941350 
20 81  1.927474 1.139220 
20 82  1.935747 1.365155 
20 83  1.934807 1.628302 
20 84  1.921044 1.943074 
20 85  1.888307 2.333952 
20 86  1.824977 2.847082 
20 87  1.705390 3.584215 
20 88  1.455493 4.838506 
20 89  0.681683 8.166593 
21 10  -11.736475 15.017367 
21 11  -5.158511 3.647593 
21 12  -4.112552 1.949531 
21 13  -3.568750 1.128615 
21 14  -3.200807 0.614471 
21 15  -2.919530 0.251268 
21 16  -2.689014 -0.023685 
21 17  -2.491554 -0.241269 
21 18  -2.317231 -0.418762 
21 19  -2.159975 -0.566727 
21 20  -2.015820 -0.692053 
21 21  -1.882040 -0.799460 
21 22  -1.756687 -0.892319 
21 23  -1.638322 -0.973109 
21 24  -1.525854 -1.043707 
21 25  -1.418437 -1.105561 
21 26  -1.315399 -1.159814 
21 27  -1.216203 -1.207381 
21 28  -1.120409 -1.249003 
21 29  -1.027653 -1.285289 
21 30  -0.937632 -1.316747 
21 31  -0.850090 -1.343798 
21 32  -0.764807 -1.366801 
21 33  -0.681598 -1.386058 
21 34  -0.600300 -1.401829 
21 35  -0.520773 -1.414335 
21 36  -0.442893 -1.423769 
21 37  -0.366552 -1.430294 
21 38  -0.291655 -1.434053 
21 39  -0.218117 -1.435168 
21 40  -0.145863 -1.433747 
21 41  -0.074828 -1.429880 
21 42  -0.004949 -1.423644 
21 43  0.063824 -1.415105 
21 44  0.131541 -1.404319 
21 45  0.198243 -1.391330 
21 46  0.263969 -1.376176 
21 47  0.328752 -1.358882 
21 48  0.392623 -1.339468 
21 49  0.455607 -1.317947 
21 50  0.517728 -1.294321 
21 51  0.579006 -1.268587 
21 52  0.639458 -1.240734 
21 53  0.699098 -1.210743 
21 54  0.757937 -1.178588 
21 55  0.815983 -1.144234 
21 56  0.873242 -1.107638 
21 57  0.929717 -1.068748 
21 58  0.985407 -1.027501 
21 59  1.040309 -0.983825 
21 60  1.094416 -0.937635 
21 61  1.147718 -0.888835 
21 62  1.200200 -0.837311 
21 63  1.251843 -0.782936 
21 64  1.302625 -0.725562 
21 65  1.352515 -0.665020 
21 66  1.401479 -0.601117 
21 67  1.449473 -0.533629 
21 68  1.496447 -0.462299 
21 69  1.542340 -0.386827 
21 70  1.587076 -0.306864 
21 71  1.630569 -0.222001 
21 72  1.672712 -0.131754 
21 73  1.713375 -0.035549 
21 74  1.752402 0.067307 
21 75  1.789599 0.177654 
21 76  1.824727 0.296526 
21 77  1.857481 0.425212 
21 78  1.887476 0.565346 
21 79  1.914209 0.719039 
21 80  1.937009 0.889079 
21 81  1.954967 1.079249 
21 82  1.966796 1.294849 
21 83  1.970621 1.543601 
21 84  1.963552 1.837341 
21 85  1.940855 2.195422 
21 86  1.894053 2.652415 
21 87  1.805912 3.278480 
21 88  1.633550 4.247972 
21 89  1.219892 6.198954 
21 90  -1.857979 18.968765 
22 10  -6.660942 6.028302 
22 11  -4.665975 2.718565 
22 12  -3.913291 1.549086 
22 13  -3.457801 0.891205 
22 14  -3.129012 0.451169 
22 15  -2.868745 0.128780 
22 16  -2.650875 -0.120925 
22 17  -2.461634 -0.321621 
22 18  -2.292955 -0.487163 
22 19  -2.139736 -0.626304 
22 20  -1.998560 -0.744893 
22 21  -1.867034 -0.847021 
22 22  -1.743419 -0.935650 
22 23  -1.626416 -1.012989 
22 24  -1.515029 -1.080728 
22 25  -1.408476 -1.140183 
22 26  -1.306136 -1.192401 
22 27  -1.207506 -1.238224 
22 28  -1.112172 -1.278339 
22 29  -1.019790 -1.313315 
22 30  -0.930073 -1.343625 
22 31  -0.842776 -1.369665 
22 32  -0.757690 -1.391774 
22 33  -0.674636 -1.410238 
22 34  -0.593457 -1.425302 
22 35  -0.514019 -1.437177 
22 36  -0.436202 -1.446045 
22 37  -0.359900 -1.452065 
22 38  -0.285023 -1.455370 
22 39  -0.211486 -1.456080 
22 40  -0.139218 -1.454295 
22 41  -0.068152 -1.450103 
22 42  0.001770 -1.443579 
22 43  0.070600 -1.434785 
22 44  0.138385 -1.423775 
22 45  0.205166 -1.410591 
22 46  0.270982 -1.395268 
22 47  0.335865 -1.377833 
22 48  0.399845 -1.358304 
22 49  0.462950 -1.336692 
22 50  0.525200 -1.313000 
22 51  0.586617 -1.287225 
22 52  0.647218 -1.259355 
22 53  0.707017 -1.229372 
22 54  0.766026 -1.197251 
22 55  0.824253 -1.162956 
22 56  0.881704 -1.126447 
22 57  0.938383 -1.087672 
22 58  0.994290 -1.046571 
22 59  1.049422 -1.003074 
22 60  1.103775 -0.957098 
22 61  1.157338 -0.908550 
22 62  1.210099 -0.857321 
22 63  1.262041 -0.803288 
22 64  1.313143 -0.746308 
22 65  1.363377 -0.686218 
22 66  1.412712 -0.622834 
22 67  1.461107 -0.555941 
22 68  1.508516 -0.485292 
22 69  1.554883 -0.410602 
22 70  1.600139 -0.331540 
22 71  1.644203 -0.247718 
22 72  1.686979 -0.158679 
22 73  1.728349 -0.063882 
22 74  1.768169 0.037321 
22 75  1.806264 0.145713 
22 76  1.842419 0.262251 
22 77  1.876363 0.388122 
22 78  1.907752 0.524818 
22 79  1.936143 0.674249 
22 80  1.960953 0.838912 
22 81  1.981398 1.022150 
22 82  1.996391 1.228575 
22 83  2.004370 1.464781 
22 84  2.002996 1.740623 
22 85  1.988553 2.071700 
22 86  1.954685 2.484648 
22 87  1.889300 3.030046 
22 88  1.765427 3.820573 
22 89  1.503937 5.186530 
22 90  0.665991 8.959075 
23 9  -14.210090 18.611564 
23 10  -5.524431 3.983547 
23 11  -4.353537 2.119697 
23 12  -3.760932 1.237869 
23 13  -3.365792 0.691116 
23 14  -3.066690 0.307157 
23 15  -2.823343 0.017595 
23 16  -2.616067 -0.210973 
23 17  -2.433905 -0.397122 
23 18  -2.270187 -0.552151 
23 19  -2.120571 -0.683400 
23 20  -1.982087 -0.795887 
23 21  -1.852616 -0.893180 
23 22  -1.730599 -0.977901 
23 23  -1.614856 -1.052029 
23 24  -1.504473 -1.117091 
23 25  -1.398728 -1.174288 
23 26  -1.297041 -1.224580 
23 27  -1.198942 -1.268746 
23 28  -1.104040 -1.307425 
23 29  -1.012010 -1.341146 
23 30  -0.922578 -1.370354 
23 31  -0.835511 -1.395423 
23 32  -0.750609 -1.416670 
23 33  -0.667700 -1.434367 
23 34  -0.586632 -1.448746 
23 35  -0.507276 -1.460009 
23 36  -0.429515 -1.468329 
23 37  -0.353248 -1.473856 
23 38  -0.278385 -1.476720 
23 39  -0.204845 -1.477033 
23 40  -0.132557 -1.474894 
23 41  -0.061458 -1.470384 
23 42  0.008510 -1.463577 
23 43  0.077399 -1.454533 
23 44  0.145254 -1.443302 
23 45  0.212116 -1.429926 
23 46  0.278023 -1.414439 
23 47  0.343008 -1.396865 
23 48  0.407099 -1.377222 
23 49  0.470324 -1.355520 
23 50  0.532705 -1.331762 
23 51  0.594262 -1.305944 
23 52  0.655012 -1.278056 
23 53  0.714970 -1.248080 
23 54  0.774148 -1.215989 
23 55  0.832555 -1.181751 
23 56  0.890197 -1.145325 
23 57  0.947079 -1.106661 
23 58  1.003201 -1.065701 
23 59  1.058562 -1.022376 
23 60  1.113158 -0.976607 
23 61  1.166980 -0.928303 
23 62  1.220016 -0.877359 
23 63  1.272252 -0.823656 
23 64  1.323669 -0.767056 
23 65  1.374240 -0.707403 
23 66  1.423938 -0.644518 
23 67  1.472725 -0.578197 
23 68  1.520559 -0.508203 
23 69  1.567386 -0.434264 
23 70  1.613146 -0.356065 
23 71  1.657763 -0.273237 
23 72  1.701149 -0.185349 
23 73  1.743196 -0.091890 
23 74  1.783775 0.007747 
23 75  1.822725 0.114294 
23 76  1.859853 0.228640 
23 77  1.894916 0.351880 
23 78  1.927607 0.485381 
23 79  1.957536 0.630881 
23 80  1.984192 0.790624 
23 81  2.006896 0.967587 
23 82  2.024722 1.165813 
23 83  2.036360 1.390984 
23 84  2.039892 1.651410 
23 85  2.032356 1.959874 
23 86  2.008875 2.337382 
23 87  1.960666 2.821699 
23 88  1.869731 3.490134 
23 89  1.690702 4.537393 
23 90  1.253177 6.694590 
23 91  -2.545496 23.277402 
24 9  -7.269481 6.697258 
24 10  -4.962122 2.955731 
24 11  -4.131896 1.687844 
24 12  -3.639117 0.984905 
24 13  -3.287650 0.518393 
24 14  -3.011787 0.178263 
24 15  -2.782347 -0.084343 
24 16  -2.584070 -0.294957 
24 17  -2.408067 -0.468444 
24 18  -2.248742 -0.614148 
24 19  -2.102362 -0.738295 
24 20  -1.966321 -0.845225 
24 21  -1.838733 -0.938072 
24 22  -1.718190 -1.019171 
24 23  -1.603615 -1.090302 
24 24  -1.494167 -1.152850 
24 25  -1.389176 -1.207915 
24 26  -1.288102 -1.256382 
24 27  -1.190502 -1.298972 
24 28  -1.096006 -1.336279 
24 29  -1.004307 -1.368799 
24 30  -0.915144 -1.396949 
24 31  -0.828293 -1.421082 
24 32  -0.743563 -1.441497 
24 33  -0.660788 -1.458452 
24 34  -0.579823 -1.472168 
24 35  -0.500541 -1.482837 
24 36  -0.422831 -1.490623 
24 37  -0.346593 -1.495671 
24 38  -0.271739 -1.498104 
24 39  -0.198193 -1.498030 
24 40  -0.125883 -1.495544 
24 41  -0.054747 -1.490724 
24 42  0.015271 -1.483640 
24 43  0.084221 -1.474350 
24 44  0.152148 -1.462902 
24 45  0.219093 -1.449338 
24 46  0.285093 -1.433688 
24 47  0.350180 -1.415976 
24 48  0.414384 -1.396220 
24 49  0.477730 -1.374429 
24 50  0.540242 -1.350605 
24 51  0.601939 -1.324745 
24 52  0.662839 -1.296838 
24 53  0.722956 -1.266866 
24 54  0.782303 -1.234804 
24 55  0.840890 -1.200619 
24 56  0.898722 -1.164273 
24 57  0.955806 -1.125716 
24 58  1.012142 -1.084891 
24 59  1.067730 -1.041733 
24 60  1.122566 -0.996164 
24 61  1.176643 -0.948096 
24 62  1.229952 -0.897427 
24 63  1.282478 -0.844042 
24 64  1.334204 -0.787809 
24 65  1.385107 -0.728577 
24 66  1.435160 -0.666175 
24 67  1.484331 -0.600404 
24 68  1.532578 -0.531040 
24 69  1.579855 -0.457823 
24 70  1.626103 -0.380450 
24 71  1.671256 -0.298574 
24 72  1.715231 -0.211784 
24 73  1.757930 -0.119599 
24 74  1.799234 -0.021447 
24 75  1.839000 0.083355 
24 76  1.877052 0.195637 
24 77  1.913170 0.316412 
24 78  1.947083 0.446938 
24 79  1.978443 0.588798 
24 80  2.006801 0.744024 
24 81  2.031569 0.915277 
24 82  2.051949 1.106129 
24 83  2.066837 1.321518 
24 84  2.074642 1.568528 
24 85  2.072971 1.857784 
24 86  2.058009 2.206181 
24 87  2.023199 2.642733 
24 88  1.955978 3.222943 
24 89  1.828032 4.071815 
24 90  1.554826 5.562510 
24 91  0.645309 9.863174 
25 8  -17.931020 24.051961 
25 9  -5.925982 4.354656 
25 10  -4.610693 2.302842 
25 11  -3.963559 1.354343 
25 12  -3.538525 0.772509 
25 13  -3.220031 0.366467 
25 14  -2.962829 0.061489 
25 15  -2.745014 -0.178596 
25 16  -2.554474 -0.373772 
25 17  -2.383877 -0.536133 
25 18  -2.228468 -0.673508 
25 19  -2.085009 -0.791227 
25 20  -1.951196 -0.893072 
25 21  -1.825337 -0.981816 
25 22  -1.706156 -1.059547 
25 23  -1.592667 -1.127872 
25 24  -1.484092 -1.188055 
25 25  -1.379808 -1.241105 
25 26  -1.279309 -1.287838 
25 27  -1.182177 -1.328925 
25 28  -1.088064 -1.364920 
25 29  -0.996676 -1.396288 
25 30  -0.907765 -1.423421 
25 31  -0.821117 -1.446651 
25 32  -0.736549 -1.466263 
25 33  -0.653899 -1.482500 
25 34  -0.573028 -1.495573 
25 35  -0.493814 -1.505664 
25 36  -0.416148 -1.512931 
25 37  -0.339934 -1.517512 
25 38  -0.265086 -1.519525 
25 39  -0.191528 -1.519074 
25 40  -0.119192 -1.516247 
25 41  -0.048017 -1.511123 
25 42  0.022053 -1.503768 
25 43  0.091066 -1.494237 
25 44  0.159068 -1.482577 
25 45  0.226098 -1.468826 
25 46  0.292192 -1.453016 
25 47  0.357384 -1.435169 
25 48  0.421701 -1.415301 
25 49  0.485169 -1.393421 
25 50  0.547812 -1.369531 
25 51  0.609650 -1.343628 
25 52  0.670700 -1.315701 
25 53  0.730977 -1.285732 
25 54  0.790492 -1.253696 
25 55  0.849258 -1.219562 
25 56  0.907280 -1.183292 
25 57  0.964564 -1.144838 
25 58  1.021112 -1.104144 
25 59  1.076925 -1.061147 
25 60  1.131999 -1.015771 
25 61  1.186330 -0.967930 
25 62  1.239907 -0.917528 
25 63  1.292719 -0.864451 
25 64  1.344750 -0.808572 
25 65  1.395979 -0.749747 
25 66  1.446381 -0.687809 
25 67  1.495927 -0.622569 
25 68  1.544578 -0.553812 
25 69  1.592293 -0.481287 
25 70  1.639017 -0.404708 
25 71  1.684688 -0.323742 
25 72  1.729232 -0.238002 
25 73  1.772559 -0.147030 
25 74  1.814560 -0.050290 
25 75  1.855106 0.052861 
25 76  1.894035 0.163196 
25 77  1.931153 0.281656 
25 78  1.966214 0.409401 
25 79  1.998910 0.547883 
25 80  2.028847 0.698945 
25 81  2.055508 0.864980 
25 82  2.078207 1.049162 
25 83  2.096003 1.255818 
25 84  2.107565 1.491044 
25 85  2.110938 1.763785 
25 86  2.103091 2.087857 
25 87  2.079011 2.486084 
25 88  2.029616 2.999765 
25 89  1.936134 3.714220 
25 90  1.750611 4.847364 
25 91  1.288018 7.240256 
25 92  -3.603028 29.783158 
26 8  -7.968116 7.469678 
26 9  -5.281933 3.213719 
26 10  -4.363779 1.836427 
26 11  -3.829676 1.084587 
26 12  -3.453402 0.589737 
26 13  -3.160629 0.230797 
26 14  -2.918726 -0.045386 
26 15  -2.710767 -0.266379 
26 16  -2.526949 -0.448136 
26 17  -2.361132 -0.600643 
26 18  -2.209238 -0.730529 
26 19  -2.068428 -0.842399 
26 20  -1.936652 -0.939574 
26 21  -1.812387 -1.024516 
26 22  -1.694469 -1.099105 
26 23  -1.581991 -1.164797 
26 24  -1.474232 -1.222749 
26 25  -1.370611 -1.273890 
26 26  -1.270651 -1.318974 
26 27  -1.173960 -1.358627 
26 28  -1.080207 -1.393366 
26 29  -0.989113 -1.423628 
26 30  -0.900439 -1.449781 
26 31  -0.813982 -1.472140 
26 32  -0.729563 -1.490975 
26 33  -0.647030 -1.506516 
26 34  -0.566246 -1.518965 
26 35  -0.487093 -1.528496 
26 36  -0.409466 -1.535258 
26 37  -0.333270 -1.539383 
26 38  -0.258423 -1.540986 
26 39  -0.184851 -1.540165 
26 40  -0.112486 -1.537007 
26 41  -0.041268 -1.531585 
26 42  0.028856 -1.523963 
26 43  0.097935 -1.514195 
26 44  0.166013 -1.502326 
26 45  0.233130 -1.488392 
26 46  0.299320 -1.472424 
26 47  0.364617 -1.454443 
26 48  0.429049 -1.434464 
26 49  0.492641 -1.412495 
26 50  0.555416 -1.388540 
26 51  0.617395 -1.362594 
26 52  0.678595 -1.334645 
26 53  0.739031 -1.304677 
26 54  0.798715 -1.272666 
26 55  0.857659 -1.238581 
26 56  0.915870 -1.202383 
26 57  0.973354 -1.164027 
26 58  1.030113 -1.123460 
26 59  1.086149 -1.080618 
26 60  1.141460 -1.035428 
26 61  1.196040 -0.987809 
26 62  1.249883 -0.937663 
26 63  1.302977 -0.884884 
26 64  1.355308 -0.829348 
26 65  1.406858 -0.770915 
26 66  1.457603 -0.709426 
26 67  1.507516 -0.644698 
26 68  1.556563 -0.576524 
26 69  1.604704 -0.504666 
26 70  1.651891 -0.428849 
26 71  1.698066 -0.348756 
26 72  1.743161 -0.264019 
26 73  1.787093 -0.174205 
26 74  1.829764 -0.078808 
26 75  1.871056 0.022777 
26 76  1.910823 0.131273 
26 77  1.948888 0.247554 
26 78  1.985033 0.372696 
26 79  2.018981 0.508031 
26 80  2.050385 0.655241 
26 81  2.078792 0.816488 
26 82  2.103606 0.994609 
26 83  2.124022 1.193419 
26 84  2.138918 1.418211 
26 85  2.146678 1.676599 
26 86  2.144861 1.980049 
26 87  2.129561 2.346873 
26 88  2.094024 2.808708 
26 89  2.025223 3.426547 
26 90  1.893476 4.339329 
26 91  1.608490 5.969888 
26 92  0.618513 10.904329 
27 7  -24.212575 33.285972 
27 8  -6.368821 4.766461 
27 9  -4.885774 2.500338 
27 10  -4.177551 1.478637 
27 11  -3.719597 0.858978 
27 12  -3.379975 0.429401 
27 13  -3.107795 0.108129 
27 14  -2.878651 -0.144049 
27 15  -2.679151 -0.348652 
27 16  -2.501224 -0.518635 
27 17  -2.339666 -0.662350 
27 18  -2.190941 -0.785465 
27 19  -2.052543 -0.891989 
27 20  -1.922639 -0.984855 
27 21  -1.799847 -1.066265 
27 22  -1.683102 -1.137914 
27 23  -1.571567 -1.201131 
27 24  -1.464572 -1.256974 
27 25  -1.361573 -1.306302 
27 26  -1.262121 -1.349816 
27 27  -1.165845 -1.388097 
27 28  -1.072431 -1.421632 
27 29  -0.981612 -1.450830 
27 30  -0.893161 -1.476040 
27 31  -0.806883 -1.497558 
27 32  -0.722605 -1.515641 
27 33  -0.640179 -1.530508 
27 34  -0.559475 -1.542351 
27 35  -0.480377 -1.551335 
27 36  -0.402783 -1.557605 
27 37  -0.326601 -1.561286 
27 38  -0.251751 -1.562489 
27 39  -0.178160 -1.561307 
27 40  -0.105763 -1.557823 
27 41  -0.034500 -1.552109 
27 42  0.035681 -1.544226 
27 43  0.104829 -1.534225 
27 44  0.172985 -1.522150 
27 45  0.240190 -1.508037 
27 46  0.306478 -1.491912 
27 47  0.371882 -1.473799 
27 48  0.436429 -1.453710 
27 49  0.500145 -1.431654 
27 50  0.563053 -1.407633 
27 51  0.625174 -1.381643 
27 52  0.686524 -1.353672 
27 53  0.747119 -1.323704 
27 54  0.806973 -1.291715 
27 55  0.866095 -1.257675 
27 56  0.924494 -1.221547 
27 57  0.982176 -1.183286 
27 58  1.039145 -1.142840 
27 59  1.095403 -1.100148 
27 60  1.150947 -1.055139 
27 61  1.205776 -1.007732 
27 62  1.259881 -0.957836 
27 63  1.313254 -0.905345 
27 64  1.365881 -0.850140 
27 65  1.417745 -0.792086 
27 66  1.468827 -0.731030 
27 67  1.519101 -0.666796 
27 68  1.568535 -0.599185 
27 69  1.617093 -0.527968 
27 70  1.664731 -0.452883 
27 71  1.711395 -0.373627 
27 72  1.757023 -0.289850 
27 73  1.801541 -0.201143 
27 74  1.844857 -0.107024 
27 75  1.886864 -0.006927 
27 76  1.927431 0.099827 
27 77  1.966397 0.214055 
27 78  2.003567 0.336754 
27 79  2.038693 0.469151 
27 80  2.071466 0.612787 
27 81  2.101489 0.769624 
27 82  2.128243 0.942209 
27 83  2.151034 1.133930 
27 84  2.168911 1.349419 
27 85  2.180524 1.595219 
27 86  2.183885 1.880965 
27 87  2.175900 2.221607 
27 88  2.151430 2.641963 
27 89  2.101103 3.187258 
27 90  2.005374 3.951807 
27 91  1.813603 5.180089 
27 92  1.324690 7.843865 
27 93  -5.422599 40.801963 
28 7  -8.779094 8.371096 
28 8  -5.628468 3.495182 
28 9  -4.610242 1.995764 
28 10  -4.030242 1.190710 
28 11  -3.626787 0.665467 
28 12  -3.315654 0.286552 
28 13  -3.060311 -0.003942 
28 14  -2.841965 -0.235808 
28 15  -2.649802 -0.426186 
28 16  -2.477079 -0.585754 
28 17  -2.319337 -0.721573 
28 18  -2.173483 -0.838533 
28 19  -2.037292 -0.940150 
28 20  -1.909112 -1.029027 
28 21  -1.787684 -1.107144 
28 22  -1.672032 -1.176037 
28 23  -1.561378 -1.236919 
28 24  -1.455099 -1.290766 
28 25  -1.352683 -1.338370 
28 26  -1.253709 -1.380385 
28 27  -1.157824 -1.417354 
28 28  -1.064729 -1.449733 
28 29  -0.974170 -1.477908 
28 30  -0.885929 -1.502207 
28 31  -0.799818 -1.522913 
28 32  -0.715671 -1.540267 
28 33  -0.633345 -1.554480 
28 34  -0.552713 -1.565734 
28 35  -0.473664 -1.574187 
28 36  -0.396097 -1.579977 
28 37  -0.319925 -1.583225 
28 38  -0.245068 -1.584036 
28 39  -0.171455 -1.582500 
28 40  -0.099022 -1.578698 
28 41  -0.027711 -1.572698 
28 42  0.042529 -1.564558 
28 43  0.111747 -1.554329 
28 44  0.179984 -1.542052 
28 45  0.247278 -1.527760 
28 46  0.313666 -1.511482 
28 47  0.379177 -1.493237 
28 48  0.443841 -1.473040 
28 49  0.507682 -1.450897 
28 50  0.570724 -1.426810 
28 51  0.632987 -1.400775 
28 52  0.694488 -1.372781 
28 53  0.755242 -1.342811 
28 54  0.815264 -1.310843 
28 55  0.874564 -1.276846 
28 56  0.933151 -1.240785 
28 57  0.991031 -1.202615 
28 58  1.048209 -1.162287 
28 59  1.104686 -1.119739 
28 60  1.160463 -1.074904 
28 61  1.215537 -1.027703 
28 62  1.269902 -0.978048 
28 63  1.323550 -0.925835 
28 64  1.376469 -0.870951 
28 65  1.428644 -0.813264 
28 66  1.480057 -0.752626 
28 67  1.530684 -0.688869 
28 68  1.580497 -0.621800 
28 69  1.629463 -0.551201 
28 70  1.677540 -0.476819 
28 71  1.724680 -0.398368 
28 72  1.770827 -0.315511 
28 73  1.815910 -0.227861 
28 74  1.859849 -0.134962 
28 75  1.902543 -0.036280 
28 76  1.943876 0.068824 
28 77  1.983701 0.181112 
28 78  2.021841 0.301512 
28 79  2.058077 0.431161 
28 80  2.092134 0.571471 
28 81  2.123659 0.724231 
28 82  2.152200 0.891740 
28 83  2.177156 1.077024 
28 84  2.197715 1.284164 
28 85  2.212743 1.518832 
28 86  2.220601 1.789219 
28 87  2.218806 2.107705 
28 88  2.203368 2.494161 
28 89  2.167351 2.983122 
28 90  2.097271 3.641716 
28 91  1.962062 4.624685 
28 92  1.665317 6.412696 
28 93  0.584105 12.116376 
29 6  -37.235433 52.514388 
29 7  -6.859868 5.225746 
29 8  -5.180797 2.713761 
29 9  -4.403938 1.611426 
29 10  -3.909658 0.950887 
29 11  -3.546985 0.496178 
29 12  -3.258589 0.157657 
29 13  -3.017259 -0.107236 
29 14  -2.808164 -0.321695 
29 15  -2.622421 -0.499611 
29 16  -2.454328 -0.649896 
29 17  -2.300025 -0.778583 
29 18  -2.156784 -0.889922 
29 19  -2.022618 -0.987015 
29 20  -1.896029 -1.072188 
29 21  -1.775869 -1.147227 
29 22  -1.661235 -1.213528 
29 23  -1.551407 -1.272206 
29 24  -1.445799 -1.324158 
29 25  -1.343933 -1.370122 
29 26  -1.245409 -1.410704 
29 27  -1.149892 -1.446416 
29 28  -1.057098 -1.477683 
29 29  -0.966784 -1.504872 
29 30  -0.878739 -1.528292 
29 31  -0.792784 -1.548211 
29 32  -0.708759 -1.564860 
29 33  -0.626525 -1.578438 
29 34  -0.545959 -1.589119 
29 35  -0.466953 -1.597054 
29 36  -0.389409 -1.602377 
29 37  -0.313242 -1.605202 
29 38  -0.238375 -1.605629 
29 39  -0.164736 -1.603748 
29 40  -0.092264 -1.599634 
29 41  -0.020902 -1.593353 
29 42  0.049400 -1.584961 
29 43  0.118690 -1.574507 
29 44  0.187009 -1.562030 
29 45  0.254395 -1.547564 
29 46  0.320883 -1.531134 
29 47  0.386504 -1.512760 
29 48  0.451285 -1.492454 
29 49  0.515252 -1.470224 
29 50  0.578429 -1.446072 
29 51  0.640834 -1.419992 
29 52  0.702486 -1.391974 
29 53  0.763400 -1.362001 
29 54  0.823591 -1.330051 
29 55  0.883068 -1.296095 
29 56  0.941842 -1.260097 
29 57  0.999919 -1.222015 
29 58  1.057304 -1.181799 
29 59  1.114000 -1.139392 
29 60  1.170008 -1.094725 
29 61  1.225325 -1.047724 
29 62  1.279947 -0.998301 
29 63  1.333866 -0.946358 
29 64  1.387074 -0.891784 
29 65  1.439555 -0.834451 
29 66  1.491294 -0.774218 
29 67  1.542268 -0.710921 
29 68  1.592453 -0.644375 
29 69  1.641817 -0.574371 
29 70  1.690323 -0.500667 
29 71  1.737928 -0.422988 
29 72  1.784577 -0.341013 
29 73  1.830209 -0.254375 
29 74  1.874748 -0.162642 
29 75  1.918104 -0.065307 
29 76  1.960171 0.038230 
29 77  2.000816 0.148683 
29 78  2.039879 0.266917 
29 79  2.077165 0.393987 
29 80  2.112426 0.531194 
29 81  2.145354 0.680174 
29 82  2.175548 0.843012 
29 83  2.202489 1.022423 
29 84  2.225477 1.222026 
29 85  2.243554 1.446779 
29 86  2.255356 1.703713 
29 87  2.258867 2.003214 
29 88  2.250939 2.361469 
29 89  2.226314 2.805498 
29 90  2.175347 3.384889 
29 91  2.077730 4.204093 
29 92  1.880053 5.538101 
29 93  1.363528 8.515104 
29 94  -9.253230 63.707269 
30 6  -9.732667 9.436239 
30 7  -6.005342 3.803255 
30 8  -4.872763 2.166909 
30 9  -4.241662 1.303789 
30 10  -3.808372 0.745878 
30 11  -3.477278 0.345715 
30 12  -3.207425 0.040112 
30 13  -2.977927 -0.203162 
30 14  -2.776842 -0.402538 
30 15  -2.596765 -0.569443 
30 16  -2.432817 -0.711402 
30 17  -2.281626 -0.833611 
30 18  -2.140774 -0.939794 
30 19  -2.008470 -1.032703 
30 20  -1.883356 -1.114425 
30 21  -1.764376 -1.186579 
30 22  -1.650693 -1.250439 
30 23  -1.541638 -1.307030 
30 24  -1.436662 -1.357182 
30 25  -1.335313 -1.401580 
30 26  -1.237213 -1.440792 
30 27  -1.142044 -1.475296 
30 28  -1.049533 -1.505495 
30 29  -0.959448 -1.531733 
30 30  -0.871589 -1.554304 
30 31  -0.785780 -1.573462 
30 32  -0.701868 -1.589425 
30 33  -0.619718 -1.602386 
30 34  -0.539211 -1.612510 
30 35  -0.460243 -1.619941 
30 36  -0.382717 -1.624807 
30 37  -0.306551 -1.627218 
30 38  -0.231669 -1.627272 
30 39  -0.158001 -1.625052 
30 40  -0.085488 -1.620632 
30 41  -0.014073 -1.614075 
30 42  0.056294 -1.605435 
30 43  0.125658 -1.594760 
30 44  0.194062 -1.582087 
30 45  0.261541 -1.567448 
30 46  0.328131 -1.550868 
30 47  0.393862 -1.532366 
30 48  0.458762 -1.511953 
30 49  0.522856 -1.489637 
30 50  0.586168 -1.465419 
30 51  0.648716 -1.439293 
30 52  0.710519 -1.411250 
30 53  0.771594 -1.381273 
30 54  0.831952 -1.349340 
30 55  0.891607 -1.315422 
30 56  0.950567 -1.279485 
30 57  1.008840 -1.241487 
30 58  1.066432 -1.201380 
30 59  1.123346 -1.159107 
30 60  1.179582 -1.114604 
30 61  1.235140 -1.067795 
30 62  1.290016 -1.018598 
30 63  1.344205 -0.966916 
30 64  1.397697 -0.912641 
30 65  1.450480 -0.855652 
30 66  1.502539 -0.795809 
30 67  1.553855 -0.732957 
30 68  1.604404 -0.666917 
30 69  1.654159 -0.597486 
30 70  1.703084 -0.524435 
30 71  1.751141 -0.447498 
30 72  1.798279 -0.366371 
30 73  1.844443 -0.280702 
30 74  1.889563 -0.190082 
30 75  1.933558 -0.094031 
30 76  1.976329 0.008015 
30 77  2.017758 0.116729 
30 78  2.057702 0.232919 
30 79  2.095981 0.357564 
30 80  2.132379 0.491869 
30 81  2.166618 0.637333 
30 82  2.198349 0.795856 
30 83  2.227116 0.969886 
30 84  2.252317 1.162652 
30 85  2.273135 1.378518 
30 86  2.288429 1.623571 
30 87  2.296541 1.906626 
30 88  2.294954 2.241064 
30 89  2.279605 2.648467 
30 90  2.243388 3.166582 
30 91  2.172383 3.869407 
30 92  2.034133 4.929668 
30 93  1.725761 6.895696 
30 94  0.540042 13.545323 
31 5  -81.335795 117.837813 
31 6  -7.407687 5.740902 
31 7  -5.498095 2.944938 
31 8  -4.643875 1.753468 
31 9  -4.109431 1.048641 
31 10  -3.721565 0.567044 
31 11  -3.415594 0.210233 
31 12  -3.161136 -0.068049 
31 13  -2.941757 -0.292829 
31 14  -2.747673 -0.479010 
31 15  -2.572630 -0.636114 
31 16  -2.412412 -0.770559 
31 17  -2.264052 -0.886858 
31 18  -2.125390 -0.988292 
31 19  -1.994807 -1.077318 
31 20  -1.871061 -1.155817 
31 21  -1.753180 -1.225259 
31 22  -1.640389 -1.286815 
31 23  -1.532060 -1.341426 
31 24  -1.427678 -1.389864 
31 25  -1.326816 -1.432767 
31 26  -1.229115 -1.470667 
31 27  -1.134273 -1.504012 
31 28  -1.042029 -1.533181 
31 29  -0.952161 -1.558501 
31 30  -0.864475 -1.580250 
31 31  -0.778802 -1.598670 
31 32  -0.694995 -1.613969 
31 33  -0.612922 -1.626330 
31 34  -0.532469 -1.635910 
31 35  -0.453533 -1.642850 
31 36  -0.376021 -1.647271 
31 37  -0.299851 -1.649278 
31 38  -0.224950 -1.648965 
31 39  -0.151251 -1.646413 
31 40  -0.078693 -1.641693 
31 41  -0.007222 -1.634865 
31 42  0.063212 -1.625982 
31 43  0.132653 -1.615090 
31 44  0.201142 -1.602223 
31 45  0.268716 -1.587414 
31 46  0.335409 -1.570686 
31 47  0.401252 -1.552057 
31 48  0.466272 -1.531538 
31 49  0.530494 -1.509136 
31 50  0.593941 -1.484852 
31 51  0.656633 -1.458680 
31 52  0.718588 -1.430611 
31 53  0.779822 -1.400628 
31 54  0.840349 -1.368710 
31 55  0.900181 -1.334828 
31 56  0.959327 -1.298949 
31 57  1.017796 -1.261032 
31 58  1.075593 -1.221030 
31 59  1.132723 -1.178887 
31 60  1.189186 -1.134541 
31 61  1.244983 -1.087919 
31 62  1.300112 -1.038940 
31 63  1.354567 -0.987511 
31 64  1.408340 -0.933527 
31 65  1.461420 -0.876869 
31 66  1.513795 -0.817405 
31 67  1.565447 -0.754982 
31 68  1.616354 -0.689429 
31 69  1.666491 -0.620553 
31 70  1.715827 -0.548130 
31 71  1.764324 -0.471907 
31 72  1.811939 -0.391594 
31 73  1.858619 -0.306855 
31 74  1.904302 -0.217300 
31 75  1.948913 -0.122476 
31 76  1.992363 -0.021848 
31 77  2.034544 0.085216 
31 78  2.075326 0.199472 
31 79  2.114551 0.321833 
31 80  2.152021 0.453416 
31 81  2.187493 0.595602 
31 82  2.220656 0.750127 
31 83  2.251112 0.919208 
31 84  2.278339 1.105742 
31 85  2.301639 1.313594 
31 86  2.320046 1.548078 
31 87  2.332189 1.816749 
31 88  2.336029 2.130816 
31 89  2.328373 2.507820 
31 90  2.303862 2.977214 
31 91  2.252594 3.593451 
31 92  2.153518 4.472425 
31 93  1.950388 5.924331 
31 94  1.404945 9.265954 
31 95  -22.369123 141.424482 
32 5  -10.871040 10.713563 
32 6  -6.416849 4.141667 
32 7  -5.153029 2.351068 
32 8  -4.464883 1.424397 
32 9  -3.998786 0.831298 
32 10  -3.645956 0.408488 
32 11  -3.360418 0.086913 
32 12  -3.118933 -0.168347 
32 13  -2.908302 -0.377127 
32 14  -2.720387 -0.551665 
32 15  -2.549846 -0.699987 
32 16  -2.393002 -0.827615 
32 17  -2.247227 -0.938496 
32 18  -2.110579 -1.035541 
32 19  -1.981588 -1.120952 
32 20  -1.859116 -1.196432 
32 21  -1.742262 -1.263322 
32 22  -1.630306 -1.322696 
32 23  -1.522659 -1.375428 
32 24  -1.418836 -1.422232 
32 25  -1.318433 -1.463705 
32 26  -1.221109 -1.500345 
32 27  -1.126576 -1.532575 
32 28  -1.034584 -1.560752 
32 29  -0.944919 -1.585185 
32 30  -0.857395 -1.606139 
32 31  -0.771849 -1.623843 
32 32  -0.688139 -1.638496 
32 33  -0.606137 -1.650273 
32 34  -0.525731 -1.659325 
32 35  -0.446821 -1.665785 
32 36  -0.369318 -1.669770 
32 37  -0.293141 -1.671382 
32 38  -0.218218 -1.670711 
32 39  -0.144483 -1.667833 
32 40  -0.071878 -1.662819 
32 41  -0.000349 -1.655725 
32 42  0.070153 -1.646603 
32 43  0.139673 -1.635496 
32 44  0.208249 -1.622440 
32 45  0.275920 -1.607462 
32 46  0.342718 -1.590588 
32 47  0.408674 -1.571833 
32 48  0.473814 -1.551209 
32 49  0.538165 -1.528721 
32 50  0.601749 -1.504371 
32 51  0.664585 -1.478154 
32 52  0.726692 -1.450058 
32 53  0.788087 -1.420068 
32 54  0.848782 -1.388162 
32 55  0.908791 -1.354314 
32 56  0.968122 -1.318490 
32 57  1.026786 -1.280651 
32 58  1.084788 -1.240750 
32 59  1.142132 -1.198733 
32 60  1.198821 -1.154539 
32 61  1.254856 -1.108098 
32 62  1.310234 -1.059330 
32 63  1.364952 -1.008145 
32 64  1.419003 -0.954442 
32 65  1.472378 -0.898106 
32 66  1.525064 -0.839007 
32 67  1.577046 -0.777000 
32 68  1.628305 -0.711919 
32 69  1.678817 -0.643576 
32 70  1.728554 -0.571759 
32 71  1.777483 -0.496225 
32 72  1.825562 -0.416694 
32 73  1.872744 -0.332847 
32 74  1.918973 -0.244313 
32 75  1.964179 -0.150660 
32 76  2.008283 -0.051385 
32 77  2.051186 0.054110 
32 78  2.092771 0.166534 
32 79  2.132895 0.286741 
32 80  2.171382 0.415767 
32 81  2.208014 0.554889 
32 82  2.242517 0.705697 
32 83  2.274541 0.870211 
32 84  2.303632 1.051039 
32 85  2.329190 1.251627 
32 86  2.350394 1.476647 
32 87  2.366100 1.732634 
32 88  2.374639 2.029082 
32 89  2.373466 2.380466 
32 90  2.358459 2.810254 
32 91  2.322364 3.359757 
32 92  2.250848 4.110689 
32 93  2.110078 5.256310 
32 94  1.790361 7.424551 
32 95  0.483469 15.255366 
33 5  -8.022993 6.322438 
33 6  -5.840376 3.195990 
33 7  -4.898670 1.905621 
33 8  -4.319714 1.152690 
33 9  -3.904270 0.642266 
33 10  -3.579224 0.266029 
33 11  -3.310607 -0.026373 
33 12  -3.080196 -0.261974 
33 13  -2.877201 -0.456778 
33 14  -2.694760 -0.620965 
33 15  -2.528266 -0.761369 
33 16  -2.374489 -0.882783 
33 17  -2.231082 -0.988679 
33 18  -2.096293 -1.081654 
33 19  -1.968780 -1.163689 
33 20  -1.847495 -1.236333 
33 21  -1.731602 -1.300814 
33 22  -1.620429 -1.358122 
33 23  -1.513424 -1.409064 
33 24  -1.410127 -1.454309 
33 25  -1.310158 -1.494412 
33 26  -1.213190 -1.529843 
33 27  -1.118947 -1.560999 
33 28  -1.027192 -1.588218 
33 29  -0.937718 -1.611794 
33 30  -0.850346 -1.631977 
33 31  -0.764919 -1.648987 
33 32  -0.681298 -1.663012 
33 33  -0.599359 -1.674221 
33 34  -0.518995 -1.682757 
33 35  -0.440107 -1.688749 
33 36  -0.362609 -1.692309 
33 37  -0.286420 -1.693534 
33 38  -0.211472 -1.692511 
33 39  -0.137699 -1.689315 
33 40  -0.065044 -1.684011 
33 41  0.006546 -1.676656 
33 42  0.077120 -1.667299 
33 43  0.146719 -1.655981 
33 44  0.215385 -1.642737 
33 45  0.283154 -1.627594 
33 46  0.350058 -1.610574 
33 47  0.416128 -1.591695 
33 48  0.481390 -1.570966 
33 49  0.545871 -1.548394 
33 50  0.609591 -1.523978 
33 51  0.672572 -1.497713 
33 52  0.734832 -1.469590 
33 53  0.796387 -1.439591 
33 54  0.857251 -1.407697 
33 55  0.917436 -1.373881 
33 56  0.976953 -1.338110 
33 57  1.035811 -1.300345 
33 58  1.094016 -1.260541 
33 59  1.151574 -1.218645 
33 60  1.208488 -1.174599 
33 61  1.264758 -1.128332 
33 62  1.320384 -1.079769 
33 63  1.375363 -1.028821 
33 64  1.429688 -0.975390 
33 65  1.483353 -0.919365 
33 66  1.536346 -0.860621 
33 67  1.588654 -0.799016 
33 68  1.640259 -0.734390 
33 69  1.691139 -0.666563 
33 70  1.741269 -0.595331 
33 71  1.790619 -0.520459 
33 72  1.839151 -0.441681 
33 73  1.886823 -0.358691 
33 74  1.933581 -0.271135 
33 75  1.979364 -0.178604 
33 76  2.024098 -0.080619 
33 77  2.067696 0.023383 
33 78  2.110050 0.134070 
33 79  2.151032 0.252239 
33 80  2.190485 0.378858 
33 81  2.228213 0.515108 
33 82  2.263973 0.662453 
33 83  2.297459 0.822737 
33 84  2.328273 0.998322 
33 85  2.355896 1.192295 
33 86  2.379629 1.408791 
33 87  2.398509 1.653506 
33 88  2.411158 1.934568 
33 89  2.415525 2.264080 
33 90  2.408383 2.661072 
33 91  2.384288 3.157689 
33 92  2.333110 3.813819 
33 93  2.233091 4.758326 
33 94  2.025107 6.342183 
33 95  1.449452 10.111416 
34 4  -12.254933 12.272788 
34 5  -6.868134 4.514886 
34 6  -5.452966 2.549619 
34 7  -4.700965 1.553179 
34 8  -4.198719 0.922088 
34 9  -3.822187 0.475098 
34 10  -3.519671 0.136607 
34 11  -3.265286 -0.131263 
34 12  -3.044432 -0.349884 
34 13  -2.848155 -0.532373 
34 14  -2.670604 -0.687295 
34 15  -2.507768 -0.820525 
34 16  -2.356788 -0.936246 
34 17  -2.215559 -1.037539 
34 18  -2.082490 -1.126726 
34 19  -1.956351 -1.205602 
34 20  -1.836174 -1.275578 
34 21  -1.721183 -1.337781 
34 22  -1.610746 -1.393126 
34 23  -1.504344 -1.442364 
34 24  -1.401545 -1.486116 
34 25  -1.301983 -1.524906 
34 26  -1.205351 -1.559174 
34 27  -1.111383 -1.589295 
34 28  -1.019851 -1.615590 
34 29  -0.930556 -1.638336 
34 30  -0.843327 -1.657772 
34 31  -0.758009 -1.674107 
34 32  -0.674470 -1.687522 
34 33  -0.592589 -1.698177 
34 34  -0.512261 -1.706211 
34 35  -0.433390 -1.711745 
34 36  -0.355892 -1.714889 
34 37  -0.279689 -1.715736 
34 38  -0.204711 -1.714368 
34 39  -0.130897 -1.710859 
34 40  -0.058189 -1.705271 
34 41  0.013464 -1.697660 
34 42  0.084111 -1.688071 
34 43  0.153793 -1.676545 
34 44  0.222550 -1.663115 
34 45  0.290418 -1.647809 
34 46  0.357429 -1.630646 
34 47  0.423614 -1.611644 
34 48  0.489000 -1.590811 
34 49  0.553610 -1.568154 
34 50  0.617469 -1.543672 
34 51  0.680595 -1.517360 
34 52  0.743008 -1.489208 
34 53  0.804723 -1.459200 
34 54  0.865755 -1.427316 
34 55  0.926117 -1.393529 
34 56  0.985819 -1.357808 
34 57  1.044871 -1.320114 
34 58  1.103279 -1.280404 
34 59  1.161050 -1.238625 
34 60  1.218186 -1.194721 
34 61  1.274691 -1.148624 
34 62  1.330562 -1.100259 
34 63  1.385799 -1.049541 
34 64  1.440397 -0.996374 
34 65  1.494349 -0.940650 
34 66  1.547645 -0.882248 
34 67  1.600273 -0.821032 
34 68  1.652218 -0.756847 
34 69  1.703460 -0.689519 
34 70  1.753976 -0.618851 
34 71  1.803738 -0.544618 
34 72  1.852713 -0.466565 
34 73  1.900860 -0.384398 
34 74  1.948133 -0.297781 
34 75  1.994475 -0.206323 
34 76  2.039820 -0.109571 
34 77  2.084086 -0.006991 
34 78  2.127179 0.102044 
34 79  2.168981 0.218285 
34 80  2.209352 0.342633 
34 81  2.248118 0.476185 
34 82  2.285062 0.620294 
34 83  2.319914 0.776650 
34 84  2.352327 0.947400 
34 85  2.381849 1.135322 
34 86  2.407882 1.344099 
34 87  2.429611 1.578733 
34 88  2.445888 1.846244 
34 89  2.455043 2.156869 
34 90  2.454516 2.526282 
34 91  2.440137 2.980027 
34 92  2.404529 3.563387 
34 93  2.332989 4.366761 
34 94  2.190342 5.606942 
34 95  1.859761 8.006044 
34 96  0.410270 17.338869 
35 4  -8.719384 6.983688 
35 5  -6.210806 3.469400 
35 6  -5.169799 2.068860 
35 7  -4.541398 1.263535 
35 8  -4.095711 0.722143 
35 9  -3.749929 0.325236 
35 10  -3.466027 0.017920 
35 11  -3.223766 -0.229040 
35 12  -3.011240 -0.432852 
35 13  -2.820918 -0.604406 
35 14  -2.647760 -0.750986 
35 15  -2.488245 -0.877679 
35 16  -2.339827 -0.988168 
35 17  -2.200606 -1.085194 
35 18  -2.069132 -1.170847 
35 19  -1.944274 -1.246758 
35 20  -1.825134 -1.314217 
35 21  -1.710988 -1.374262 
35 22  -1.601243 -1.427740 
35 23  -1.495411 -1.475350 
35 24  -1.393080 -1.517675 
35 25  -1.293904 -1.555204 
35 26  -1.197588 -1.588353 
35 27  -1.103879 -1.617475 
35 28  -1.012557 -1.642876 
35 29  -0.923431 -1.664818 
35 30  -0.836334 -1.683529 
35 31  -0.751118 -1.699209 
35 32  -0.667654 -1.712030 
35 33  -0.585825 -1.722145 
35 34  -0.505527 -1.729688 
35 35  -0.426669 -1.734776 
35 36  -0.349167 -1.737513 
35 37  -0.272945 -1.737989 
35 38  -0.197936 -1.736284 
35 39  -0.124077 -1.732467 
35 40  -0.051314 -1.726601 
35 41  0.020405 -1.718737 
35 42  0.091127 -1.708920 
35 43  0.160893 -1.697189 
35 44  0.229743 -1.683577 
35 45  0.297712 -1.668108 
35 46  0.364832 -1.650804 
35 47  0.431134 -1.631680 
35 48  0.496643 -1.610744 
35 49  0.561385 -1.588003 
35 50  0.625382 -1.563455 
35 51  0.688654 -1.537095 
35 52  0.751220 -1.508913 
35 53  0.813096 -1.478895 
35 54  0.874297 -1.447018 
35 55  0.934835 -1.413259 
35 56  0.994722 -1.377585 
35 57  1.053967 -1.339960 
35 58  1.112577 -1.300340 
35 59  1.170560 -1.258675 
35 60  1.227918 -1.214908 
35 61  1.284654 -1.168975 
35 62  1.340770 -1.120802 
35 63  1.396263 -1.070306 
35 64  1.451129 -1.017394 
35 65  1.505365 -0.961963 
35 66  1.558960 -0.903893 
35 67  1.611904 -0.843054 
35 68  1.664184 -0.779295 
35 69  1.715781 -0.712449 
35 70  1.766676 -0.642325 
35 71  1.816842 -0.568709 
35 72  1.866249 -0.491354 
35 73  1.914861 -0.409979 
35 74  1.962635 -0.324264 
35 75  2.009520 -0.233835 
35 76  2.055454 -0.138262 
35 77  2.100367 -0.037040 
35 78  2.144169 0.070425 
35 79  2.186758 0.184836 
35 80  2.228005 0.307039 
35 81  2.267756 0.438053 
35 82  2.305818 0.579132 
35 83  2.341952 0.731829 
35 84  2.375853 0.898104 
35 85  2.407129 1.080471 
35 86  2.435264 1.282224 
35 87  2.459565 1.507787 
35 88  2.479072 1.763273 
35 89  2.492410 2.057430 
35 90  2.497523 2.403340 
35 91  2.491165 2.821674 
35 92  2.467830 3.347559 
35 93  2.417195 4.046972 
35 94  2.316848 5.063519 
35 95  2.104790 6.795639 
35 96  1.497700 11.070521 
36 3  -13.974981 14.217999 
36 4  -7.365413 4.928314 
36 5  -5.774792 2.764151 
36 6  -4.951098 1.690860 
36 7  -4.408938 1.018650 
36 8  -4.006516 0.545792 
36 9  -3.685598 0.189358 
36 10  -3.417315 -0.091798 
36 11  -3.185500 -0.320732 
36 12  -2.980294 -0.511513 
36 13  -2.795284 -0.673290 
36 14  -2.626092 -0.812316 
36 15  -2.469605 -0.933029 
36 16  -2.323541 -1.038689 
36 17  -2.186177 -1.131747 
36 18  -2.056185 -1.214095 
36 19  -1.932523 -1.287217 
36 20  -1.814354 -1.352296 
36 21  -1.701002 -1.410293 
36 22  -1.591910 -1.461993 
36 23  -1.486614 -1.508048 
36 24  -1.384726 -1.549004 
36 25  -1.285914 -1.585322 
36 26  -1.189897 -1.617392 
36 27  -1.096432 -1.645550 
36 28  -1.005308 -1.670086 
36 29  -0.916340 -1.691249 
36 30  -0.829366 -1.709256 
36 31  -0.744245 -1.724298 
36 32  -0.660848 -1.736540 
36 33  -0.579065 -1.746129 
36 34  -0.498793 -1.753193 
36 35  -0.419943 -1.757844 
36 36  -0.342432 -1.760183 
36 37  -0.266188 -1.760295 
36 38  -0.191144 -1.758259 
36 39  -0.117239 -1.754141 
36 40  -0.044418 -1.748001 
36 41  0.027369 -1.739888 
36 42  0.098168 -1.729847 
36 43  0.168021 -1.717915 
36 44  0.236965 -1.704122 
36 45  0.305036 -1.688493 
36 46  0.372267 -1.671049 
36 47  0.438686 -1.651804 
36 48  0.504320 -1.630766 
36 49  0.569194 -1.607940 
36 50  0.633330 -1.583326 
36 51  0.696749 -1.556918 
36 52  0.759469 -1.528706 
36 53  0.821506 -1.498676 
36 54  0.882875 -1.466806 
36 55  0.943590 -1.433072 
36 56  1.003661 -1.397443 
36 57  1.063099 -1.359883 
36 58  1.121911 -1.320350 
36 59  1.180104 -1.278794 
36 60  1.237682 -1.235161 
36 61  1.294650 -1.189386 
36 62  1.351007 -1.141399 
36 63  1.406754 -1.091118 
36 64  1.461887 -1.038455 
36 65  1.516403 -0.983306 
36 66  1.570294 -0.925558 
36 67  1.623550 -0.865084 
36 68  1.676160 -0.801737 
36 69  1.728107 -0.735357 
36 70  1.779373 -0.665761 
36 71  1.829935 -0.592739 
36 72  1.879765 -0.516057 
36 73  1.928830 -0.435445 
36 74  1.977092 -0.350596 
36 75  2.024504 -0.261154 
36 76  2.071011 -0.166710 
36 77  2.116547 -0.066784 
36 78  2.161033 0.039184 
36 79  2.204376 0.151858 
36 80  2.246461 0.272030 
36 81  2.287149 0.400652 
36 82  2.326269 0.538886 
36 83  2.363609 0.688167 
36 84  2.398901 0.850288 
36 85  2.431803 1.027534 
36 86  2.461870 1.222869 
36 87  2.488509 1.440227 
36 88  2.510911 1.684969 
36 89  2.527936 1.964642 
36 90  2.537916 2.290294 
36 91  2.538290 2.678913 
36 92  2.524862 3.158343 
36 93  2.490162 3.778291 
36 94  2.419168 4.638966 
36 95  2.275435 5.984242 
36 96  1.934738 8.648374 
36 97  0.314297 19.933710 
37 3  -9.514371 7.741831 
37 4  -6.613109 3.768091 
37 5  -5.458943 2.244291 
37 6  -4.775475 1.381739 
37 7  -4.296558 0.807004 
37 8  -3.928204 0.388064 
37 9  -3.627776 0.064972 
37 10  -3.372773 -0.193933 
37 11  -3.150047 -0.407167 
37 12  -2.951320 -0.586392 
37 13  -2.771078 -0.739376 
37 14  -2.605483 -0.871527 
37 15  -2.451768 -0.986747 
37 16  -2.307873 -1.087933 
37 17  -2.172230 -1.177293 
37 18  -2.043620 -1.256540 
37 19  -1.921075 -1.327032 
37 20  -1.803819 -1.389859 
37 21  -1.691214 -1.445908 
37 22  -1.582736 -1.495912 
37 23  -1.477947 -1.540479 
37 24  -1.376476 -1.580121 
37 25  -1.278008 -1.615272 
37 26  -1.182274 -1.646302 
37 27  -1.089039 -1.673529 
37 28  -0.998100 -1.697227 
37 29  -0.909279 -1.717634 
37 30  -0.822421 -1.734958 
37 31  -0.737386 -1.749379 
37 32  -0.654052 -1.761058 
37 33  -0.572308 -1.770133 
37 34  -0.492057 -1.776729 
37 35  -0.413210 -1.780953 
37 36  -0.335688 -1.782901 
37 37  -0.259418 -1.782658 
37 38  -0.184336 -1.780296 
37 39  -0.110381 -1.775883 
37 40  -0.037500 -1.769473 
37 41  0.034358 -1.761115 
37 42  0.105236 -1.750853 
37 43  0.175176 -1.738722 
37 44  0.244216 -1.724751 
37 45  0.312392 -1.708965 
37 46  0.379734 -1.691382 
37 47  0.446271 -1.672016 
37 48  0.512031 -1.650876 
37 49  0.577038 -1.627967 
37 50  0.641315 -1.603286 
37 51  0.704880 -1.576830 
37 52  0.767754 -1.548587 
37 53  0.829953 -1.518544 
37 54  0.891491 -1.486679 
37 55  0.952382 -1.452969 
37 56  1.012637 -1.417383 
37 57  1.072267 -1.379885 
37 58  1.131280 -1.340436 
37 59  1.189683 -1.298985 
37 60  1.247481 -1.255480 
37 61  1.304678 -1.209859 
37 62  1.361275 -1.162052 
37 63  1.417274 -1.111981 
37 64  1.472671 -1.059557 
37 65  1.527465 -1.004683 
37 66  1.581647 -0.947247 
37 67  1.635212 -0.887125 
37 68  1.688146 -0.824179 
37 69  1.740438 -0.758250 
37 70  1.792069 -0.689162 
37 71  1.843019 -0.616715 
37 72  1.893263 -0.540682 
37 73  1.942772 -0.460805 
37 74  1.991510 -0.376789 
37 75  2.039435 -0.288295 
37 76  2.086497 -0.194932 
37 77  2.132636 -0.096245 
37 78  2.177783 0.008296 
37 79  2.221850 0.119317 
37 80  2.264737 0.237563 
37 81  2.306318 0.363925 
37 82  2.346442 0.499485 
37 83  2.384920 0.645567 
37 84  2.421517 0.803823 
37 85  2.455933 0.976334 
37 86  2.487782 1.165779 
37 87  2.516557 1.375678 
37 88  2.541571 1.610764 
37 89  2.561874 1.877601 
37 90  2.576100 2.185616 
37 91  2.582202 2.548963 
37 92  2.576931 2.990118 
37 93  2.554747 3.547526 
37 94  2.505179 4.294001 
37 95  2.405240 5.389965 
37 96  2.190119 7.289382 
37 97  1.550523 12.167789 
38 2  -16.172757 16.711790 
38 3  -7.916269 5.388538 
38 4  -6.121071 2.996502 
38 5  -5.216624 1.838258 
38 6  -4.630293 1.121434 
38 7  -4.199541 0.620845 
38 8  -3.858651 0.245346 
38 9  -3.575376 -0.049832 
38 10  -3.331796 -0.289586 
38 11  -3.117046 -0.489025 
38 12  -2.924092 -0.657932 
38 13  -2.748151 -0.802961 
38 14  -2.585834 -0.928828 
38 15  -2.434662 -1.038981 
38 16  -2.292772 -1.136012 
38 17  -2.158729 -1.221913 
38 18  -2.031408 -1.298246 
38 19  -1.909911 -1.366254 
38 20  -1.793511 -1.426943 
38 21  -1.681610 -1.481138 
38 22  -1.573712 -1.529521 
38 23  -1.469401 -1.572662 
38 24  -1.368324 -1.611042 
38 25  -1.270182 -1.645070 
38 26  -1.174713 -1.675096 
38 27  -1.081695 -1.701422 
38 28  -0.990931 -1.724308 
38 29  -0.902248 -1.743981 
38 30  -0.815497 -1.760640 
38 31  -0.730541 -1.774457 
38 32  -0.647262 -1.785586 
38 33  -0.565554 -1.794160 
38 34  -0.485318 -1.800298 
38 35  -0.406471 -1.804104 
38 36  -0.328933 -1.805670 
38 37  -0.252635 -1.805077 
38 38  -0.177511 -1.802397 
38 39  -0.103503 -1.797692 
38 40  -0.030559 -1.791017 
38 41  0.041370 -1.782420 
38 42  0.112329 -1.771940 
38 43  0.182359 -1.759612 
38 44  0.251497 -1.745465 
38 45  0.319778 -1.729523 
38 46  0.387233 -1.711803 
38 47  0.453890 -1.692318 
38 48  0.519777 -1.671077 
38 49  0.584918 -1.648084 
38 50  0.649335 -1.623337 
38 51  0.713048 -1.596832 
38 52  0.776077 -1.568557 
38 53  0.838437 -1.538499 
38 54  0.900144 -1.506638 
38 55  0.961211 -1.472950 
38 56  1.021650 -1.437404 
38 57  1.081472 -1.399967 
38 58  1.140685 -1.360597 
38 59  1.199297 -1.319249 
38 60  1.257314 -1.275868 
38 61  1.314739 -1.230396 
38 62  1.371575 -1.182763 
38 63  1.427823 -1.132894 
38 64  1.483483 -1.080704 
38 65  1.538551 -1.026095 
38 66  1.593022 -0.968962 
38 67  1.646891 -0.909182 
38 68  1.700146 -0.846623 
38 69  1.752776 -0.781130 
38 70  1.804766 -0.712535 
38 71  1.856098 -0.640643 
38 72  1.906748 -0.565236 
38 73  1.956691 -0.486067 
38 74  2.005893 -0.402853 
38 75  2.054318 -0.315270 
38 76  2.101919 -0.222945 
38 77  2.148643 -0.125444 
38 78  2.194426 -0.022266 
38 79  2.239192 0.087182 
38 80  2.282848 0.203600 
38 81  2.325283 0.327824 
38 82  2.366362 0.460862 
38 83  2.405917 0.603945 
38 84  2.443740 0.758593 
38 85  2.479570 0.926712 
38 86  2.513072 1.110734 
38 87  2.543807 1.313822 
38 88  2.571192 1.540182 
38 89  2.594430 1.795565 
38 90  2.612395 2.088091 
38 91  2.623432 2.429691 
38 92  2.624991 2.838802 
38 93  2.612878 3.345813 
38 94  2.579568 4.005379 
38 95  2.509791 4.928824 
38 96  2.365947 6.391309 
38 97  2.016237 9.361541 
38 98  0.185935 23.255267 
39 2  -10.430906 8.619384 
39 3  -7.051693 4.095523 
39 4  -5.768019 2.433182 
39 5  -5.023056 1.507932 
39 6  -4.507555 0.897213 
39 7  -4.114590 0.454744 
39 8  -3.796270 0.114936 
39 9  -3.527552 -0.156545 
39 10  -3.293896 -0.379647 
39 11  -3.086197 -0.566870 
39 12  -2.898419 -0.726505 
39 13  -2.726375 -0.864303 
39 14  -2.567056 -0.984401 
39 15  -2.418227 -1.089866 
39 16  -2.278195 -1.183025 
39 17  -2.145642 -1.265684 
39 18  -2.019526 -1.339269 
39 19  -1.899012 -1.404926 
39 20  -1.783417 -1.463585 
39 21  -1.672179 -1.516012 
39 22  -1.564828 -1.562844 
39 23  -1.460969 -1.604616 
39 24  -1.360265 -1.641782 
39 25  -1.262430 -1.674727 
39 26  -1.167213 -1.703783 
39 27  -1.074398 -1.729237 
39 28  -0.983798 -1.751335 
39 29  -0.895244 -1.770296 
39 30  -0.808591 -1.786308 
39 31  -0.723709 -1.799537 
39 32  -0.640479 -1.810129 
39 33  -0.558800 -1.818213 
39 34  -0.478576 -1.823904 
39 35  -0.399724 -1.827300 
39 36  -0.322167 -1.828492 
39 37  -0.245836 -1.827557 
39 38  -0.170668 -1.824563 
39 39  -0.096606 -1.819572 
39 40  -0.023597 -1.812637 
39 41  0.048407 -1.803802 
39 42  0.119450 -1.793107 
39 43  0.189571 -1.780586 
39 44  0.258808 -1.766265 
39 45  0.327196 -1.750168 
39 46  0.394764 -1.732312 
39 47  0.461543 -1.712710 
39 48  0.527557 -1.691368 
39 49  0.592833 -1.668292 
39 50  0.657391 -1.643478 
39 51  0.721253 -1.616924 
39 52  0.784436 -1.588617 
39 53  0.846958 -1.558543 
39 54  0.908834 -1.526684 
39 55  0.970078 -1.493015 
39 56  1.030701 -1.457508 
39 57  1.090715 -1.420128 
39 58  1.150128 -1.380836 
39 59  1.208948 -1.339586 
39 60  1.267182 -1.296325 
39 61  1.324833 -1.250997 
39 62  1.381907 -1.203533 
39 63  1.438403 -1.153861 
39 64  1.494322 -1.101896 
39 65  1.549662 -1.047546 
39 66  1.604420 -0.990705 
39 67  1.658588 -0.931258 
39 68  1.712160 -0.869073 
39 69  1.765125 -0.804003 
39 70  1.817468 -0.735884 
39 71  1.869174 -0.664529 
39 72  1.920223 -0.589727 
39 73  1.970590 -0.511241 
39 74  2.020246 -0.428800 
39 75  2.069157 -0.342092 
39 76  2.117283 -0.250763 
39 77  2.164575 -0.154399 
39 78  2.210974 -0.052523 
39 79  2.256413 0.055425 
39 80  2.300809 0.170105 
39 81  2.344061 0.292303 
39 82  2.386049 0.422961 
39 83  2.426626 0.563223 
39 84  2.465606 0.714496 
39 85  2.502762 0.878530 
39 86  2.537800 1.057541 
39 87  2.570343 1.254384 
39 88  2.599893 1.472820 
39 89  2.625777 1.717919 
39 90  2.647061 1.996735 
39 91  2.662397 2.319435 
39 92  2.669757 2.701347 
39 93  2.665914 3.166945 
39 94  2.645324 3.758365 
39 95  2.597432 4.556127 
39 96  2.498785 5.739904 
39 97  2.281900 7.828961 
39 98  1.609012 13.435351 
40 1  -19.082421 20.023099 
40 2  -8.530046 5.903685 
40 3  -6.494780 3.248809 
40 4  -5.499058 1.996301 
40 5  -4.863730 1.230938 
40 6  -4.401922 0.700560 
40 7  -4.039321 0.304766 
40 8  -3.739855 -0.005230 
40 9  -3.483634 -0.256353 
40 10  -3.258672 -0.464846 
40 11  -3.057250 -0.641173 
40 12  -2.874136 -0.792430 
40 13  -2.705641 -0.923623 
40 14  -2.549071 -1.038406 
40 15  -2.402408 -1.139518 
40 16  -2.264101 -1.229058 
40 17  -2.132937 -1.308671 
40 18  -2.007951 -1.379663 
40 19  -1.888360 -1.443090 
40 20  -1.773523 -1.499816 
40 21  -1.662910 -1.550554 
40 22  -1.556076 -1.595901 
40 23  -1.452644 -1.636359 
40 24  -1.352293 -1.672356 
40 25  -1.254748 -1.704256 
40 26  -1.159768 -1.732374 
40 27  -1.067146 -1.756982 
40 28  -0.976698 -1.778317 
40 29  -0.888265 -1.796584 
40 30  -0.801704 -1.811966 
40 31  -0.716887 -1.824621 
40 32  -0.633702 -1.834690 
40 33  -0.552046 -1.842296 
40 34  -0.471829 -1.847548 
40 35  -0.392969 -1.850544 
40 36  -0.315389 -1.851368 
40 37  -0.239022 -1.850097 
40 38  -0.163807 -1.846796 
40 39  -0.089687 -1.841524 
40 40  -0.016611 -1.834332 
40 41  0.055469 -1.825263 
40 42  0.126597 -1.814357 
40 43  0.196811 -1.801644 
40 44  0.266149 -1.787152 
40 45  0.334645 -1.770902 
40 46  0.402329 -1.752912 
40 47  0.469229 -1.733192 
40 48  0.535373 -1.711750 
40 49  0.600784 -1.688591 
40 50  0.665484 -1.663711 
40 51  0.729495 -1.637106 
40 52  0.792834 -1.608766 
40 53  0.855518 -1.578676 
40 54  0.917563 -1.546818 
40 55  0.978983 -1.513167 
40 56  1.039790 -1.477696 
40 57  1.099995 -1.440371 
40 58  1.159607 -1.401153 
40 59  1.218635 -1.359997 
40 60  1.277085 -1.316853 
40 61  1.334963 -1.271664 
40 62  1.392272 -1.224364 
40 63  1.449014 -1.174882 
40 64  1.505191 -1.123137 
40 65  1.560801 -1.069036 
40 66  1.615841 -1.012480 
40 67  1.670306 -0.953355 
40 68  1.724191 -0.891533 
40 69  1.777485 -0.826873 
40 70  1.830176 -0.759214 
40 71  1.882250 -0.688378 
40 72  1.933690 -0.614162 
40 73  1.984472 -0.536335 
40 74  2.034573 -0.454638 
40 75  2.083959 -0.368773 
40 76  2.132596 -0.278400 
40 77  2.180438 -0.183126 
40 78  2.227435 -0.082497 
40 79  2.273524 0.024019 
40 80  2.318631 0.137046 
40 81  2.362667 0.257320 
40 82  2.405525 0.385727 
40 83  2.447072 0.523333 
40 84  2.487148 0.671441 
40 85  2.525549 0.831665 
40 86  2.562021 1.006031 
40 87  2.596239 1.197129 
40 88  2.627775 1.408334 
40 89  2.656059 1.644150 
40 90  2.680312 1.910748 
40 91  2.699427 2.216871 
40 92  2.711777 2.575423 
40 93  2.714842 3.006431 
40 94  2.704454 3.543110 
40 95  2.673088 4.245665 
40 96  2.605317 5.238051 
40 97  2.462559 6.831744 
40 98  2.105423 10.157873 
40 99  0.009271 27.659776 
41 1  -11.499662 9.646443 
41 2  -7.531821 4.455830 
41 3  -6.099227 2.636986 
41 4  -5.285388 1.642822 
41 5  -4.729524 0.993178 
41 6  -4.309678 0.525530 
41 7  -3.971964 0.167980 
41 8  -3.688463 -0.116761 
41 9  -3.443081 -0.350212 
41 10  -3.225797 -0.545784 
41 11  -3.029995 -0.712333 
41 12  -2.851105 -0.855980 
41 13  -2.685852 -0.981116 
41 14  -2.531813 -1.090983 
41 15  -2.387155 -1.188041 
41 16  -2.250454 -1.274192 
41 17  -2.120590 -1.350935 
41 18  -1.996662 -1.419474 
41 19  -1.877939 -1.480784 
41 20  -1.763817 -1.535667 
41 21  -1.653795 -1.584790 
41 22  -1.547449 -1.628713 
41 23  -1.444421 -1.667907 
41 24  -1.344404 -1.702777 
41 25  -1.247132 -1.733667 
41 26  -1.152376 -1.760878 
41 27  -1.059934 -1.784666 
41 28  -0.969630 -1.805258 
41 29  -0.881309 -1.822852 
41 30  -0.794831 -1.837621 
41 31  -0.710074 -1.849716 
41 32  -0.626927 -1.859273 
41 33  -0.545291 -1.866411 
41 34  -0.465077 -1.871235 
41 35  -0.386204 -1.873838 
41 36  -0.308598 -1.874302 
41 37  -0.232193 -1.872700 
41 38  -0.156928 -1.869097 
41 39  -0.082748 -1.863548 
41 40  -0.009602 -1.856103 
41 41  0.062557 -1.846805 
41 42  0.133771 -1.835690 
41 43  0.204081 -1.822788 
41 44  0.273521 -1.808127 
41 45  0.342126 -1.791726 
41 46  0.409926 -1.773601 
41 47  0.476950 -1.753765 
41 48  0.543223 -1.732224 
41 49  0.608771 -1.708982 
41 50  0.673614 -1.684036 
41 51  0.737774 -1.657380 
41 52  0.801269 -1.629006 
41 53  0.864116 -1.598899 
41 54  0.926330 -1.567040 
41 55  0.987926 -1.533405 
41 56  1.048917 -1.497968 
41 57  1.109313 -1.460695 
41 58  1.169124 -1.421549 
41 59  1.228359 -1.380484 
41 60  1.287025 -1.337453 
41 61  1.345127 -1.292398 
41 62  1.402670 -1.245258 
41 63  1.459657 -1.195960 
41 64  1.516089 -1.144427 
41 65  1.571967 -1.090570 
41 66  1.627287 -1.034289 
41 67  1.682046 -0.975476 
41 68  1.736239 -0.914007 
41 69  1.789858 -0.849743 
41 70  1.842892 -0.782531 
41 71  1.895329 -0.712197 
41 72  1.947152 -0.638545 
41 73  1.998343 -0.561355 
41 74  2.048877 -0.480376 
41 75  2.098728 -0.395323 
41 76  2.147863 -0.305870 
41 77  2.196241 -0.211642 
41 78  2.243817 -0.112206 
41 79  2.290535 -0.007059 
41 80  2.336328 0.104391 
41 81  2.381117 0.222838 
41 82  2.424806 0.349113 
41 83  2.467279 0.484212 
41 84  2.508392 0.629347 
41 85  2.547968 0.786008 
41 86  2.585785 0.956056 
41 87  2.621559 1.141848 
41 88  2.654925 1.346432 
41 89  2.685398 1.573824 
41 90  2.712325 1.829464 
41 91  2.734792 2.120937 
41 92  2.751481 2.459217 
41 93  2.760401 2.860926 
41 94  2.758367 3.352748 
41 95  2.739877 3.980939 
41 96  2.694369 4.834725 
41 97  2.598070 6.115905 
41 98  2.381092 8.420995 
41 99  1.674622 14.916156 
42 0  -23.121207 24.631154 
42 1  -9.218395 6.483885 
42 2  -6.899402 3.523571 
42 3  -5.800122 2.166043 
42 4  -5.110303 1.347722 
42 5  -4.614386 0.785271 
42 6  -4.228148 0.367835 
42 7  -3.911171 0.042153 
42 8  -3.641352 -0.220933 
42 9  -3.405453 -0.438903 
42 10  -3.194994 -0.622966 
42 11  -3.004253 -0.780688 
42 12  -2.829204 -0.917392 
42 13  -2.666924 -1.036950 
42 14  -2.515222 -1.142257 
42 15  -2.372425 -1.235529 
42 16  -2.237222 -1.318496 
42 17  -2.108574 -1.392533 
42 18  -1.985641 -1.458746 
42 19  -1.867735 -1.518041 
42 20  -1.754288 -1.571166 
42 21  -1.644824 -1.618742 
42 22  -1.538940 -1.661297 
42 23  -1.436294 -1.699275 
42 24  -1.336592 -1.733057 
42 25  -1.239579 -1.762972 
42 26  -1.145033 -1.789303 
42 27  -1.052761 -1.812296 
42 28  -0.962592 -1.832167 
42 29  -0.874374 -1.849105 
42 30  -0.787973 -1.863275 
42 31  -0.703270 -1.874824 
42 32  -0.620156 -1.883882 
42 33  -0.538535 -1.890562 
42 34  -0.458319 -1.894966 
42 35  -0.379429 -1.897184 
42 36  -0.301794 -1.897294 
42 37  -0.225347 -1.895369 
42 38  -0.150030 -1.891468 
42 39  -0.075787 -1.885647 
42 40  -0.002569 -1.877953 
42 41  0.069670 -1.868428 
42 42  0.140973 -1.857106 
42 43  0.211379 -1.844019 
42 44  0.280923 -1.829189 
42 45  0.349639 -1.812639 
42 46  0.417557 -1.794382 
42 47  0.484705 -1.774431 
42 48  0.551109 -1.752791 
42 49  0.616794 -1.729465 
42 50  0.681781 -1.704453 
42 51  0.746091 -1.677747 
42 52  0.809742 -1.649338 
42 53  0.872752 -1.619212 
42 54  0.935136 -1.587351 
42 55  0.996909 -1.553731 
42 56  1.058083 -1.518326 
42 57  1.118669 -1.481103 
42 58  1.178679 -1.442024 
42 59  1.238120 -1.401048 
42 60  1.297001 -1.358125 
42 61  1.355327 -1.313202 
42 62  1.413103 -1.266215 
42 63  1.470333 -1.217097 
42 64  1.527019 -1.165769 
42 65  1.583161 -1.112148 
42 66  1.638759 -1.056135 
42 67  1.693809 -0.997624 
42 68  1.748307 -0.936497 
42 69  1.802247 -0.872618 
42 70  1.855619 -0.805838 
42 71  1.908412 -0.735990 
42 72  1.960613 -0.662885 
42 73  2.012203 -0.586310 
42 74  2.063164 -0.506024 
42 75  2.113468 -0.421753 
42 76  2.163089 -0.333185 
42 77  2.211989 -0.239962 
42 78  2.260127 -0.141670 
42 79  2.307453 -0.037831 
42 80  2.353909 0.072113 
42 81  2.399423 0.188822 
42 82  2.443910 0.313074 
42 83  2.487266 0.445803 
42 84  2.529365 0.588139 
42 85  2.570052 0.741462 
42 86  2.609131 0.907484 
42 87  2.646359 1.088363 
42 88  2.681419 1.286857 
42 89  2.713899 1.506572 
42 90  2.743249 1.752331 
42 91  2.768710 2.030762 
42 92  2.789208 2.351291 
42 93  2.803156 2.727884 
42 94  2.808083 3.182328 
42 95  2.799886 3.750979 
42 96  2.771100 4.500284 
42 97  2.706266 5.568598 
42 98  2.566069 7.309759 
42 99  2.203745 11.052741 
42 100  -0.244060 33.782013 
43 0  -12.762587 10.864172 
43 1  -8.059822 4.853983 
43 2  -6.455100 2.857380 
43 3  -5.563875 1.787209 
43 4  -4.963378 1.095349 
43 5  -4.514121 0.600703 
43 6  -4.155350 0.224292 
43 7  -3.855897 -0.074453 
43 8  -3.597923 -0.318773 
43 9  -3.370387 -0.523072 
43 10  -3.166034 -0.696817 
43 11  -2.979870 -0.846530 
43 12  -2.808329 -0.976871 
43 13  -2.648783 -1.091275 
43 14  -2.499245 -1.192338 
43 15  -2.358179 -1.282066 
43 16  -2.224377 -1.362037 
43 17  -2.096869 -1.433513 
43 18  -1.974871 -1.497519 
43 19  -1.857736 -1.554894 
43 20  -1.744926 -1.606337 
43 21  -1.635989 -1.652431 
43 22  -1.530542 -1.693670 
43 23  -1.428257 -1.730476 
43 24  -1.328853 -1.763209 
43 25  -1.232084 -1.792179 
43 26  -1.137737 -1.817657 
43 27  -1.045624 -1.839878 
43 28  -0.955580 -1.859048 
43 29  -0.867458 -1.875347 
43 30  -0.781128 -1.888934 
43 31  -0.696472 -1.899950 
43 32  -0.613386 -1.908519 
43 33  -0.531775 -1.914751 
43 34  -0.451553 -1.918744 
43 35  -0.372643 -1.920584 
43 36  -0.294975 -1.920348 
43 37  -0.218484 -1.918103 
43 38  -0.143112 -1.913910 
43 39  -0.068804 -1.907821 
43 40  0.004488 -1.899882 
43 41  0.076810 -1.890133 
43 42  0.148204 -1.878608 
43 43  0.218707 -1.865336 
43 44  0.288357 -1.850341 
43 45  0.357185 -1.833643 
43 46  0.425222 -1.815255 
43 47  0.492495 -1.795189 
43 48  0.559031 -1.773450 
43 49  0.624854 -1.750042 
43 50  0.689985 -1.724963 
43 51  0.754445 -1.698206 
43 52  0.818254 -1.669761 
43 53  0.881427 -1.639616 
43 54  0.943981 -1.607751 
43 55  1.005930 -1.574145 
43 56  1.067287 -1.538769 
43 57  1.128065 -1.501594 
43 58  1.188272 -1.462581 
43 59  1.247919 -1.421690 
43 60  1.307014 -1.378872 
43 61  1.365563 -1.334075 
43 62  1.423571 -1.287237 
43 63  1.481043 -1.238292 
43 64  1.537980 -1.187165 
43 65  1.594386 -1.133772 
43 66  1.650258 -1.078019 
43 67  1.705596 -1.019803 
43 68  1.760396 -0.959006 
43 69  1.814652 -0.895500 
43 70  1.868357 -0.829140 
43 71  1.921502 -0.759763 
43 72  1.974074 -0.687187 
43 73  2.026058 -0.611206 
43 74  2.077435 -0.531589 
43 75  2.128184 -0.448072 
43 76  2.178279 -0.360356 
43 77  2.227687 -0.268098 
43 78  2.276372 -0.170905 
43 79  2.324289 -0.068320 
43 80  2.371386 0.040188 
43 81  2.417598 0.155239 
43 82  2.462851 0.277570 
43 83  2.507052 0.408055 
43 84  2.550091 0.547750 
43 85  2.591830 0.697938 
43 86  2.632100 0.860200 
43 87  2.670688 1.036513 
43 88  2.707322 1.229389 
43 89  2.741650 1.442078 
43 90  2.773208 1.678880 
43 91  2.801364 1.945629 
43 92  2.825236 2.250491 
43 93  2.843548 2.605325 
43 94  2.854363 3.028177 
43 95  2.854568 3.548179 
43 96  2.838757 4.216203 
43 97  2.796455 5.131341 
43 98  2.703776 6.520930 
43 99  2.488848 9.073451 
43 100  1.749342 16.668943 
44 0  -9.996033 7.141938 
44 1  -7.339031 3.823732 
44 2  -6.121781 2.348687 
44 3  -5.371194 1.472413 
44 4  -4.837736 0.875351 
44 5  -4.425722 0.434793 
44 6  -4.089781 0.092479 
44 7  -3.805316 -0.183213 
44 8  -3.557691 -0.411120 
44 9  -3.337581 -0.603255 
44 10  -3.138718 -0.767698 
44 11  -2.956714 -0.910109 
44 12  -2.788387 -1.034597 
44 13  -2.631364 -1.144222 
44 14  -2.483834 -1.241325 
44 15  -2.344383 -1.327726 
44 16  -2.211891 -1.404871 
44 17  -2.085454 -1.473922 
44 18  -1.964337 -1.535829 
44 19  -1.847929 -1.591372 
44 20  -1.735720 -1.641205 
44 21  -1.627282 -1.685876 
44 22  -1.522248 -1.725850 
44 23  -1.420306 -1.761525 
44 24  -1.321183 -1.793243 
44 25  -1.224644 -1.821299 
44 26  -1.130484 -1.845950 
44 27  -1.038521 -1.867421 
44 28  -0.948593 -1.885908 
44 29  -0.860560 -1.901584 
44 30  -0.774294 -1.914602 
44 31  -0.689680 -1.925097 
44 32  -0.606616 -1.933188 
44 33  -0.525011 -1.938981 
44 34  -0.444779 -1.942571 
44 35  -0.365846 -1.944040 
44 36  -0.288142 -1.943463 
44 37  -0.211604 -1.940906 
44 38  -0.136174 -1.936425 
44 39  -0.061799 -1.930073 
44 40  0.011569 -1.921892 
44 41  0.083976 -1.911922 
44 42  0.155462 -1.900197 
44 43  0.226065 -1.886742 
44 44  0.295822 -1.871583 
44 45  0.364763 -1.854738 
44 46  0.432920 -1.836220 
44 47  0.500320 -1.816040 
44 48  0.566989 -1.794204 
44 49  0.632950 -1.770713 
44 50  0.698227 -1.745567 
44 51  0.762838 -1.718758 
44 52  0.826804 -1.690278 
44 53  0.890141 -1.660112 
44 54  0.952865 -1.628242 
44 55  1.014991 -1.594647 
44 56  1.076531 -1.559299 
44 57  1.137499 -1.522169 
44 58  1.197905 -1.483219 
44 59  1.257757 -1.442410 
44 60  1.317065 -1.399694 
44 61  1.375836 -1.355019 
44 62  1.434074 -1.308326 
44 63  1.491786 -1.259550 
44 64  1.548974 -1.208617 
44 65  1.605641 -1.155446 
44 66  1.661786 -1.099945 
44 67  1.717409 -1.042013 
44 68  1.772507 -0.981539 
44 69  1.827076 -0.918394 
44 70  1.881110 -0.852440 
44 71  1.934601 -0.783519 
44 72  1.987538 -0.711455 
44 73  2.039908 -0.636049 
44 74  2.091695 -0.557078 
44 75  2.142879 -0.474289 
44 76  2.193438 -0.387394 
44 77  2.243342 -0.296066 
44 78  2.292559 -0.199927 
44 79  2.341049 -0.098543 
44 80  2.388766 0.008590 
44 81  2.435653 0.122061 
44 82  2.481643 0.242563 
44 83  2.526655 0.370921 
44 84  2.570590 0.508122 
44 85  2.613329 0.655359 
44 86  2.654724 0.814099 
44 87  2.694590 0.986159 
44 88  2.732692 1.173835 
44 89  2.768731 1.380068 
44 90  2.802311 1.608714 
44 91  2.832907 1.864940 
44 92  2.859790 2.155873 
44 93  2.881928 2.491684 
44 94  2.897787 2.887506 
44 95  2.904976 3.367072 
44 96  2.899498 3.970245 
44 97  2.874028 4.770502 
44 98  2.813230 5.922691 
44 99  2.677414 7.830310 
44 100  2.313032 12.065563 
45 0  -8.643377 5.296021 
45 1  -6.838575 3.096306 
45 2  -5.860107 1.942000 
45 3  -5.210134 1.204232 
45 4  -4.728637 0.680576 
45 5  -4.346970 0.284074 
45 6  -4.030278 -0.029482 
45 7  -3.758767 -0.285233 
45 8  -3.520256 -0.498663 
45 9  -3.306779 -0.679908 
45 10  -3.112879 -0.835918 
45 11  -2.934671 -0.971645 
45 12  -2.769299 -1.090728 
45 13  -2.614610 -1.195909 
45 14  -2.468947 -1.289306 
45 15  -2.331004 -1.372578 
45 16  -2.199740 -1.447052 
45 17  -2.074311 -1.513802 
45 18  -1.954024 -1.573708 
45 19  -1.838302 -1.627501 
45 20  -1.726662 -1.675791 
45 21  -1.618696 -1.719094 
45 22  -1.514054 -1.757850 
45 23  -1.412434 -1.792433 
45 24  -1.313578 -1.823169 
45 25  -1.217257 -1.850339 
45 26  -1.123272 -1.874188 
45 27  -1.031449 -1.894929 
45 28  -0.941630 -1.912751 
45 29  -0.853678 -1.927820 
45 30  -0.767469 -1.940283 
45 31  -0.682892 -1.950268 
45 32  -0.599846 -1.957892 
45 33  -0.518242 -1.963255 
45 34  -0.437997 -1.966450 
45 35  -0.359037 -1.967555 
45 36  -0.281294 -1.966644 
45 37  -0.204706 -1.963778 
45 38  -0.129215 -1.959014 
45 39  -0.054771 -1.952402 
45 40  0.018676 -1.943983 
45 41  0.091169 -1.933796 
45 42  0.162749 -1.921872 
45 43  0.233454 -1.908238 
45 44  0.303318 -1.892916 
45 45  0.372375 -1.875925 
45 46  0.440653 -1.857278 
45 47  0.508180 -1.836985 
45 48  0.574983 -1.815051 
45 49  0.641084 -1.791479 
45 50  0.706506 -1.766265 
45 51  0.771269 -1.739404 
45 52  0.835393 -1.710887 
45 53  0.898894 -1.680700 
45 54  0.961788 -1.648824 
45 55  1.024091 -1.615239 
45 56  1.085815 -1.579917 
45 57  1.146973 -1.542830 
45 58  1.207576 -1.503941 
45 59  1.267634 -1.463210 
45 60  1.327154 -1.420592 
45 61  1.386146 -1.376035 
45 62  1.444614 -1.329483 
45 63  1.502565 -1.280870 
45 64  1.560002 -1.230125 
45 65  1.616927 -1.177170 
45 66  1.673342 -1.121914 
45 67  1.729248 -1.064259 
45 68  1.784641 -1.004097 
45 69  1.839520 -0.941303 
45 70  1.893879 -0.875743 
45 71  1.947712 -0.807264 
45 72  2.001009 -0.735696 
45 73  2.053758 -0.660846 
45 74  2.105947 -0.582500 
45 75  2.157558 -0.500413 
45 76  2.208570 -0.414310 
45 77  2.258958 -0.323876 
45 78  2.308694 -0.228751 
45 79  2.357742 -0.128519 
45 80  2.406060 -0.022702 
45 81  2.453599 0.089259 
45 82  2.500299 0.208021 
45 83  2.546089 0.334358 
45 84  2.590882 0.469197 
45 85  2.634574 0.613653 
45 86  2.677034 0.769087 
45 87  2.718104 0.937176 
45 88  2.757580 1.120024 
45 89  2.795207 1.320306 
45 90  2.830650 1.541493 
45 91  2.863466 1.788190 
45 92  2.893056 2.066661 
45 93  2.918578 2.385706 
45 94  2.938810 2.758153 
45 95  2.951892 3.203619 
45 96  2.954823 3.753960 
45 97  2.942351 4.465226 
45 98  2.904215 5.447729 
45 99  2.816688 6.958412 
45 100  2.606569 9.796000 
46 0  -7.818520 4.152778 
46 1  -6.466282 2.545614 
46 2  -5.647730 1.605717 
46 3  -5.072866 0.971215 
46 4  -4.632693 0.505901 
46 5  -4.276185 0.145922 
46 6  -3.975925 -0.143074 
46 7  -3.715713 -0.381410 
46 8  -3.485283 -0.581980 
46 9  -3.277767 -0.753416 
46 10  -3.088373 -0.901747 
46 11  -2.913640 -1.031328 
46 12  -2.750992 -1.145403 
46 13  -2.598469 -1.246441 
46 14  -2.454545 -1.336361 
46 15  -2.318014 -1.416683 
46 16  -2.187904 -1.488628 
46 17  -2.063423 -1.553190 
46 18  -1.943919 -1.611189 
46 19  -1.828845 -1.663307 
46 20  -1.717744 -1.710117 
46 21  -1.610225 -1.752104 
46 22  -1.505953 -1.789684 
46 23  -1.404639 -1.823213 
46 24  -1.306034 -1.852999 
46 25  -1.209918 -1.879309 
46 26  -1.116099 -1.902377 
46 27  -1.024406 -1.922409 
46 28  -0.934688 -1.939584 
46 29  -0.846810 -1.954060 
46 30  -0.760653 -1.965980 
46 31  -0.676107 -1.975467 
46 32  -0.593075 -1.982633 
46 33  -0.511468 -1.987576 
46 34  -0.431205 -1.990382 
46 35  -0.352215 -1.991131 
46 36  -0.274430 -1.989890 
46 37  -0.197789 -1.986722 
46 38  -0.122236 -1.981679 
46 39  -0.047719 -1.974811 
46 40  0.025808 -1.966157 
46 41  0.098389 -1.955755 
46 42  0.170065 -1.943635 
46 43  0.240872 -1.929823 
46 44  0.310847 -1.914341 
46 45  0.380019 -1.897206 
46 46  0.448420 -1.878431 
46 47  0.516076 -1.858025 
46 48  0.583013 -1.835994 
46 49  0.649255 -1.812339 
46 50  0.714823 -1.787058 
46 51  0.779739 -1.760145 
46 52  0.844021 -1.731591 
46 53  0.907687 -1.701381 
46 54  0.970752 -1.669498 
46 55  1.033231 -1.635921 
46 56  1.095139 -1.600624 
46 57  1.156487 -1.563577 
46 58  1.217287 -1.524746 
46 59  1.277549 -1.484091 
46 60  1.337282 -1.441567 
46 61  1.396494 -1.397125 
46 62  1.455191 -1.350709 
46 63  1.513379 -1.302254 
46 64  1.571063 -1.251693 
46 65  1.628246 -1.198946 
46 66  1.684929 -1.143928 
46 67  1.741115 -1.086543 
46 68  1.796801 -1.026683 
46 69  1.851986 -0.964230 
46 70  1.906666 -0.899053 
46 71  1.960835 -0.831002 
46 72  2.014487 -0.759914 
46 73  2.067610 -0.685602 
46 74  2.120194 -0.607860 
46 75  2.172223 -0.526452 
46 76  2.223679 -0.441113 
46 77  2.274541 -0.351541 
46 78  2.324782 -0.257390 
46 79  2.374372 -0.158265 
46 80  2.423274 -0.053709 
46 81  2.471445 0.056809 
46 82  2.518830 0.173910 
46 83  2.565369 0.298326 
46 84  2.610984 0.430927 
46 85  2.655585 0.572756 
46 86  2.699058 0.725080 
46 87  2.741264 0.889452 
46 88  2.782031 1.067806 
46 89  2.821138 1.262583 
46 90  2.858302 1.476924 
46 91  2.893153 1.714952 
46 92  2.925191 1.982209 
46 93  2.953730 2.286368 
46 94  2.977789 2.638412 
46 95  2.995911 3.054761 
46 96  3.005811 3.561303 
46 97  3.003651 4.201822 
46 98  2.982344 5.057747 
46 99  2.926884 6.302880 
46 100  2.797703 8.399267 
47 0  -7.253072 3.356032 
47 1  -6.175886 2.108223 
47 2  -5.470929 1.320391 
47 3  -4.954019 0.765492 
47 4  -4.547415 0.347553 
47 5  -4.212071 0.018304 
47 6  -3.925987 -0.249484 
47 7  -3.675712 -0.472485 
47 8  -3.452494 -0.661554 
47 9  -3.250360 -0.824109 
47 10  -3.065074 -0.965414 
47 11  -2.893533 -1.089327 
47 12  -2.733405 -1.198748 
47 13  -2.582894 -1.295910 
47 14  -2.440596 -1.382562 
47 15  -2.305387 -1.460097 
47 16  -2.176361 -1.529644 
47 17  -2.052774 -1.592123 
47 18  -1.934009 -1.648300 
47 19  -1.819549 -1.698813 
47 20  -1.708958 -1.744200 
47 21  -1.601861 -1.784921 
47 22  -1.497940 -1.821366 
47 23  -1.396916 -1.853875 
47 24  -1.298549 -1.882740 
47 25  -1.202626 -1.908216 
47 26  -1.108962 -1.930526 
47 27  -1.017390 -1.949867 
47 28  -0.927765 -1.966410 
47 29  -0.839956 -1.980309 
47 30  -0.753844 -1.991698 
47 31  -0.669324 -2.000698 
47 32  -0.586301 -2.007415 
47 33  -0.504687 -2.011945 
47 34  -0.424403 -2.014371 
47 35  -0.345380 -2.014768 
47 36  -0.267549 -2.013204 
47 37  -0.190853 -2.009738 
47 38  -0.115235 -2.004421 
47 39  -0.040644 -1.997300 
47 40  0.032965 -1.988415 
47 41  0.105637 -1.977801 
47 42  0.177410 -1.965487 
47 43  0.248322 -1.951499 
47 44  0.318407 -1.935858 
47 45  0.387697 -1.918580 
47 46  0.456221 -1.899678 
47 47  0.524007 -1.879160 
47 48  0.591080 -1.857032 
47 49  0.657463 -1.833296 
47 50  0.723179 -1.807947 
47 51  0.788248 -1.780982 
47 52  0.852689 -1.752389 
47 53  0.916519 -1.722155 
47 54  0.979755 -1.690264 
47 55  1.042412 -1.656694 
47 56  1.104503 -1.621419 
47 57  1.166042 -1.584411 
47 58  1.227039 -1.545635 
47 59  1.287505 -1.505053 
47 60  1.347449 -1.462621 
47 61  1.406880 -1.418290 
47 62  1.465805 -1.372005 
47 63  1.524230 -1.323705 
47 64  1.582160 -1.273321 
47 65  1.639598 -1.220777 
47 66  1.696548 -1.165990 
47 67  1.753011 -1.108866 
47 68  1.808987 -1.049300 
47 69  1.864475 -0.987178 
47 70  1.919472 -0.922372 
47 71  1.973974 -0.854737 
47 72  2.027975 -0.784114 
47 73  2.081467 -0.710324 
47 74  2.134439 -0.633166 
47 75  2.186878 -0.552414 
47 76  2.238770 -0.467813 
47 77  2.290095 -0.379071 
47 78  2.340830 -0.285858 
47 79  2.390948 -0.187797 
47 80  2.440418 -0.084450 
47 81  2.489200 0.024687 
47 82  2.537248 0.140203 
47 83  2.584508 0.262790 
47 84  2.630912 0.393266 
47 85  2.676382 0.532610 
47 86  2.720819 0.682004 
47 87  2.764103 0.842889 
47 88  2.806085 1.017048 
47 89  2.846577 1.206717 
47 90  2.885339 1.414751 
47 91  2.922060 1.644859 
47 92  2.956326 1.901973 
47 93  2.987574 2.192830 
47 94  3.015014 2.526917 
47 95  3.037496 2.918131 
47 96  3.053264 3.387824 
47 97  3.059468 3.970886 
47 98  3.051093 4.729199 
47 99  3.018247 5.785876 
47 100  2.937720 7.432349 
48 0  -6.836212 2.758411 
48 1  -5.941408 1.748431 
48 2  -5.320765 1.073323 
48 3  -4.849775 0.581452 
48 4  -4.470925 0.202678 
48 5  -4.153609 -0.100380 
48 6  -3.879872 -0.349679 
48 7  -3.638396 -0.559075 
48 8  -3.421651 -0.737798 
48 9  -3.224399 -0.892272 
48 10  -3.042872 -1.027124 
48 11  -2.874273 -1.145788 
48 12  -2.716480 -1.250873 
48 13  -2.567845 -1.344402 
48 14  -2.427066 -1.427974 
48 15  -2.293100 -1.502872 
48 16  -2.165095 -1.570139 
48 17  -2.042351 -1.630633 
48 18  -1.924284 -1.685066 
48 19  -1.810405 -1.734040 
48 20  -1.700296 -1.778060 
48 21  -1.593600 -1.817559 
48 22  -1.490011 -1.852909 
48 23  -1.389261 -1.884430 
48 24  -1.291118 -1.912402 
48 25  -1.195377 -1.937068 
48 26  -1.101858 -1.958641 
48 27  -1.010400 -1.977308 
48 28  -0.920861 -1.993235 
48 29  -0.833113 -2.006569 
48 30  -0.747041 -2.017440 
48 31  -0.662542 -2.025963 
48 32  -0.579523 -2.032241 
48 33  -0.497898 -2.036365 
48 34  -0.417591 -2.038418 
48 35  -0.338530 -2.038471 
48 36  -0.260652 -2.036588 
48 37  -0.183897 -2.032829 
48 38  -0.108212 -2.027241 
48 39  -0.033545 -2.019871 
48 40  0.040149 -2.010758 
48 41  0.112912 -1.999934 
48 42  0.184785 -1.987429 
48 43  0.255803 -1.973267 
48 44  0.326000 -1.957468 
48 45  0.395409 -1.940048 
48 46  0.464058 -1.921020 
48 47  0.531974 -1.900392 
48 48  0.599184 -1.878167 
48 49  0.665709 -1.854349 
48 50  0.731573 -1.828933 
48 51  0.796796 -1.801914 
48 52  0.861396 -1.773282 
48 53  0.925392 -1.743024 
48 54  0.988799 -1.711123 
48 55  1.051634 -1.677558 
48 56  1.113909 -1.642304 
48 57  1.175637 -1.605333 
48 58  1.236831 -1.566610 
48 59  1.297501 -1.526098 
48 60  1.357656 -1.483755 
48 61  1.417306 -1.439531 
48 62  1.476458 -1.393374 
48 63  1.535118 -1.345223 
48 64  1.593292 -1.295011 
48 65  1.650984 -1.242665 
48 66  1.708199 -1.188102 
48 67  1.764937 -1.131231 
48 68  1.821200 -1.071952 
48 69  1.876988 -1.010151 
48 70  1.932299 -0.945704 
48 71  1.987130 -0.878472 
48 72  2.041475 -0.808301 
48 73  2.095330 -0.735016 
48 74  2.148684 -0.658424 
48 75  2.201527 -0.578306 
48 76  2.253846 -0.494417 
48 77  2.305624 -0.406476 
48 78  2.356841 -0.314168 
48 79  2.407475 -0.217129 
48 80  2.457497 -0.114943 
48 81  2.506872 -0.007129 
48 82  2.555562 0.106872 
48 83  2.603518 0.227715 
48 84  2.650682 0.356171 
48 85  2.696984 0.493161 
48 86  2.742341 0.639789 
48 87  2.786648 0.797395 
48 88  2.829777 0.967630 
48 89  2.871569 1.152549 
48 90  2.911820 1.354753 
48 91  2.950270 1.577596 
48 92  2.986573 1.825492 
48 93  3.020270 2.104392 
48 94  3.050720 2.422558 
48 95  3.077014 2.791870 
48 96  3.097789 3.230163 
48 97  3.110904 3.765723 
48 98  3.112745 4.446727 
48 99  3.096584 5.363628 
48 100  3.048008 6.712099 
49 0  -6.513268 2.287052 
49 1  -5.747034 1.444459 
49 2  -5.191145 0.855834 
49 3  -4.757335 0.414975 
49 4  -4.401778 0.069075 
49 5  -4.099988 -0.211410 
49 6  -3.837091 -0.444453 
49 7  -3.603459 -0.641697 
49 8  -3.392553 -0.811062 
49 9  -3.199748 -0.958150 
49 10  -3.021671 -1.087055 
49 11  -2.855792 -1.200845 
49 12  -2.700169 -1.301876 
49 13  -2.553284 -1.391991 
49 14  -2.413930 -1.472656 
49 15  -2.281130 -1.545054 
49 16  -2.154087 -1.610152 
49 17  -2.032139 -1.668749 
49 18  -1.914734 -1.721513 
49 19  -1.801404 -1.769008 
49 20  -1.691752 -1.811711 
49 21  -1.585436 -1.850032 
49 22  -1.482161 -1.884323 
49 23  -1.381670 -1.914888 
49 24  -1.283739 -1.941993 
49 25  -1.188169 -1.965872 
49 26  -1.094786 -1.986726 
49 27  -1.003433 -2.004738 
49 28  -0.913973 -2.020064 
49 29  -0.826280 -2.032846 
49 30  -0.740243 -2.043209 
49 31  -0.655761 -2.051265 
49 32  -0.572741 -2.057112 
49 33  -0.491102 -2.060839 
49 34  -0.410766 -2.062525 
49 35  -0.331666 -2.062239 
49 36  -0.253737 -2.060044 
49 37  -0.176922 -2.055995 
49 38  -0.101166 -2.050141 
49 39  -0.026421 -2.042526 
49 40  0.047359 -2.033187 
49 41  0.120216 -2.022156 
49 42  0.192189 -2.009461 
49 43  0.263315 -1.995127 
49 44  0.333626 -1.979172 
49 45  0.403155 -1.961612 
49 46  0.471930 -1.942459 
49 47  0.539978 -1.921720 
49 48  0.607325 -1.899399 
49 49  0.673994 -1.875499 
49 50  0.740006 -1.850016 
49 51  0.805383 -1.822943 
49 52  0.870144 -1.794272 
49 53  0.934305 -1.763989 
49 54  0.997884 -1.732077 
49 55  1.060896 -1.698516 
49 56  1.123355 -1.663281 
49 57  1.185273 -1.626344 
49 58  1.246664 -1.587671 
49 59  1.307537 -1.547227 
49 60  1.367903 -1.504969 
49 61  1.427771 -1.460849 
49 62  1.487149 -1.414815 
49 63  1.546043 -1.366809 
49 64  1.604460 -1.316765 
49 65  1.662406 -1.264610 
49 66  1.719882 -1.210265 
49 67  1.776894 -1.153641 
49 68  1.833442 -1.094639 
49 69  1.889527 -1.033150 
49 70  1.945148 -0.969053 
49 71  2.000304 -0.902213 
49 72  2.054990 -0.832479 
49 73  2.109202 -0.759683 
49 74  2.162932 -0.683639 
49 75  2.216172 -0.604135 
49 76  2.268910 -0.520934 
49 77  2.321132 -0.433767 
49 78  2.372822 -0.342329 
49 79  2.423959 -0.246274 
49 80  2.474518 -0.145204 
49 81  2.524471 -0.038658 
49 82  2.573782 0.073893 
49 83  2.622410 0.193071 
49 84  2.670305 0.319605 
49 85  2.717407 0.454361 
49 86  2.763643 0.598373 
49 87  2.808924 0.752892 
49 88  2.853140 0.919447 
49 89  2.896156 1.099934 
49 90  2.937800 1.296734 
49 91  2.977852 1.512890 
49 92  3.016029 1.752371 
49 93  3.051951 2.020467 
49 94  3.085103 2.324424 
49 95  3.114757 2.674488 
49 96  3.139857 3.085728 
49 97  3.158777 3.581420 
49 98  3.168875 4.199842 
49 99  3.165467 5.009459 
49 100  3.139227 6.148050 
50 0  -6.253919 1.901456 
50 1  -5.582540 1.182190 
50 2  -5.077755 0.661766 
50 3  -4.674599 0.262958 
50 4  -4.338841 -0.054986 
50 5  -4.050550 -0.315826 
50 6  -3.797240 -0.534467 
50 7  -3.570641 -0.720791 
50 8  -3.365026 -0.881650 
50 9  -3.176287 -1.021961 
50 10  -3.001387 -1.145363 
50 11  -2.838027 -1.254613 
50 12  -2.684425 -1.351848 
50 13  -2.539177 -1.438748 
50 14  -2.401160 -1.516663 
50 15  -2.269458 -1.586686 
50 16  -2.143323 -1.649716 
50 17  -2.022127 -1.706499 
50 18  -1.905348 -1.757663 
50 19  -1.792538 -1.803737 
50 20  -1.683319 -1.845171 
50 21  -1.577363 -1.882354 
50 22  -1.474386 -1.915619 
50 23  -1.374140 -1.945257 
50 24  -1.276409 -1.971522 
50 25  -1.180999 -1.994634 
50 26  -1.087743 -2.014790 
50 27  -0.996488 -2.032161 
50 28  -0.907100 -2.046900 
50 29  -0.819456 -2.059143 
50 30  -0.733449 -2.069010 
50 31  -0.648978 -2.076608 
50 32  -0.565954 -2.082033 
50 33  -0.484296 -2.085369 
50 34  -0.403930 -2.086694 
50 35  -0.324786 -2.086075 
50 36  -0.246804 -2.083572 
50 37  -0.169925 -2.079239 
50 38  -0.094098 -2.073122 
50 39  -0.019272 -2.065265 
50 40  0.054596 -2.055703 
50 41  0.127549 -2.044467 
50 42  0.199624 -2.031586 
50 43  0.270859 -2.017081 
50 44  0.341285 -2.000971 
50 45  0.410935 -1.983272 
50 46  0.479837 -1.963994 
50 47  0.548018 -1.943145 
50 48  0.615503 -1.920729 
50 49  0.682316 -1.896747 
50 50  0.748478 -1.871196 
50 51  0.814010 -1.844069 
50 52  0.878932 -1.815358 
50 53  0.943259 -1.785049 
50 54  1.007010 -1.753125 
50 55  1.070200 -1.719566 
50 56  1.132842 -1.684348 
50 57  1.194951 -1.647444 
50 58  1.256538 -1.608820 
50 59  1.317615 -1.568441 
50 60  1.378191 -1.526265 
50 61  1.438276 -1.482245 
50 62  1.497879 -1.436332 
50 63  1.557007 -1.388466 
50 64  1.615666 -1.338584 
50 65  1.673863 -1.286615 
50 66  1.731600 -1.232482 
50 67  1.788883 -1.176098 
50 68  1.845713 -1.117365 
50 69  1.902093 -1.056179 
50 70  1.958021 -0.992422 
50 71  2.013498 -0.925961 
50 72  2.068521 -0.856652 
50 73  2.123085 -0.784331 
50 74  2.177186 -0.708818 
50 75  2.230816 -0.629908 
50 76  2.283966 -0.547372 
50 77  2.336624 -0.460952 
50 78  2.388776 -0.370355 
50 79  2.440404 -0.275247 
50 80  2.491487 -0.175249 
50 81  2.542002 -0.069921 
50 82  2.591916 0.041242 
50 83  2.641195 0.158830 
50 84  2.689796 0.283532 
50 85  2.737667 0.416165 
50 86  2.784745 0.557699 
50 87  2.830955 0.709305 
50 88  2.876203 0.872404 
50 89  2.920374 1.048747 
50 90  2.963324 1.240522 
50 91  3.004870 1.450502 
50 92  3.044777 1.682271 
50 93  3.082734 1.940558 
50 94  3.118323 2.231759 
50 95  3.150968 2.564781 
50 96  3.179840 2.952487 
50 97  3.203704 3.414279 
50 98  3.220604 3.981110 
50 99  3.227226 4.706096 
50 100  3.217351 5.689964 
51 0  -6.039882 1.577151 
51 1  -5.440992 0.952029 
51 2  -4.977446 0.486615 
51 3  -4.599951 0.123013 
51 4  -4.281212 -0.170884 
51 5  -4.004755 -0.414479 
51 6  -3.759981 -0.620273 
51 7  -3.539718 -0.796732 
51 8  -3.338919 -0.949823 
51 9  -3.153910 -1.083892 
51 10  -2.981946 -1.202188 
51 11  -2.820925 -1.307199 
51 12  -2.669209 -1.400867 
51 13  -2.525494 -1.484734 
51 14  -2.388733 -1.560042 
51 15  -2.258067 -1.627806 
51 16  -2.132788 -1.688863 
51 17  -2.012304 -1.743911 
51 18  -1.896117 -1.793538 
51 19  -1.783801 -1.838243 
51 20  -1.674993 -1.878454 
51 21  -1.569377 -1.914537 
51 22  -1.466682 -1.946809 
51 23  -1.366667 -1.975548 
51 24  -1.269124 -2.000994 
51 25  -1.173866 -2.023361 
51 26  -1.080728 -2.042836 
51 27  -0.989563 -2.059582 
51 28  -0.900240 -2.073748 
51 29  -0.812640 -2.085463 
51 30  -0.726657 -2.094844 
51 31  -0.642193 -2.101993 
51 32  -0.559161 -2.107004 
51 33  -0.477481 -2.109957 
51 34  -0.397080 -2.110928 
51 35  -0.317891 -2.109981 
51 36  -0.239853 -2.107175 
51 37  -0.162908 -2.102561 
51 38  -0.087006 -2.096186 
51 39  -0.012098 -2.088089 
51 40  0.061860 -2.078307 
51 41  0.134910 -2.066869 
51 42  0.207090 -2.053803 
51 43  0.278435 -2.039129 
51 44  0.348978 -2.022866 
51 45  0.418750 -2.005029 
51 46  0.487780 -1.985627 
51 47  0.556095 -1.964669 
51 48  0.623720 -1.942158 
51 49  0.690677 -1.918094 
51 50  0.756990 -1.892475 
51 51  0.822678 -1.865294 
51 52  0.887760 -1.836542 
51 53  0.952254 -1.806205 
51 54  1.016178 -1.774268 
51 55  1.079545 -1.740711 
51 56  1.142372 -1.705508 
51 57  1.204671 -1.668634 
51 58  1.266454 -1.630057 
51 59  1.327734 -1.589740 
51 60  1.388520 -1.547643 
51 61  1.448822 -1.503721 
51 62  1.508650 -1.457923 
51 63  1.568010 -1.410194 
51 64  1.626910 -1.360470 
51 65  1.685356 -1.308682 
51 66  1.743353 -1.254755 
51 67  1.800905 -1.198603 
51 68  1.858016 -1.140133 
51 69  1.914687 -1.079241 
51 70  1.970920 -1.015813 
51 71  2.026714 -0.949722 
51 72  2.082069 -0.880825 
51 73  2.136982 -0.808964 
51 74  2.191448 -0.733965 
51 75  2.245462 -0.655630 
51 76  2.299017 -0.573738 
51 77  2.352102 -0.488040 
51 78  2.404707 -0.398253 
51 79  2.456816 -0.304059 
51 80  2.508411 -0.205092 
51 81  2.559472 -0.100934 
51 82  2.609973 0.008898 
51 83  2.659883 0.124964 
51 84  2.709166 0.247919 
51 85  2.757777 0.378531 
51 86  2.805663 0.517716 
51 87  2.852761 0.666568 
51 88  2.898991 0.826413 
51 89  2.944256 0.998873 
51 90  2.988435 1.185965 
51 91  3.031378 1.390223 
51 92  3.072889 1.614900 
51 93  3.112714 1.864241 
51 94  3.150519 2.143927 
51 95  3.185843 2.461760 
51 96  3.218039 2.828816 
51 97  3.246163 3.261458 
51 98  3.268761 3.785098 
51 99  3.283457 4.441809 
51 100  3.286017 5.307511 
52 0  -5.859426 1.298394 
52 1  -5.317507 0.747203 
52 2  -4.887860 0.326998 
52 3  -4.532131 -0.006732 
52 4  -4.228162 -0.279739 
52 5  -3.962157 -0.508077 
52 6  -3.725027 -0.702340 
52 7  -3.510502 -0.869841 
52 8  -3.314102 -1.015812 
52 9  -3.132526 -1.144111 
52 10  -2.963280 -1.257654 
52 11  -2.804437 -1.358696 
52 12  -2.654484 -1.449007 
52 13  -2.512208 -1.530006 
52 14  -2.376628 -1.602840 
52 15  -2.246939 -1.668452 
52 16  -2.122470 -1.727622 
52 17  -2.002660 -1.781006 
52 18  -1.887034 -1.829156 
52 19  -1.775185 -1.872544 
52 20  -1.666766 -1.911573 
52 21  -1.561474 -1.946591 
52 22  -1.459045 -1.977902 
52 23  -1.359249 -2.005767 
52 24  -1.261883 -2.030419 
52 25  -1.166766 -2.052060 
52 26  -1.073738 -2.070870 
52 27  -0.982656 -2.087007 
52 28  -0.893392 -2.100612 
52 29  -0.805831 -2.111811 
52 30  -0.719867 -2.120716 
52 31  -0.635406 -2.127425 
52 32  -0.552362 -2.132029 
52 33  -0.470656 -2.134606 
52 34  -0.390217 -2.135228 
52 35  -0.310979 -2.133958 
52 36  -0.232882 -2.130853 
52 37  -0.155870 -2.125963 
52 38  -0.079891 -2.119333 
52 39  -0.004898 -2.111000 
52 40  0.069152 -2.101001 
52 41  0.142301 -2.089363 
52 42  0.214586 -2.076113 
52 43  0.286043 -2.061272 
52 44  0.356704 -2.044858 
52 45  0.426600 -2.026883 
52 46  0.495760 -2.007359 
52 47  0.564209 -1.986292 
52 48  0.631974 -1.963685 
52 49  0.699078 -1.939540 
52 50  0.765541 -1.913853 
52 51  0.831385 -1.886617 
52 52  0.896629 -1.857823 
52 53  0.961291 -1.827459 
52 54  1.025387 -1.795508 
52 55  1.088933 -1.761950 
52 56  1.151944 -1.726762 
52 57  1.214433 -1.689916 
52 58  1.276412 -1.651383 
52 59  1.337895 -1.611126 
52 60  1.398890 -1.569105 
52 61  1.459409 -1.525277 
52 62  1.519461 -1.479592 
52 63  1.579053 -1.431994 
52 64  1.638193 -1.382424 
52 65  1.696887 -1.330812 
52 66  1.755142 -1.277084 
52 67  1.812962 -1.221159 
52 68  1.870350 -1.162944 
52 69  1.927311 -1.102338 
52 70  1.983845 -1.039231 
52 71  2.039954 -0.973497 
52 72  2.095637 -0.905000 
52 73  2.150894 -0.833587 
52 74  2.205720 -0.759087 
52 75  2.260113 -0.681309 
52 76  2.314066 -0.600040 
52 77  2.367571 -0.515039 
52 78  2.420620 -0.426036 
52 79  2.473199 -0.332722 
52 80  2.525295 -0.234749 
52 81  2.576889 -0.131714 
52 82  2.627960 -0.023159 
52 83  2.678482 0.091451 
52 84  2.728424 0.212735 
52 85  2.777750 0.341424 
52 86  2.826414 0.478376 
52 87  2.874362 0.624621 
52 88  2.921528 0.781397 
52 89  2.967831 0.950212 
52 90  3.013171 1.132926 
52 91  3.057423 1.331869 
52 92  3.100427 1.550000 
52 93  3.141978 1.791151 
52 94  3.181806 2.060393 
52 95  3.219546 2.364605 
52 96  3.254695 2.713404 
52 97  3.286530 3.120733 
52 98  3.313969 3.607730 
52 99  3.335296 4.208324 
52 100  3.347589 4.981200 
53 0  -5.704645 1.054553 
53 1  -5.208535 0.562776 
53 2  -4.807194 0.180322 
53 3  -4.470136 -0.127766 
53 4  -4.179095 -0.382464 
53 5  -3.922385 -0.597211 
53 6  -3.692135 -0.781070 
53 7  -3.482827 -0.940399 
53 8  -3.290461 -1.079817 
53 9  -3.112054 -1.202764 
53 10  -2.945331 -1.311872 
53 11  -2.788519 -1.409188 
53 12  -2.640216 -1.496335 
53 13  -2.499292 -1.574617 
53 14  -2.364826 -1.645098 
53 15  -2.236058 -1.708656 
53 16  -2.112355 -1.766021 
53 17  -1.993184 -1.817808 
53 18  -1.878089 -1.864537 
53 19  -1.766685 -1.906654 
53 20  -1.658634 -1.944541 
53 21  -1.553648 -1.978529 
53 22  -1.451471 -2.008906 
53 23  -1.351882 -2.035924 
53 24  -1.254682 -2.059802 
53 25  -1.159697 -2.080736 
53 26  -1.066772 -2.098897 
53 27  -0.975766 -2.114439 
53 28  -0.886555 -2.127496 
53 29  -0.799026 -2.138190 
53 30  -0.713077 -2.146627 
53 31  -0.628614 -2.152905 
53 32  -0.545554 -2.157109 
53 33  -0.463820 -2.159317 
53 34  -0.383340 -2.159596 
53 35  -0.304050 -2.158009 
53 36  -0.225892 -2.154610 
53 37  -0.148809 -2.149447 
53 38  -0.072751 -2.142565 
53 39  0.002328 -2.133999 
53 40  0.076472 -2.123785 
53 41  0.149721 -2.111950 
53 42  0.222114 -2.098519 
53 43  0.293684 -2.083512 
53 44  0.364464 -2.066946 
53 45  0.434485 -2.048836 
53 46  0.503775 -2.029189 
53 47  0.572361 -2.008014 
53 48  0.640267 -1.985313 
53 49  0.707517 -1.961086 
53 50  0.774132 -1.935330 
53 51  0.840133 -1.908039 
53 52  0.905540 -1.879204 
53 53  0.970369 -1.848811 
53 54  1.034638 -1.816844 
53 55  1.098363 -1.783285 
53 56  1.161558 -1.748109 
53 57  1.224237 -1.711290 
53 58  1.286413 -1.672799 
53 59  1.348098 -1.632599 
53 60  1.409303 -1.590652 
53 61  1.470038 -1.546915 
53 62  1.530313 -1.501339 
53 63  1.590136 -1.453870 
53 64  1.649515 -1.404447 
53 65  1.708457 -1.353006 
53 66  1.766968 -1.299473 
53 67  1.825053 -1.243768 
53 68  1.882718 -1.185800 
53 69  1.939965 -1.125473 
53 70  1.996798 -1.062677 
53 71  2.053219 -0.997292 
53 72  2.109227 -0.929183 
53 73  2.164823 -0.858203 
53 74  2.220005 -0.784187 
53 75  2.274771 -0.706949 
53 76  2.329116 -0.626283 
53 77  2.383034 -0.541957 
53 78  2.436518 -0.453711 
53 79  2.489558 -0.361247 
53 80  2.542143 -0.264230 
53 81  2.594257 -0.162278 
53 82  2.645884 -0.054948 
53 83  2.697001 0.058266 
53 84  2.747582 0.177954 
53 85  2.797598 0.304807 
53 86  2.847010 0.439636 
53 87  2.895774 0.583410 
53 88  2.943835 0.737286 
53 89  2.991127 0.902670 
53 90  3.037565 1.081286 
53 91  3.083049 1.275277 
53 92  3.127449 1.487347 
53 93  3.170599 1.720971 
53 94  3.212284 1.980698 
53 95  3.252218 2.272630 
53 96  3.290010 2.605178 
53 97  3.325109 2.990332 
53 98  3.356711 3.445884 
53 99  3.383577 3.999620 
53 100  3.403672 4.697880 
54 0  -5.569998 0.838158 
54 1  -5.111429 0.395057 
54 2  -4.734040 0.044559 
54 3  -4.413158 -0.241293 
54 4  -4.133521 -0.479818 
54 5  -3.885123 -0.682384 
54 6  -3.661097 -0.856804 
54 7  -3.456551 -1.008649 
54 8  -3.267895 -1.142013 
54 9  -3.092420 -1.259985 
54 10  -2.928044 -1.364942 
54 11  -2.773131 -1.458754 
54 12  -2.626376 -1.542909 
54 13  -2.486724 -1.618613 
54 14  -2.353308 -1.686854 
54 15  -2.225412 -1.748450 
54 16  -2.102434 -1.804085 
54 17  -1.983867 -1.854337 
54 18  -1.869277 -1.899698 
54 19  -1.758293 -1.940589 
54 20  -1.650593 -1.977371 
54 21  -1.545896 -2.010361 
54 22  -1.443958 -2.039832 
54 23  -1.344563 -2.066025 
54 24  -1.247519 -2.089150 
54 25  -1.152658 -2.109394 
54 26  -1.059827 -2.126923 
54 27  -0.968891 -2.141883 
54 28  -0.879728 -2.154404 
54 29  -0.792226 -2.164602 
54 30  -0.706286 -2.172582 
54 31  -0.621818 -2.178436 
54 32  -0.538738 -2.182248 
54 33  -0.456971 -2.184092 
54 34  -0.376448 -2.184034 
54 35  -0.297104 -2.182134 
54 36  -0.218881 -2.178445 
54 37  -0.141726 -2.173014 
54 38  -0.065588 -2.165883 
54 39  0.009580 -2.157088 
54 40  0.083820 -2.146661 
54 41  0.157172 -2.134630 
54 42  0.229673 -2.121019 
54 43  0.301358 -2.105848 
54 44  0.372259 -2.089133 
54 45  0.442406 -2.070887 
54 46  0.511827 -2.051120 
54 47  0.580550 -2.029837 
54 48  0.648598 -2.007041 
54 49  0.715995 -1.982733 
54 50  0.782763 -1.956908 
54 51  0.848922 -1.929562 
54 52  0.914491 -1.900684 
54 53  0.979489 -1.870261 
54 54  1.043932 -1.838278 
54 55  1.107835 -1.804716 
54 56  1.171215 -1.769551 
54 57  1.234085 -1.732757 
54 58  1.296457 -1.694306 
54 59  1.358345 -1.654161 
54 60  1.419758 -1.612285 
54 61  1.480709 -1.568636 
54 62  1.541207 -1.523165 
54 63  1.601260 -1.475820 
54 64  1.660877 -1.426542 
54 65  1.720065 -1.375267 
54 66  1.778831 -1.321923 
54 67  1.837181 -1.266431 
54 68  1.895120 -1.208705 
54 69  1.952652 -1.148648 
54 70  2.009781 -1.086155 
54 71  2.066510 -1.021108 
54 72  2.122840 -0.953377 
54 73  2.178771 -0.882818 
54 74  2.234305 -0.809270 
54 75  2.289438 -0.732556 
54 76  2.344169 -0.652474 
54 77  2.398494 -0.568802 
54 78  2.452406 -0.481287 
54 79  2.505898 -0.389644 
54 80  2.558961 -0.293550 
54 81  2.611584 -0.192638 
54 82  2.663751 -0.086487 
54 83  2.715447 0.025388 
54 84  2.766649 0.143548 
54 85  2.817332 0.268648 
54 86  2.867467 0.401456 
54 87  2.917015 0.542883 
54 88  2.965933 0.694015 
54 89  3.014166 0.856165 
54 90  3.061648 1.030934 
54 91  3.108294 1.220301 
54 92  3.154002 1.426745 
54 93  3.198640 1.653428 
54 94  3.242039 1.904450 
54 95  3.283975 2.185255 
54 96  3.324148 2.503249 
54 97  3.362144 2.868827 
54 98  3.397368 3.297122 
54 99  3.428926 3.811199 
54 100  3.455406 4.448320 
55 0  -5.451475 0.643793 
55 1  -5.024168 0.241225 
55 2  -4.667284 -0.081901 
55 3  -4.360538 -0.348299 
55 4  -4.091027 -0.572437 
55 5  -3.850104 -0.764022 
55 6  -3.631732 -0.929841 
55 7  -3.431549 -1.074803 
55 8  -3.246315 -1.202559 
55 9  -3.073561 -1.315889 
55 10  -2.911374 -1.416953 
55 11  -2.758237 -1.507461 
55 12  -2.612937 -1.588784 
55 13  -2.474482 -1.662038 
55 14  -2.342058 -1.728142 
55 15  -2.214986 -1.787861 
55 16  -2.092695 -1.841837 
55 17  -1.974701 -1.890614 
55 18  -1.860590 -1.934655 
55 19  -1.750005 -1.974361 
55 20  -1.642636 -2.010074 
55 21  -1.538214 -2.042096 
55 22  -1.436502 -2.070687 
55 23  -1.337290 -2.096078 
55 24  -1.240393 -2.118469 
55 25  -1.145647 -2.138041 
55 26  -1.052903 -2.154952 
55 27  -0.962030 -2.169342 
55 28  -0.872908 -2.181338 
55 29  -0.785429 -2.191051 
55 30  -0.699495 -2.198583 
55 31  -0.615017 -2.204021 
55 32  -0.531914 -2.207448 
55 33  -0.450111 -2.208934 
55 34  -0.369541 -2.208544 
55 35  -0.290140 -2.206336 
55 36  -0.211851 -2.202362 
55 37  -0.134620 -2.196665 
55 38  -0.058399 -2.189288 
55 39  0.016859 -2.180266 
55 40  0.091197 -2.169629 
55 41  0.164653 -2.157405 
55 42  0.237264 -2.143616 
55 43  0.309065 -2.128283 
55 44  0.380088 -2.111420 
55 45  0.450362 -2.093039 
55 46  0.519917 -2.073151 
55 47  0.588777 -2.051760 
55 48  0.656969 -2.028870 
55 49  0.724514 -2.004481 
55 50  0.791435 -1.978588 
55 51  0.857752 -1.951185 
55 52  0.923485 -1.922264 
55 53  0.988651 -1.891811 
55 54  1.053268 -1.859810 
55 55  1.117351 -1.826244 
55 56  1.180916 -1.791088 
55 57  1.243976 -1.754318 
55 58  1.306544 -1.715904 
55 59  1.368634 -1.675812 
55 60  1.430257 -1.634005 
55 61  1.491423 -1.590440 
55 62  1.552143 -1.545072 
55 63  1.612425 -1.497847 
55 64  1.672279 -1.448710 
55 65  1.731712 -1.397596 
55 66  1.790732 -1.344435 
55 67  1.849345 -1.289151 
55 68  1.907556 -1.231660 
55 69  1.965372 -1.171866 
55 70  2.022794 -1.109667 
55 71  2.079829 -1.044948 
55 72  2.136477 -0.977584 
55 73  2.192741 -0.907434 
55 74  2.248621 -0.834342 
55 75  2.304118 -0.758135 
55 76  2.359229 -0.678620 
55 77  2.413953 -0.595580 
55 78  2.468285 -0.508772 
55 79  2.522221 -0.417922 
55 80  2.575754 -0.322719 
55 81  2.628873 -0.222810 
55 82  2.681569 -0.117792 
55 83  2.733828 -0.007202 
55 84  2.785632 0.109494 
55 85  2.836963 0.232918 
55 86  2.887795 0.363799 
55 87  2.938099 0.502994 
55 88  2.987840 0.651526 
55 89  3.036973 0.810623 
55 90  3.085445 0.981774 
55 91  3.133192 1.166812 
55 92  3.180131 1.368019 
55 93  3.226159 1.588280 
55 94  3.271145 1.831310 
55 95  3.314918 2.101987 
55 96  3.357252 2.406874 
55 97  3.397837 2.755051 
55 98  3.436241 3.159509 
55 99  3.471828 3.639624 
55 100  3.503625 4.225833 
56 0  -5.346098 0.467422 
56 1  -4.945181 0.099080 
56 2  -4.606029 -0.200356 
56 3  -4.311733 -0.449596 
56 4  -4.051267 -0.660855 
56 5  -3.817099 -0.842491 
56 6  -3.603884 -1.000439 
56 7  -3.407711 -1.139050 
56 8  -3.225642 -1.261593 
56 9  -3.055419 -1.370582 
56 10  -2.895275 -1.467987 
56 11  -2.743805 -1.555375 
56 12  -2.599872 -1.634011 
56 13  -2.462547 -1.704933 
56 14  -2.331060 -1.768996 
56 15  -2.204769 -1.826917 
56 16  -2.083129 -1.879299 
56 17  -1.965679 -1.926655 
56 18  -1.852022 -1.969424 
56 19  -1.741815 -2.007983 
56 20  -1.634761 -2.042662 
56 21  -1.530599 -2.073744 
56 22  -1.429099 -2.101480 
56 23  -1.330060 -2.126089 
56 24  -1.233301 -2.147766 
56 25  -1.138661 -2.166681 
56 26  -1.045998 -2.182988 
56 27  -0.955182 -2.196822 
56 28  -0.866095 -2.208303 
56 29  -0.778634 -2.217541 
56 30  -0.692701 -2.224632 
56 31  -0.608209 -2.229662 
56 32  -0.525079 -2.232710 
56 33  -0.443237 -2.233844 
56 34  -0.362617 -2.233128 
56 35  -0.283157 -2.230616 
56 36  -0.204799 -2.226360 
56 37  -0.127491 -2.220402 
56 38  -0.051184 -2.212782 
56 39  0.024166 -2.203535 
56 40  0.098602 -2.192691 
56 41  0.172164 -2.180275 
56 42  0.244887 -2.166311 
56 43  0.316805 -2.150816 
56 44  0.387951 -2.133805 
56 45  0.458354 -2.115292 
56 46  0.528043 -2.095284 
56 47  0.597042 -2.073786 
56 48  0.665378 -2.050802 
56 49  0.733072 -2.026331 
56 50  0.800148 -2.000369 
56 51  0.866624 -1.972910 
56 52  0.932521 -1.943945 
56 53  0.997856 -1.913461 
56 54  1.062647 -1.881442 
56 55  1.126910 -1.847870 
56 56  1.190660 -1.812722 
56 57  1.253910 -1.775974 
56 58  1.316676 -1.737595 
56 59  1.378968 -1.697554 
56 60  1.440799 -1.655812 
56 61  1.502180 -1.612330 
56 62  1.563121 -1.567060 
56 63  1.623633 -1.519953 
56 64  1.683723 -1.470951 
56 65  1.743401 -1.419994 
56 66  1.802673 -1.367012 
56 67  1.861547 -1.311930 
56 68  1.920029 -1.254666 
56 69  1.978125 -1.195128 
56 70  2.035840 -1.133216 
56 71  2.093177 -1.068817 
56 72  2.150140 -1.001809 
56 73  2.206733 -0.932056 
56 74  2.262956 -0.859407 
56 75  2.318811 -0.783692 
56 76  2.374298 -0.704726 
56 77  2.429415 -0.622299 
56 78  2.484161 -0.536175 
56 79  2.538533 -0.446091 
56 80  2.592525 -0.351747 
56 81  2.646131 -0.252805 
56 82  2.699343 -0.148878 
56 83  2.752150 -0.039524 
56 84  2.804541 0.075769 
56 85  2.856500 0.197590 
56 86  2.908007 0.326630 
56 87  2.959040 0.463702 
56 88  3.009570 0.609766 
56 89  3.059565 0.765974 
56 90  3.108983 0.933716 
56 91  3.157774 1.114695 
56 92  3.205873 1.311013 
56 93  3.253204 1.525317 
56 94  3.299667 1.760982 
56 95  3.345134 2.022403 
56 96  3.389439 2.315427 
56 97  3.432356 2.648039 
56 98  3.473577 3.031486 
56 99  3.512662 3.482218 
56 100  3.548952 4.025442 
57 0  -5.251600 0.305970 
57 1  -4.873227 -0.033121 
57 2  -4.549545 -0.311867 
57 3  -4.266289 -0.545866 
57 4  -4.013949 -0.745529 
57 5  -3.785911 -0.918107 
57 6  -3.577417 -1.068824 
57 7  -3.384940 -1.201554 
57 8  -3.205806 -1.319239 
57 9  -3.037941 -1.424160 
57 10  -2.879710 -1.518116 
57 11  -2.729805 -1.602551 
57 12  -2.587160 -1.678636 
57 13  -2.450901 -1.747334 
57 14  -2.320301 -1.809446 
57 15  -2.194749 -1.865643 
57 16  -2.073726 -1.916492 
57 17  -1.956792 -1.962479 
57 18  -1.843566 -2.004018 
57 19  -1.733719 -2.041469 
57 20  -1.626963 -2.075143 
57 21  -1.523046 -2.105313 
57 22  -1.421748 -2.132217 
57 23  -1.322870 -2.156066 
57 24  -1.226240 -2.177045 
57 25  -1.131700 -2.195320 
57 26  -1.039110 -2.211036 
57 27  -0.948344 -2.224325 
57 28  -0.859288 -2.235303 
57 29  -0.771840 -2.244074 
57 30  -0.685903 -2.250732 
57 31  -0.601394 -2.255361 
57 32  -0.518234 -2.258036 
57 33  -0.436350 -2.258825 
57 34  -0.355677 -2.257787 
57 35  -0.276154 -2.254976 
57 36  -0.197725 -2.250442 
57 37  -0.120338 -2.244226 
57 38  -0.043944 -2.236366 
57 39  0.031500 -2.226897 
57 40  0.106038 -2.215848 
57 41  0.179706 -2.203242 
57 42  0.252542 -2.189103 
57 43  0.324580 -2.173448 
57 44  0.395850 -2.156292 
57 45  0.466383 -2.137646 
57 46  0.536206 -2.117518 
57 47  0.605346 -2.095914 
57 48  0.673827 -2.072836 
57 49  0.741671 -2.048284 
57 50  0.808901 -2.022253 
57 51  0.875537 -1.994737 
57 52  0.941599 -1.965728 
57 53  1.007104 -1.935211 
57 54  1.072070 -1.903173 
57 55  1.136513 -1.869594 
57 56  1.200448 -1.834453 
57 57  1.263889 -1.797725 
57 58  1.326851 -1.759380 
57 59  1.389345 -1.719387 
57 60  1.451385 -1.677709 
57 61  1.512981 -1.634305 
57 62  1.574143 -1.589131 
57 63  1.634883 -1.542137 
57 64  1.695209 -1.493268 
57 65  1.755130 -1.442462 
57 66  1.814654 -1.389654 
57 67  1.873788 -1.334769 
57 68  1.932539 -1.277727 
57 69  1.990914 -1.218438 
57 70  2.048918 -1.156804 
57 71  2.106556 -1.092716 
57 72  2.163832 -1.026055 
57 73  2.220749 -0.956688 
57 74  2.277311 -0.884468 
57 75  2.333520 -0.809232 
57 76  2.389377 -0.730798 
57 77  2.444883 -0.648964 
57 78  2.500036 -0.563504 
57 79  2.554835 -0.474160 
57 80  2.609278 -0.380647 
57 81  2.663361 -0.282637 
57 82  2.717078 -0.179760 
57 83  2.770421 -0.071593 
57 84  2.823383 0.042351 
57 85  2.875951 0.162637 
57 86  2.928112 0.289919 
57 87  2.979849 0.424966 
57 88  3.031141 0.568684 
57 89  3.081963 0.722156 
57 90  3.132284 0.886681 
57 91  3.182067 1.063843 
57 92  3.231265 1.255590 
57 93  3.279822 1.464351 
57 94  3.327664 1.693208 
57 95  3.374699 1.946137 
57 96  3.420811 2.228374 
57 97  3.465841 2.546986 
57 98  3.509579 2.911783 
57 99  3.551730 3.336862 
57 100  3.591869 3.843357 
58 0  -5.166226 0.157045 
58 1  -4.807310 -0.156779 
58 2  -4.497231 -0.417307 
58 3  -4.223825 -0.637680 
58 4  -3.978820 -0.826849 
58 5  -3.756369 -0.991147 
58 6  -3.552210 -1.135196 
58 7  -3.363151 -1.262464 
58 8  -3.186744 -1.375609 
58 9  -3.021081 -1.476707 
58 10  -2.864643 -1.567408 
58 11  -2.716209 -1.649044 
58 12  -2.574779 -1.722701 
58 13  -2.439528 -1.789277 
58 14  -2.309767 -1.849520 
58 15  -2.184915 -1.904061 
58 16  -2.064479 -1.953435 
58 17  -1.948035 -1.998101 
58 18  -1.835218 -2.038451 
58 19  -1.725711 -2.074828 
58 20  -1.619237 -2.107528 
58 21  -1.515553 -2.136812 
58 22  -1.414444 -2.162906 
58 23  -1.315720 -2.186014 
58 24  -1.219209 -2.206313 
58 25  -1.124761 -2.223961 
58 26  -1.032237 -2.239100 
58 27  -0.941517 -2.251855 
58 28  -0.852486 -2.262339 
58 29  -0.765046 -2.270653 
58 30  -0.679102 -2.276887 
58 31  -0.594572 -2.281122 
58 32  -0.511377 -2.283430 
58 33  -0.429449 -2.283878 
58 34  -0.348720 -2.282522 
58 35  -0.269133 -2.279417 
58 36  -0.190630 -2.274608 
58 37  -0.113161 -2.268137 
58 38  -0.036678 -2.260042 
58 39  0.038863 -2.250353 
58 40  0.113502 -2.239100 
58 41  0.187280 -2.226307 
58 42  0.260231 -2.211995 
58 43  0.332389 -2.196181 
58 44  0.403785 -2.178880 
58 45  0.474449 -2.160103 
58 46  0.544408 -2.139856 
58 47  0.613689 -2.118146 
58 48  0.682315 -2.094974 
58 49  0.750310 -2.070340 
58 50  0.817696 -2.044240 
58 51  0.884493 -2.016667 
58 52  0.950720 -1.987613 
58 53  1.016395 -1.957063 
58 54  1.081536 -1.925005 
58 55  1.146160 -1.891418 
58 56  1.210280 -1.856282 
58 57  1.273913 -1.819572 
58 58  1.337071 -1.781259 
58 59  1.399768 -1.741312 
58 60  1.462015 -1.699695 
58 61  1.523826 -1.656368 
58 62  1.585209 -1.611287 
58 63  1.646177 -1.564402 
58 64  1.706738 -1.515661 
58 65  1.766901 -1.465004 
58 66  1.826675 -1.412364 
58 67  1.886068 -1.357671 
58 68  1.945087 -1.300844 
58 69  2.003739 -1.241797 
58 70  2.062030 -1.180434 
58 71  2.119966 -1.116649 
58 72  2.177552 -1.050324 
58 73  2.234792 -0.981332 
58 74  2.291689 -0.909529 
58 75  2.348248 -0.834758 
58 76  2.404470 -0.756841 
58 77  2.460358 -0.675583 
58 78  2.515912 -0.590764 
58 79  2.571133 -0.502137 
58 80  2.626019 -0.409426 
58 81  2.680569 -0.312316 
58 82  2.734779 -0.210453 
58 83  2.788646 -0.103428 
58 84  2.842164 0.009222 
58 85  2.895325 0.128036 
58 86  2.948121 0.253636 
58 87  3.000539 0.386750 
58 88  3.052565 0.528236 
58 89  3.104182 0.679112 
58 90  3.155368 0.840596 
58 91  3.206097 1.014165 
58 92  3.256338 1.201624 
58 93  3.306050 1.405216 
58 94  3.355184 1.627762 
58 95  3.403679 1.872873 
58 96  3.451455 2.145261 
58 97  3.498412 2.451215 
58 98  3.544414 2.799351 
58 99  3.589279 3.201856 
58 100  3.632753 3.676637 
59 0  -5.088590 0.018761 
59 1  -4.746620 -0.273038 
59 2  -4.448587 -0.517406 
59 3  -4.184019 -0.725527 
59 4  -3.945664 -0.905153 
59 5  -3.728323 -1.061849 
59 6  -3.528159 -1.199730 
59 7  -3.342266 -1.321911 
59 8  -3.168400 -1.430802 
59 9  -3.004796 -1.528301 
59 10  -2.850042 -1.615924 
59 11  -2.702993 -1.694902 
59 12  -2.562710 -1.766245 
59 13  -2.428412 -1.830791 
59 14  -2.299446 -1.889243 
59 15  -2.175259 -1.942192 
59 16  -2.055379 -1.990146 
59 17  -1.939399 -2.033536 
59 18  -1.826971 -2.072736 
59 19  -1.717787 -2.108072 
59 20  -1.611581 -2.139827 
59 21  -1.508117 -2.168248 
59 22  -1.407187 -2.193555 
59 23  -1.308605 -2.215940 
59 24  -1.212206 -2.235574 
59 25  -1.117842 -2.252610 
59 26  -1.025379 -2.267184 
59 27  -0.934698 -2.279417 
59 28  -0.845688 -2.289417 
59 29  -0.758251 -2.297281 
59 30  -0.672296 -2.303098 
59 31  -0.587740 -2.306945 
59 32  -0.504509 -2.308893 
59 33  -0.422532 -2.309005 
59 34  -0.341746 -2.307337 
59 35  -0.262091 -2.303941 
59 36  -0.183512 -2.298861 
59 37  -0.105959 -2.292139 
59 38  -0.029385 -2.283809 
59 39  0.046253 -2.273903 
59 40  0.120997 -2.262449 
59 41  0.194885 -2.249470 
59 42  0.267952 -2.234987 
59 43  0.340232 -2.219016 
59 44  0.411755 -2.201571 
59 45  0.482551 -2.182662 
59 46  0.552647 -2.162298 
59 47  0.622070 -2.140482 
59 48  0.690843 -2.117217 
59 49  0.758990 -2.092501 
59 50  0.826533 -2.066332 
59 51  0.893491 -2.038701 
59 52  0.959884 -2.009601 
59 53  1.025730 -1.979018 
59 54  1.091047 -1.946938 
59 55  1.155851 -1.913342 
59 56  1.220157 -1.878210 
59 57  1.283981 -1.841516 
59 58  1.347336 -1.803234 
59 59  1.410235 -1.763330 
59 60  1.472691 -1.721772 
59 61  1.534715 -1.678518 
59 62  1.596320 -1.633527 
59 63  1.657514 -1.586749 
59 64  1.718310 -1.538133 
59 65  1.778714 -1.487619 
59 66  1.838738 -1.435143 
59 67  1.898389 -1.380636 
59 68  1.957674 -1.324019 
59 69  2.016602 -1.265208 
59 70  2.075178 -1.204108 
59 71  2.133410 -1.140617 
59 72  2.191303 -1.074620 
59 73  2.248861 -1.005993 
59 74  2.306091 -0.934596 
59 75  2.362996 -0.860275 
59 76  2.419579 -0.782860 
59 77  2.475845 -0.702160 
59 78  2.531794 -0.617963 
59 79  2.587428 -0.530030 
59 80  2.642750 -0.438095 
59 81  2.697758 -0.341854 
59 82  2.752452 -0.240967 
59 83  2.806831 -0.135043 
59 84  2.860892 -0.023637 
59 85  2.914631 0.093764 
59 86  2.968042 0.217753 
59 87  3.021120 0.349022 
59 88  3.073855 0.488381 
59 89  3.126238 0.636791 
59 90  3.178254 0.795395 
59 91  3.229887 0.965573 
59 92  3.281119 1.149005 
59 93  3.331924 1.347765 
59 94  3.382274 1.564443 
59 95  3.432130 1.802332 
59 96  3.481448 2.065692 
59 97  3.530170 2.360149 
59 98  3.578222 2.693318 
59 99  3.625509 3.075814 
59 100  3.671903 3.522958 
60 0  -5.017584 -0.110400 
60 1  -4.690491 -0.382836 
60 2  -4.403193 -0.612778 
60 3  -4.146594 -0.809823 
60 4  -3.914294 -0.980732 
60 5  -3.701643 -1.130426 
60 6  -3.505168 -1.262583 
60 7  -3.322217 -1.380013 
60 8  -3.150723 -1.484911 
60 9  -2.989049 -1.579013 
60 10  -2.835877 -1.663718 
60 11  -2.690135 -1.740169 
60 12  -2.550935 -1.809304 
60 13  -2.417540 -1.871908 
60 14  -2.289327 -1.928640 
60 15  -2.165771 -1.980058 
60 16  -2.046418 -2.026641 
60 17  -1.930881 -2.068798 
60 18  -1.818820 -2.106885 
60 19  -1.709943 -2.141212 
60 20  -1.603991 -2.172048 
60 21  -1.500734 -2.199630 
60 22  -1.399972 -2.224169 
60 23  -1.301524 -2.245848 
60 24  -1.205229 -2.264834 
60 25  -1.110942 -2.281271 
60 26  -1.018534 -2.295292 
60 27  -0.927886 -2.307012 
60 28  -0.838892 -2.316537 
60 29  -0.751454 -2.323961 
60 30  -0.665484 -2.329368 
60 31  -0.580900 -2.332833 
60 32  -0.497628 -2.334426 
60 33  -0.415600 -2.334207 
60 34  -0.334753 -2.332232 
60 35  -0.255028 -2.328549 
60 36  -0.176371 -2.323202 
60 37  -0.098733 -2.316231 
60 38  -0.022066 -2.307670 
60 39  0.053673 -2.297549 
60 40  0.128523 -2.285896 
60 41  0.202523 -2.272733 
60 42  0.275707 -2.258080 
60 43  0.348110 -2.241953 
60 44  0.419761 -2.224365 
60 45  0.490691 -2.205326 
60 46  0.560925 -2.184844 
60 47  0.630491 -2.162923 
60 48  0.699412 -2.139564 
60 49  0.767712 -2.114767 
60 50  0.835411 -2.088528 
60 51  0.902531 -2.060839 
60 52  0.969091 -2.031693 
60 53  1.035108 -2.001076 
60 54  1.100602 -1.968973 
60 55  1.165587 -1.935367 
60 56  1.230080 -1.900237 
60 57  1.294095 -1.863559 
60 58  1.357646 -1.825304 
60 59  1.420748 -1.785443 
60 60  1.483412 -1.743941 
60 61  1.545650 -1.700758 
60 62  1.607475 -1.655853 
60 63  1.668897 -1.609179 
60 64  1.729925 -1.560684 
60 65  1.790571 -1.510309 
60 66  1.850843 -1.457993 
60 67  1.910750 -1.403667 
60 68  1.970301 -1.347255 
60 69  2.029502 -1.288672 
60 70  2.088362 -1.227829 
60 71  2.146888 -1.164624 
60 72  2.205085 -1.098946 
60 73  2.262960 -1.030674 
60 74  2.320519 -0.959671 
60 75  2.377766 -0.885788 
60 76  2.434706 -0.808860 
60 77  2.491344 -0.728701 
60 78  2.547682 -0.645107 
60 79  2.603725 -0.557846 
60 80  2.659474 -0.466662 
60 81  2.714933 -0.371262 
60 82  2.770101 -0.271317 
60 83  2.824981 -0.166453 
60 84  2.879572 -0.056245 
60 85  2.933874 0.059800 
60 86  2.987885 0.182245 
60 87  3.041603 0.311749 
60 88  3.095024 0.449080 
60 89  3.148145 0.595143 
60 90  3.200958 0.751016 
60 91  3.253458 0.917990 
60 92  3.305634 1.097632 
60 93  3.357477 1.291864 
60 94  3.408972 1.503073 
60 95  3.460105 1.734273 
60 96  3.510856 1.989328 
60 97  3.561204 2.273296 
60 98  3.611124 2.592948 
60 99  3.660587 2.957595 
60 100  3.709561 3.380458 
61 0  -4.952309 -0.231669 
61 1  -4.638371 -0.486958 
61 2  -4.360692 -0.703945 
61 3  -4.111312 -0.890928 
61 4  -3.884547 -1.053844 
61 5  -3.676213 -1.197065 
61 6  -3.483156 -1.323893 
61 7  -3.302943 -1.436876 
61 8  -3.133667 -1.538015 
61 9  -2.973804 -1.628906 
61 10  -2.822122 -1.710843 
61 11  -2.677612 -1.784886 
61 12  -2.539437 -1.851911 
61 13  -2.406897 -1.912653 
61 14  -2.279400 -1.967733 
61 15  -2.156442 -2.017677 
61 16  -2.037590 -2.062936 
61 17  -1.922472 -2.103901 
61 18  -1.810762 -2.140910 
61 19  -1.702176 -2.174256 
61 20  -1.596463 -2.204199 
61 21  -1.493403 -2.230965 
61 22  -1.392798 -2.254754 
61 23  -1.294475 -2.275746 
61 24  -1.198276 -2.294097 
61 25  -1.104060 -2.309949 
61 26  -1.011700 -2.323427 
61 27  -0.921081 -2.334645 
61 28  -0.832097 -2.343704 
61 29  -0.744654 -2.350695 
61 30  -0.658665 -2.355699 
61 31  -0.574049 -2.358789 
61 32  -0.490734 -2.360033 
61 33  -0.408653 -2.359488 
61 34  -0.327742 -2.357209 
61 35  -0.247944 -2.353243 
61 36  -0.169207 -2.347632 
61 37  -0.091481 -2.340415 
61 38  -0.014719 -2.331625 
61 39  0.061121 -2.321292 
61 40  0.136079 -2.309442 
61 41  0.210192 -2.296096 
61 42  0.283496 -2.281275 
61 43  0.356023 -2.264993 
61 44  0.427804 -2.247263 
61 45  0.498868 -2.228094 
61 46  0.569242 -2.207495 
61 47  0.638952 -2.185469 
61 48  0.708022 -2.162017 
61 49  0.776474 -2.137139 
61 50  0.844332 -2.110830 
61 51  0.911614 -2.083083 
61 52  0.978341 -2.053890 
61 53  1.044531 -2.023237 
61 54  1.110201 -1.991112 
61 55  1.175368 -1.957494 
61 56  1.240047 -1.922365 
61 57  1.304254 -1.885700 
61 58  1.368003 -1.847472 
61 59  1.431307 -1.807651 
61 60  1.494179 -1.766202 
61 61  1.556631 -1.723088 
61 62  1.618676 -1.678268 
61 63  1.680324 -1.631693 
61 64  1.741586 -1.583315 
61 65  1.802472 -1.533076 
61 66  1.862991 -1.480916 
61 67  1.923154 -1.426765 
61 68  1.982968 -1.370552 
61 69  2.042442 -1.312193 
61 70  2.101584 -1.251599 
61 71  2.160401 -1.188673 
61 72  2.218901 -1.123305 
61 73  2.277090 -1.055377 
61 74  2.334974 -0.984757 
61 75  2.392560 -0.911300 
61 76  2.449853 -0.834845 
61 77  2.506859 -0.755212 
61 78  2.563581 -0.672203 
61 79  2.620026 -0.585593 
61 80  2.676197 -0.495135 
61 81  2.732097 -0.400547 
61 82  2.787731 -0.301513 
61 83  2.843102 -0.197672 
61 84  2.898211 -0.088616 
61 85  2.953062 0.026125 
61 86  3.007657 0.147090 
61 87  3.061997 0.274904 
61 88  3.116083 0.410297 
61 89  3.169916 0.554126 
61 90  3.223498 0.707405 
61 91  3.276828 0.871346 
61 92  3.329907 1.047415 
61 93  3.382736 1.237395 
61 94  3.435315 1.443495 
61 95  3.487647 1.668479 
61 96  3.539737 1.915869 
61 97  3.591590 2.190233 
61 98  3.643222 2.497621 
61 99  3.694654 2.846252 
61 100  3.745927 3.247625 
62 0  -4.892029 -0.346059 
62 1  -4.589797 -0.586062 
62 2  -4.320783 -0.791350 
62 3  -4.077970 -0.969153 
62 4  -3.856279 -1.124712 
62 5  -3.651931 -1.261931 
62 6  -3.462047 -1.383787 
62 7  -3.284390 -1.492596 
62 8  -3.117191 -1.590190 
62 9  -2.959030 -1.678041 
62 10  -2.808752 -1.757346 
62 11  -2.665407 -1.829091 
62 12  -2.528202 -1.894097 
62 13  -2.396472 -1.953054 
62 14  -2.269653 -2.006544 
62 15  -2.147264 -2.055066 
62 16  -2.028889 -2.099047 
62 17  -1.914169 -2.138858 
62 18  -1.802791 -2.174820 
62 19  -1.694480 -2.207215 
62 20  -1.588994 -2.236289 
62 21  -1.486119 -2.262259 
62 22  -1.385663 -2.285318 
62 23  -1.287457 -2.305637 
62 24  -1.191346 -2.323368 
62 25  -1.097194 -2.338646 
62 26  -1.004877 -2.351594 
62 27  -0.914281 -2.362320 
62 28  -0.825303 -2.370921 
62 29  -0.737851 -2.377486 
62 30  -0.651839 -2.382093 
62 31  -0.567188 -2.384815 
62 32  -0.483827 -2.385714 
62 33  -0.401688 -2.384848 
62 34  -0.320711 -2.382269 
62 35  -0.240839 -2.378024 
62 36  -0.162019 -2.372153 
62 37  -0.084203 -2.364693 
62 38  -0.007344 -2.355677 
62 39  0.068599 -2.345133 
62 40  0.143666 -2.333088 
62 41  0.217895 -2.319561 
62 42  0.291319 -2.304573 
62 43  0.363971 -2.288136 
62 44  0.435883 -2.270265 
62 45  0.507083 -2.250969 
62 46  0.577597 -2.230253 
62 47  0.647452 -2.208122 
62 48  0.716672 -2.184577 
62 49  0.785279 -2.159617 
62 50  0.853295 -2.133238 
62 51  0.920741 -2.105432 
62 52  0.987636 -2.076192 
62 53  1.053998 -2.045504 
62 54  1.119846 -2.013354 
62 55  1.185194 -1.979724 
62 56  1.250061 -1.944594 
62 57  1.314460 -1.907941 
62 58  1.378405 -1.869738 
62 59  1.441912 -1.829954 
62 60  1.504992 -1.788558 
62 61  1.567658 -1.745510 
62 62  1.629923 -1.700770 
62 63  1.691797 -1.654293 
62 64  1.753291 -1.606028 
62 65  1.814417 -1.555921 
62 66  1.875183 -1.503912 
62 67  1.935600 -1.449933 
62 68  1.995677 -1.393912 
62 69  2.055422 -1.335771 
62 70  2.114844 -1.275420 
62 71  2.173952 -1.212765 
62 72  2.232751 -1.147699 
62 73  2.291251 -1.080107 
62 74  2.349458 -1.009860 
62 75  2.407380 -0.936817 
62 76  2.465022 -0.860821 
62 77  2.522391 -0.781698 
62 78  2.579493 -0.699256 
62 79  2.636334 -0.613278 
62 80  2.692919 -0.523523 
62 81  2.749255 -0.429721 
62 82  2.805346 -0.331566 
62 83  2.861197 -0.228712 
62 84  2.916814 -0.120766 
62 85  2.972202 -0.007279 
62 86  3.027365 0.112264 
62 87  3.082310 0.238459 
62 88  3.137041 0.372000 
62 89  3.191564 0.513697 
62 90  3.245887 0.664510 
62 91  3.300015 0.825577 
62 92  3.353959 0.998270 
62 93  3.407727 1.184251 
62 94  3.461335 1.385566 
62 95  3.514799 1.604761 
62 96  3.568141 1.845056 
62 97  3.621394 2.110592 
62 98  3.674601 2.406803 
62 99  3.727827 2.740988 
62 100  3.781165 3.123218 
63 0  -4.836131 -0.454412 
63 1  -4.544377 -0.680704 
63 2  -4.283203 -0.875378 
63 3  -4.046387 -1.044771 
63 4  -3.829365 -1.193534 
63 5  -3.628706 -1.325170 
63 6  -3.441775 -1.442374 
63 7  -3.266506 -1.547258 
63 8  -3.101256 -1.641503 
63 9  -2.944697 -1.726469 
63 10  -2.795745 -1.803268 
63 11  -2.653501 -1.872820 
63 12  -2.517215 -1.935892 
63 13  -2.386254 -1.993133 
63 14  -2.260079 -2.045092 
63 15  -2.138230 -2.092242 
63 16  -2.020308 -2.134987 
63 17  -1.905966 -2.173680 
63 18  -1.794904 -2.208627 
63 19  -1.686854 -2.240097 
63 20  -1.581582 -2.268325 
63 21  -1.478881 -2.293519 
63 22  -1.378564 -2.315866 
63 23  -1.280466 -2.335528 
63 24  -1.184437 -2.352652 
63 25  -1.090343 -2.367369 
63 26  -0.998063 -2.379796 
63 27  -0.907485 -2.390038 
63 28  -0.818509 -2.398190 
63 29  -0.731044 -2.404336 
63 30  -0.645005 -2.408554 
63 31  -0.560316 -2.410912 
63 32  -0.476905 -2.411472 
63 33  -0.394706 -2.410290 
63 34  -0.313661 -2.407415 
63 35  -0.233712 -2.402894 
63 36  -0.154807 -2.396765 
63 37  -0.076898 -2.389065 
63 38  0.000059 -2.379825 
63 39  0.076107 -2.369074 
63 40  0.151285 -2.356835 
63 41  0.225630 -2.343129 
63 42  0.299176 -2.327974 
63 43  0.371956 -2.311385 
63 44  0.443999 -2.293374 
63 45  0.515336 -2.273949 
63 46  0.585992 -2.253118 
63 47  0.655993 -2.230882 
63 48  0.725363 -2.207245 
63 49  0.794125 -2.182203 
63 50  0.862301 -2.155753 
63 51  0.929911 -2.127889 
63 52  0.996975 -2.098600 
63 53  1.063510 -2.067875 
63 54  1.129535 -2.035700 
63 55  1.195067 -2.002057 
63 56  1.260120 -1.966925 
63 57  1.324712 -1.930283 
63 58  1.388855 -1.892103 
63 59  1.452564 -1.852355 
63 60  1.515852 -1.811008 
63 61  1.578732 -1.768024 
63 62  1.641216 -1.723362 
63 63  1.703316 -1.676979 
63 64  1.765043 -1.628825 
63 65  1.826407 -1.578846 
63 66  1.887420 -1.526983 
63 67  1.948091 -1.473171 
63 68  2.008429 -1.417339 
63 69  2.068444 -1.359408 
63 70  2.128144 -1.299294 
63 71  2.187540 -1.236903 
63 72  2.246637 -1.172131 
63 73  2.305446 -1.104865 
63 74  2.363973 -1.034981 
63 75  2.422227 -0.962340 
63 76  2.480214 -0.886791 
63 77  2.537943 -0.808164 
63 78  2.595419 -0.726272 
63 79  2.652651 -0.640906 
63 80  2.709646 -0.551834 
63 81  2.766409 -0.458792 
63 82  2.822949 -0.361486 
63 83  2.879272 -0.259585 
63 84  2.935387 -0.152710 
63 85  2.991299 -0.040430 
63 86  3.047018 0.077746 
63 87  3.102551 0.202389 
63 88  3.157908 0.334157 
63 89  3.213100 0.473821 
63 90  3.268138 0.622285 
63 91  3.323036 0.780624 
63 92  3.377808 0.950122 
63 93  3.432475 1.132335 
63 94  3.487061 1.329160 
63 95  3.541595 1.542950 
63 96  3.596115 1.776658 
63 97  3.650674 2.034053 
63 98  3.705339 2.320039 
63 99  3.760207 2.641130 
63 100  3.815414 3.006206 
64 0  -4.784104 -0.557433 
64 1  -4.501778 -0.771362 
64 2  -4.247730 -0.956362 
64 3  -4.016407 -1.118020 
64 4  -3.803693 -1.260487 
64 5  -3.606458 -1.386917 
64 6  -3.422281 -1.499758 
64 7  -3.249248 -1.600941 
64 8  -3.085828 -1.692017 
64 9  -2.930779 -1.774242 
64 10  -2.783079 -1.848651 
64 11  -2.641877 -1.916104 
64 12  -2.506462 -1.977321 
64 13  -2.376231 -2.032912 
64 14  -2.250669 -2.083397 
64 15  -2.129333 -2.129221 
64 16  -2.011841 -2.170770 
64 17  -1.897859 -2.208379 
64 18  -1.787095 -2.242340 
64 19  -1.679293 -2.272910 
64 20  -1.574224 -2.300314 
64 21  -1.471686 -2.324752 
64 22  -1.371500 -2.346402 
64 23  -1.273502 -2.365422 
64 24  -1.177548 -2.381952 
64 25  -1.083506 -2.396119 
64 26  -0.991256 -2.408035 
64 27  -0.900692 -2.417803 
64 28  -0.811713 -2.425513 
64 29  -0.724231 -2.431249 
64 30  -0.638162 -2.435083 
64 31  -0.553431 -2.437083 
64 32  -0.469967 -2.437308 
64 33  -0.387707 -2.435814 
64 34  -0.306590 -2.432648 
64 35  -0.226562 -2.427854 
64 36  -0.147570 -2.421470 
64 37  -0.069568 -2.413533 
64 38  0.007490 -2.404072 
64 39  0.083645 -2.393114 
64 40  0.158935 -2.380683 
64 41  0.233398 -2.366800 
64 42  0.307068 -2.351480 
64 43  0.379976 -2.334740 
64 44  0.452153 -2.316589 
64 45  0.523627 -2.297037 
64 46  0.594426 -2.276090 
64 47  0.664574 -2.253750 
64 48  0.734096 -2.230020 
64 49  0.803014 -2.204897 
64 50  0.871351 -2.178376 
64 51  0.939125 -2.150452 
64 52  1.006358 -2.121115 
64 53  1.073067 -2.090353 
64 54  1.139271 -2.058152 
64 55  1.204985 -2.024494 
64 56  1.270227 -1.989360 
64 57  1.335010 -1.952726 
64 58  1.399351 -1.914567 
64 59  1.463263 -1.874854 
64 60  1.526759 -1.833554 
64 61  1.589853 -1.790631 
64 62  1.652557 -1.746045 
64 63  1.714882 -1.699753 
64 64  1.776841 -1.651706 
64 65  1.838444 -1.601851 
64 66  1.899702 -1.550131 
64 67  1.960625 -1.496481 
64 68  2.021223 -1.440832 
64 69  2.081507 -1.383108 
64 70  2.141485 -1.323224 
64 71  2.201166 -1.261090 
64 72  2.260560 -1.196604 
64 73  2.319675 -1.129656 
64 74  2.378520 -1.060125 
64 75  2.437103 -0.987875 
64 76  2.495433 -0.912760 
64 77  2.553517 -0.834615 
64 78  2.611363 -0.753257 
64 79  2.668981 -0.668485 
64 80  2.726379 -0.580073 
64 81  2.783564 -0.487767 
64 82  2.840545 -0.391284 
64 83  2.897332 -0.290303 
64 84  2.953933 -0.184461 
64 85  3.010359 -0.073344 
64 86  3.066620 0.043519 
64 87  3.122727 0.166671 
64 88  3.178694 0.296741 
64 89  3.234535 0.434461 
64 90  3.290265 0.580686 
64 91  3.345904 0.736431 
64 92  3.401473 0.902904 
64 93  3.457001 1.081558 
64 94  3.512519 1.274162 
64 95  3.568068 1.482894 
64 96  3.623699 1.710470 
64 97  3.679481 1.960335 
64 98  3.735502 2.236931 
64 99  3.791882 2.546102 
64 100  3.848788 2.895724 
65 0  -4.735517 -0.655721 
65 1  -4.461713 -0.858444 
65 2  -4.214165 -1.034589 
65 3  -3.987894 -1.189110 
65 4  -3.779164 -1.325726 
65 5  -3.585114 -1.447288 
65 6  -3.403509 -1.556028 
65 7  -3.232573 -1.653718 
65 8  -3.070877 -1.741787 
65 9  -2.917252 -1.821404 
65 10  -2.770735 -1.893531 
65 11  -2.630521 -1.958975 
65 12  -2.495933 -2.018410 
65 13  -2.366395 -2.072413 
65 14  -2.241414 -2.121475 
65 15  -2.120566 -2.166018 
65 16  -2.003483 -2.206408 
65 17  -1.889842 -2.242966 
65 18  -1.779362 -2.275969 
65 19  -1.671794 -2.305663 
65 20  -1.566916 -2.332264 
65 21  -1.464532 -2.355964 
65 22  -1.364467 -2.376934 
65 23  -1.266562 -2.395325 
65 24  -1.170676 -2.411274 
65 25  -1.076680 -2.424901 
65 26  -0.984457 -2.436317 
65 27  -0.893901 -2.445618 
65 28  -0.804916 -2.452895 
65 29  -0.717412 -2.458225 
65 30  -0.631310 -2.461682 
65 31  -0.546534 -2.463329 
65 32  -0.463015 -2.463225 
65 33  -0.380689 -2.461423 
65 34  -0.299499 -2.457968 
65 35  -0.219389 -2.452905 
65 36  -0.140308 -2.446270 
65 37  -0.062210 -2.438098 
65 38  0.014950 -2.428418 
65 39  0.091213 -2.417256 
65 40  0.166618 -2.404635 
65 41  0.241201 -2.390575 
65 42  0.314995 -2.375092 
65 43  0.388032 -2.358201 
65 44  0.460344 -2.339912 
65 45  0.531957 -2.320233 
65 46  0.602900 -2.299171 
65 47  0.673196 -2.276728 
65 48  0.742870 -2.252904 
65 49  0.811946 -2.227699 
65 50  0.880443 -2.201108 
65 51  0.948384 -2.173124 
65 52  1.015787 -2.143738 
65 53  1.082670 -2.112938 
65 54  1.149053 -2.080710 
65 55  1.214950 -2.047036 
65 56  1.280380 -2.011898 
65 57  1.345357 -1.975271 
65 58  1.409895 -1.937132 
65 59  1.474010 -1.897451 
65 60  1.537714 -1.856196 
65 61  1.601022 -1.813332 
65 62  1.663945 -1.768820 
65 63  1.726496 -1.722616 
65 64  1.788686 -1.674673 
65 65  1.850527 -1.624939 
65 66  1.912029 -1.573357 
65 67  1.973204 -1.519865 
65 68  2.034062 -1.464394 
65 69  2.094613 -1.406870 
65 70  2.154867 -1.347211 
65 71  2.214833 -1.285327 
65 72  2.274522 -1.221120 
65 73  2.333941 -1.154482 
65 74  2.393101 -1.085294 
65 75  2.452010 -1.013425 
65 76  2.510678 -0.938732 
65 77  2.569114 -0.861054 
65 78  2.627327 -0.780216 
65 79  2.685326 -0.696021 
65 80  2.743121 -0.608249 
65 81  2.800721 -0.516656 
65 82  2.858137 -0.420969 
65 83  2.915379 -0.320877 
65 84  2.972459 -0.216032 
65 85  3.029388 -0.106036 
65 86  3.086179 0.009562 
65 87  3.142847 0.131283 
65 88  3.199407 0.259726 
65 89  3.255877 0.395585 
65 90  3.312278 0.539674 
65 91  3.368633 0.692951 
65 92  3.424971 0.856552 
65 93  3.481324 1.031841 
65 94  3.537732 1.220469 
65 95  3.594247 1.424456 
65 96  3.650930 1.646312 
65 97  3.707861 1.889192 
65 98  3.765147 2.157136 
65 99  3.822926 2.455411 
65 100  3.881389 2.791042 
66 0  -4.690003 -0.749784 
66 1  -4.423935 -0.942305 
66 2  -4.182340 -1.110316 
66 3  -3.960725 -1.258229 
66 4  -3.755691 -1.389391 
66 5  -3.564609 -1.506391 
66 6  -3.385411 -1.611267 
66 7  -3.216445 -1.705652 
66 8  -3.056372 -1.790866 
66 9  -2.904093 -1.867997 
66 10  -2.758696 -1.937943 
66 11  -2.619418 -2.001459 
66 12  -2.485615 -2.059182 
66 13  -2.356735 -2.111655 
66 14  -2.232307 -2.159342 
66 15  -2.111923 -2.202646 
66 16  -1.995228 -2.241914 
66 17  -1.881912 -2.277450 
66 18  -1.771701 -2.309521 
66 19  -1.664354 -2.338362 
66 20  -1.559656 -2.364180 
66 21  -1.457417 -2.387160 
66 22  -1.357465 -2.407465 
66 23  -1.259646 -2.425241 
66 24  -1.163821 -2.440620 
66 25  -1.069865 -2.453719 
66 26  -0.977663 -2.464643 
66 27  -0.887111 -2.473487 
66 28  -0.798115 -2.480336 
66 29  -0.710587 -2.485269 
66 30  -0.624447 -2.488354 
66 31  -0.539623 -2.489653 
66 32  -0.456046 -2.489224 
66 33  -0.373653 -2.487118 
66 34  -0.292386 -2.483379 
66 35  -0.212193 -2.478050 
66 36  -0.133021 -2.471166 
66 37  -0.054825 -2.462762 
66 38  0.022440 -2.452864 
66 39  0.098813 -2.441500 
66 40  0.174333 -2.428691 
66 41  0.249037 -2.414456 
66 42  0.322957 -2.398811 
66 43  0.396126 -2.381770 
66 44  0.468573 -2.363343 
66 45  0.540327 -2.343538 
66 46  0.611414 -2.322361 
66 47  0.681859 -2.299814 
66 48  0.751687 -2.275898 
66 49  0.820920 -2.250612 
66 50  0.889580 -2.223949 
66 51  0.957687 -2.195905 
66 52  1.025260 -2.166469 
66 53  1.092319 -2.135630 
66 54  1.158881 -2.103374 
66 55  1.224962 -2.069684 
66 56  1.290580 -2.034540 
66 57  1.355750 -1.997920 
66 58  1.420487 -1.959799 
66 59  1.484805 -1.920148 
66 60  1.548718 -1.878937 
66 61  1.612239 -1.836129 
66 62  1.675381 -1.791688 
66 63  1.738157 -1.745569 
66 64  1.800578 -1.697727 
66 65  1.862657 -1.648110 
66 66  1.924403 -1.596663 
66 67  1.985830 -1.543325 
66 68  2.046946 -1.488027 
66 69  2.107764 -1.430699 
66 70  2.168292 -1.371258 
66 71  2.228541 -1.309618 
66 72  2.288522 -1.245682 
66 73  2.348244 -1.179345 
66 74  2.407716 -1.110491 
66 75  2.466950 -1.038993 
66 76  2.525953 -0.964710 
66 77  2.584738 -0.887488 
66 78  2.643313 -0.807154 
66 79  2.701688 -0.723518 
66 80  2.759876 -0.636368 
66 81  2.817885 -0.545466 
66 82  2.875729 -0.450549 
66 83  2.933419 -0.351317 
66 84  2.990968 -0.247435 
66 85  3.048390 -0.138521 
66 86  3.105700 -0.024140 
66 87  3.162915 0.096205 
66 88  3.220054 0.223085 
66 89  3.277137 0.357163 
66 90  3.334189 0.499211 
66 91  3.391237 0.650135 
66 92  3.448315 0.811009 
66 93  3.505462 0.983111 
66 94  3.562723 1.167987 
66 95  3.620158 1.367516 
66 96  3.677839 1.584021 
66 97  3.735855 1.820403 
66 98  3.794326 2.080351 
66 99  3.853405 2.368631 
66 100  3.913301 2.691537 
67 0  -4.647246 -0.840060 
67 1  -4.388230 -1.023254 
67 2  -4.152102 -1.183763 
67 3  -3.934793 -1.325540 
67 4  -3.733194 -1.451607 
67 5  -3.544883 -1.564321 
67 6  -3.367943 -1.665552 
67 7  -3.200830 -1.756804 
67 8  -3.042288 -1.839303 
67 9  -2.891281 -1.914060 
67 10  -2.746945 -1.981918 
67 11  -2.608556 -2.043584 
67 12  -2.475497 -2.099659 
67 13  -2.347243 -2.150656 
67 14  -2.223341 -2.197016 
67 15  -2.103399 -2.239119 
67 16  -1.987073 -2.277297 
67 17  -1.874064 -2.311841 
67 18  -1.764108 -2.343006 
67 19  -1.656970 -2.371016 
67 20  -1.552443 -2.396070 
67 21  -1.450339 -2.418346 
67 22  -1.350492 -2.438001 
67 23  -1.252751 -2.455175 
67 24  -1.156981 -2.469995 
67 25  -1.063060 -2.482575 
67 26  -0.970874 -2.493017 
67 27  -0.880322 -2.501411 
67 28  -0.791310 -2.507841 
67 29  -0.703754 -2.512381 
67 30  -0.617574 -2.515100 
67 31  -0.532698 -2.516057 
67 32  -0.449060 -2.515307 
67 33  -0.366597 -2.512900 
67 34  -0.285252 -2.508881 
67 35  -0.204972 -2.503289 
67 36  -0.125708 -2.496159 
67 37  -0.047412 -2.487525 
67 38  0.029959 -2.477412 
67 39  0.106444 -2.465848 
67 40  0.182081 -2.452852 
67 41  0.256907 -2.438443 
67 42  0.330955 -2.422637 
67 43  0.404256 -2.405448 
67 44  0.476840 -2.386884 
67 45  0.548735 -2.366953 
67 46  0.619968 -2.345662 
67 47  0.690564 -2.323012 
67 48  0.760546 -2.299003 
67 49  0.829938 -2.273634 
67 50  0.898760 -2.246901 
67 51  0.967034 -2.218796 
67 52  1.034779 -2.189310 
67 53  1.102014 -2.158432 
67 54  1.168755 -2.126147 
67 55  1.235022 -2.092439 
67 56  1.300829 -2.057288 
67 57  1.366192 -2.020673 
67 58  1.431127 -1.982568 
67 59  1.495649 -1.942946 
67 60  1.559770 -1.901776 
67 61  1.623505 -1.859023 
67 62  1.686866 -1.814649 
67 63  1.749867 -1.768613 
67 64  1.812519 -1.720869 
67 65  1.874834 -1.671366 
67 66  1.936825 -1.620050 
67 67  1.998502 -1.566861 
67 68  2.059876 -1.511733 
67 69  2.120959 -1.454594 
67 70  2.181760 -1.395366 
67 71  2.242292 -1.333963 
67 72  2.302563 -1.270292 
67 73  2.362585 -1.204248 
67 74  2.422368 -1.135720 
67 75  2.481923 -1.064582 
67 76  2.541259 -0.990699 
67 77  2.600389 -0.913919 
67 78  2.659322 -0.834075 
67 79  2.718070 -0.750983 
67 80  2.776645 -0.664435 
67 81  2.835059 -0.574204 
67 82  2.893324 -0.480033 
67 83  2.951454 -0.381634 
67 84  3.009465 -0.278682 
67 85  3.067371 -0.170811 
67 86  3.125189 -0.057604 
67 87  3.182939 0.061417 
67 88  3.240642 0.186796 
67 89  3.298323 0.319167 
67 90  3.356007 0.459263 
67 91  3.413727 0.607943 
67 92  3.471521 0.766221 
67 93  3.529431 0.935301 
67 94  3.587512 1.116630 
67 95  3.645827 1.311963 
67 96  3.704456 1.523453 
67 97  3.763499 1.753776 
67 98  3.823083 2.006311 
67 99  3.883376 2.285389 
67 100  3.944599 2.596678 
68 0  -4.606976 -0.926928 
68 1  -4.354411 -1.101559 
68 2  -4.123320 -1.255131 
68 3  -3.910001 -1.391193 
68 4  -3.711602 -1.512488 
68 5  -3.525885 -1.621167 
68 6  -3.351064 -1.718950 
68 7  -3.185697 -1.807228 
68 8  -3.028601 -1.887140 
68 9  -2.878797 -1.959629 
68 10  -2.735467 -2.025485 
68 11  -2.597921 -2.085374 
68 12  -2.465571 -2.139862 
68 13  -2.337912 -2.189434 
68 14  -2.214510 -2.234509 
68 15  -2.094987 -2.275449 
68 16  -1.979012 -2.312570 
68 17  -1.866295 -2.346150 
68 18  -1.756580 -2.376432 
68 19  -1.649640 -2.403631 
68 20  -1.545272 -2.427940 
68 21  -1.443295 -2.449527 
68 22  -1.343545 -2.468546 
68 23  -1.245876 -2.485131 
68 24  -1.150156 -2.499404 
68 25  -1.056263 -2.511474 
68 26  -0.964088 -2.521441 
68 27  -0.873531 -2.529393 
68 28  -0.784501 -2.535411 
68 29  -0.696912 -2.539565 
68 30  -0.610689 -2.541923 
68 31  -0.525759 -2.542542 
68 32  -0.442057 -2.541476 
68 33  -0.359522 -2.538773 
68 34  -0.278096 -2.534476 
68 35  -0.197728 -2.528624 
68 36  -0.118368 -2.521251 
68 37  -0.039970 -2.512388 
68 38  0.037508 -2.502063 
68 39  0.114106 -2.490300 
68 40  0.189862 -2.477119 
68 41  0.264812 -2.462538 
68 42  0.338989 -2.446572 
68 43  0.412423 -2.429234 
68 44  0.485146 -2.410534 
68 45  0.557183 -2.390479 
68 46  0.628563 -2.369073 
68 47  0.699310 -2.346320 
68 48  0.769448 -2.322219 
68 49  0.838999 -2.296768 
68 50  0.907985 -2.269963 
68 51  0.976427 -2.241797 
68 52  1.044344 -2.212261 
68 53  1.111755 -2.181342 
68 54  1.178677 -2.149028 
68 55  1.245129 -2.115301 
68 56  1.311125 -2.080143 
68 57  1.376683 -2.043531 
68 58  1.441816 -2.005441 
68 59  1.506541 -1.965846 
68 60  1.570871 -1.924715 
68 61  1.634820 -1.882014 
68 62  1.698400 -1.837706 
68 63  1.761626 -1.791750 
68 64  1.824508 -1.744100 
68 65  1.887061 -1.694708 
68 66  1.949294 -1.643520 
68 67  2.011221 -1.590476 
68 68  2.072852 -1.535512 
68 69  2.134199 -1.478558 
68 70  2.195273 -1.419538 
68 71  2.256085 -1.358366 
68 72  2.316646 -1.294952 
68 73  2.376966 -1.229194 
68 74  2.437058 -1.160983 
68 75  2.496931 -1.090197 
68 76  2.556598 -1.016702 
68 77  2.616069 -0.940352 
68 78  2.675357 -0.860985 
68 79  2.734474 -0.778420 
68 80  2.793431 -0.692458 
68 81  2.852244 -0.602878 
68 82  2.910925 -0.509429 
68 83  2.969489 -0.411836 
68 84  3.027953 -0.309784 
68 85  3.086334 -0.202920 
68 86  3.144651 -0.090845 
68 87  3.202925 0.026901 
68 88  3.261180 0.150838 
68 89  3.319442 0.281571 
68 90  3.377742 0.419799 
68 91  3.436114 0.566335 
68 92  3.494600 0.722141 
68 93  3.553248 0.888350 
68 94  3.612116 1.066322 
68 95  3.671274 1.257696 
68 96  3.730807 1.464476 
68 97  3.790824 1.689137 
68 98  3.851460 1.934781 
68 99  3.912891 2.205361 
68 100  3.975346 2.506001 
69 0  -4.568957 -1.010715 
69 1  -4.322314 -1.177460 
69 2  -4.095876 -1.324593 
69 3  -3.886265 -1.455320 
69 4  -3.690853 -1.572135 
69 5  -3.507566 -1.677008 
69 6  -3.334738 -1.771526 
69 7  -3.171016 -1.856975 
69 8  -3.015287 -1.934418 
69 9  -2.866623 -2.004737 
69 10  -2.724248 -2.068673 
69 11  -2.587503 -2.126852 
69 12  -2.455825 -2.179809 
69 13  -2.328733 -2.228005 
69 14  -2.205806 -2.271836 
69 15  -2.086682 -2.311648 
69 16  -1.971040 -2.347742 
69 17  -1.858601 -2.380383 
69 18  -1.749115 -2.409805 
69 19  -1.642361 -2.436215 
69 20  -1.538143 -2.459795 
69 21  -1.436283 -2.480710 
69 22  -1.336623 -2.499105 
69 23  -1.239020 -2.515112 
69 24  -1.143342 -2.528848 
69 25  -1.049473 -2.540419 
69 26  -0.957305 -2.549920 
69 27  -0.866739 -2.557437 
69 28  -0.777686 -2.563048 
69 29  -0.690062 -2.566822 
69 30  -0.603792 -2.568824 
69 31  -0.518805 -2.569110 
69 32  -0.435036 -2.567732 
69 33  -0.352426 -2.564736 
69 34  -0.270917 -2.560165 
69 35  -0.190459 -2.554056 
69 36  -0.111002 -2.546442 
69 37  -0.032500 -2.537354 
69 38  0.045087 -2.526818 
69 39  0.121800 -2.514858 
69 40  0.197677 -2.501493 
69 41  0.272752 -2.486741 
69 42  0.347059 -2.470617 
69 43  0.420629 -2.453132 
69 44  0.493490 -2.434296 
69 45  0.565672 -2.414116 
69 46  0.637199 -2.392597 
69 47  0.708098 -2.369741 
69 48  0.778393 -2.345547 
69 49  0.848104 -2.320015 
69 50  0.917255 -2.293138 
69 51  0.985866 -2.264910 
69 52  1.053955 -2.235322 
69 53  1.121543 -2.204363 
69 54  1.188647 -2.172018 
69 55  1.255283 -2.138272 
69 56  1.321470 -2.103104 
69 57  1.387222 -2.066494 
69 58  1.452555 -2.028418 
69 59  1.517483 -1.988848 
69 60  1.582022 -1.947755 
69 61  1.646184 -1.905104 
69 62  1.709984 -1.860859 
69 63  1.773434 -1.814980 
69 64  1.836547 -1.767423 
69 65  1.899336 -1.718138 
69 66  1.961812 -1.667073 
69 67  2.023988 -1.614170 
69 68  2.085876 -1.559367 
69 69  2.147486 -1.502593 
69 70  2.208831 -1.443775 
69 71  2.269922 -1.382829 
69 72  2.330771 -1.319665 
69 73  2.391388 -1.254186 
69 74  2.451786 -1.186283 
69 75  2.511976 -1.115839 
69 76  2.571971 -1.042723 
69 77  2.631781 -0.966792 
69 78  2.691420 -0.887888 
69 79  2.750901 -0.805836 
69 80  2.810238 -0.720443 
69 81  2.869444 -0.631493 
69 82  2.928535 -0.538745 
69 83  2.987527 -0.441932 
69 84  3.046438 -0.340751 
69 85  3.105285 -0.234861 
69 86  3.164092 -0.123877 
69 87  3.222879 -0.007360 
69 88  3.281673 0.115190 
69 89  3.340503 0.244351 
69 90  3.399402 0.380787 
69 91  3.458408 0.525275 
69 92  3.517565 0.678722 
69 93  3.576926 0.842202 
69 94  3.636552 1.016991 
69 95  3.696519 1.204626 
69 96  3.756917 1.406974 
69 97  3.817861 1.626330 
69 98  3.879492 1.865554 
69 99  3.941993 2.128263 
69 100  4.005599 2.419108 
70 0  -4.532984 -1.091709 
70 1  -4.291792 -1.251165 
70 2  -4.069666 -1.392308 
70 3  -3.863506 -1.518041 
70 4  -3.670887 -1.630640 
70 5  -3.489881 -1.731917 
70 6  -3.318930 -1.823335 
70 7  -3.156762 -1.906092 
70 8  -3.002326 -1.981177 
70 9  -2.854743 -2.049416 
70 10  -2.713274 -2.111506 
70 11  -2.577290 -2.168039 
70 12  -2.446253 -2.219519 
70 13  -2.319699 -2.266384 
70 14  -2.197225 -2.309010 
70 15  -2.078480 -2.347727 
70 16  -1.963155 -2.382823 
70 17  -1.850978 -2.414551 
70 18  -1.741708 -2.443135 
70 19  -1.635130 -2.468772 
70 20  -1.531052 -2.491641 
70 21  -1.429302 -2.511897 
70 22  -1.329725 -2.529683 
70 23  -1.232180 -2.545123 
70 24  -1.136540 -2.558332 
70 25  -1.042690 -2.569412 
70 26  -0.950524 -2.578455 
70 27  -0.859945 -2.585545 
70 28  -0.770865 -2.590755 
70 29  -0.683202 -2.594155 
70 30  -0.596882 -2.595806 
70 31  -0.511835 -2.595763 
70 32  -0.427997 -2.594077 
70 33  -0.345309 -2.590792 
70 34  -0.263715 -2.585950 
70 35  -0.183164 -2.579586 
70 36  -0.103608 -2.571734 
70 37  -0.025002 -2.562423 
70 38  0.052697 -2.551678 
70 39  0.129527 -2.539522 
70 40  0.205526 -2.525975 
70 41  0.280728 -2.511053 
70 42  0.355166 -2.494771 
70 43  0.428872 -2.477140 
70 44  0.501874 -2.458170 
70 45  0.574200 -2.437866 
70 46  0.645877 -2.416233 
70 47  0.716929 -2.393274 
70 48  0.787381 -2.368989 
70 49  0.857254 -2.343374 
70 50  0.926570 -2.316425 
70 51  0.995350 -2.288135 
70 52  1.063613 -2.258496 
70 53  1.131378 -2.227495 
70 54  1.198664 -2.195119 
70 55  1.265487 -2.161351 
70 56  1.331864 -2.126174 
70 57  1.397810 -2.089565 
70 58  1.463343 -2.051501 
70 59  1.528475 -2.011954 
70 60  1.593223 -1.970896 
70 61  1.657599 -1.928293 
70 62  1.721618 -1.884110 
70 63  1.785293 -1.838305 
70 64  1.848636 -1.790837 
70 65  1.911661 -1.741656 
70 66  1.974380 -1.690712 
70 67  2.036805 -1.637947 
70 68  2.098948 -1.583299 
70 69  2.160821 -1.526701 
70 70  2.222436 -1.468079 
70 71  2.283805 -1.407353 
70 72  2.344940 -1.344433 
70 73  2.405853 -1.279226 
70 74  2.466555 -1.211624 
70 75  2.527060 -1.141512 
70 76  2.587379 -1.068765 
70 77  2.647526 -0.993241 
70 78  2.707513 -0.914787 
70 79  2.767355 -0.833234 
70 80  2.827066 -0.748394 
70 81  2.886661 -0.660056 
70 82  2.946157 -0.567989 
70 83  3.005571 -0.471931 
70 84  3.064921 -0.371593 
70 85  3.124228 -0.266644 
70 86  3.183515 -0.156714 
70 87  3.242805 -0.041382 
70 88  3.302127 0.079833 
70 89  3.361513 0.207482 
70 90  3.420996 0.342202 
70 91  3.480618 0.484728 
70 92  3.540427 0.635924 
70 93  3.600478 0.796804 
70 94  3.660836 0.968571 
70 95  3.721581 1.152668 
70 96  3.782808 1.350838 
70 97  3.844636 1.565216 
70 98  3.907211 1.798443 
70 99  3.970722 2.053841 
70 100  4.035408 2.335648 
71 0  -4.498878 -1.170163 
71 1  -4.262719 -1.322861 
71 2  -4.044595 -1.458415 
71 3  -3.841655 -1.579462 
71 4  -3.651654 -1.688087 
71 5  -3.472792 -1.785959 
71 6  -3.303610 -1.874432 
71 7  -3.142911 -1.954621 
71 8  -2.989699 -2.027450 
71 9  -2.843142 -2.093694 
71 10  -2.702533 -2.154010 
71 11  -2.567273 -2.208955 
71 12  -2.436845 -2.259009 
71 13  -2.310803 -2.304585 
71 14  -2.188760 -2.346044 
71 15  -2.070375 -2.383697 
71 16  -1.955351 -2.417822 
71 17  -1.843423 -2.448660 
71 18  -1.734357 -2.476426 
71 19  -1.627945 -2.501311 
71 20  -1.523999 -2.523483 
71 21  -1.422350 -2.543095 
71 22  -1.322849 -2.560283 
71 23  -1.225356 -2.575168 
71 24  -1.129748 -2.587860 
71 25  -1.035912 -2.598457 
71 26  -0.943743 -2.607050 
71 27  -0.853147 -2.613718 
71 28  -0.764036 -2.618535 
71 29  -0.676331 -2.621566 
71 30  -0.589958 -2.622871 
71 31  -0.504849 -2.622504 
71 32  -0.420939 -2.620513 
71 33  -0.338171 -2.616942 
71 34  -0.256490 -2.611832 
71 35  -0.175844 -2.605217 
71 36  -0.096187 -2.597129 
71 37  -0.017473 -2.587596 
71 38  0.060338 -2.576645 
71 39  0.137286 -2.564295 
71 40  0.213408 -2.550567 
71 41  0.288739 -2.535476 
71 42  0.363310 -2.519037 
71 43  0.437153 -2.501261 
71 44  0.510297 -2.482156 
71 45  0.582769 -2.461729 
71 46  0.654596 -2.439984 
71 47  0.725803 -2.416922 
71 48  0.796412 -2.392544 
71 49  0.866448 -2.366846 
71 50  0.935930 -2.339825 
71 51  1.004880 -2.311473 
71 52  1.073318 -2.281782 
71 53  1.141261 -2.250738 
71 54  1.208729 -2.218330 
71 55  1.275739 -2.184541 
71 56  1.342306 -2.149352 
71 57  1.408449 -2.112743 
71 58  1.474181 -2.074689 
71 59  1.539518 -2.035165 
71 60  1.604474 -1.994140 
71 61  1.669065 -1.951583 
71 62  1.733303 -1.907458 
71 63  1.797202 -1.861726 
71 64  1.860776 -1.814344 
71 65  1.924037 -1.765264 
71 66  1.986997 -1.714437 
71 67  2.049670 -1.661806 
71 68  2.112068 -1.607310 
71 69  2.174203 -1.550883 
71 70  2.236088 -1.492453 
71 71  2.297734 -1.431940 
71 72  2.359154 -1.369259 
71 73  2.420360 -1.304316 
71 74  2.481366 -1.237007 
71 75  2.542183 -1.167220 
71 76  2.602825 -1.094831 
71 77  2.663305 -1.019704 
71 78  2.723637 -0.941689 
71 79  2.783837 -0.860621 
71 80  2.843918 -0.776316 
71 81  2.903899 -0.688573 
71 82  2.963794 -0.597166 
71 83  3.023624 -0.501842 
71 84  3.083407 -0.402319 
71 85  3.143167 -0.298281 
71 86  3.202925 -0.189369 
71 87  3.262710 -0.075180 
71 88  3.322549 0.044749 
71 89  3.382477 0.170945 
71 90  3.442531 0.304016 
71 91  3.502754 0.444664 
71 92  3.563196 0.593708 
71 93  3.623915 0.752110 
71 94  3.684981 0.921005 
71 95  3.746476 1.101748 
71 96  3.808499 1.295974 
71 97  3.871173 1.505669 
71 98  3.934648 1.733282 
71 99  3.999115 1.981872 
71 100  4.064817 2.255315 
72 0  -4.466479 -1.246300 
72 1  -4.234979 -1.392715 
72 2  -4.020580 -1.523040 
72 3  -3.820650 -1.639682 
72 4  -3.633104 -1.744554 
72 5  -3.456261 -1.839195 
72 6  -3.288749 -1.924865 
72 7  -3.129440 -2.002601 
72 8  -2.977389 -2.073270 
72 9  -2.831805 -2.137599 
72 10  -2.692014 -2.196206 
72 11  -2.557443 -2.249620 
72 12  -2.427594 -2.298294 
72 13  -2.302040 -2.342623 
72 14  -2.180406 -2.382948 
72 15  -2.062364 -2.419569 
72 16  -1.947625 -2.452748 
72 17  -1.835933 -2.482719 
72 18  -1.727060 -2.509687 
72 19  -1.620803 -2.533836 
72 20  -1.516980 -2.555327 
72 21  -1.415426 -2.574309 
72 22  -1.315993 -2.590910 
72 23  -1.218547 -2.605250 
72 24  -1.122965 -2.617434 
72 25  -1.029138 -2.627558 
72 26  -0.936962 -2.635707 
72 27  -0.846345 -2.641961 
72 28  -0.757200 -2.646390 
72 29  -0.669450 -2.649057 
72 30  -0.583021 -2.650020 
72 31  -0.497846 -2.649333 
72 32  -0.413862 -2.647041 
72 33  -0.331011 -2.643188 
72 34  -0.249240 -2.637813 
72 35  -0.168498 -2.630949 
72 36  -0.088738 -2.622627 
72 37  -0.009915 -2.612875 
72 38  0.068011 -2.601718 
72 39  0.145079 -2.589176 
72 40  0.221326 -2.575269 
72 41  0.296786 -2.560011 
72 42  0.371491 -2.543416 
72 43  0.445473 -2.525495 
72 44  0.518760 -2.506256 
72 45  0.591379 -2.485706 
72 46  0.663357 -2.463848 
72 47  0.734719 -2.440684 
72 48  0.805488 -2.416214 
72 49  0.875687 -2.390434 
72 50  0.945336 -2.363340 
72 51  1.014457 -2.334926 
72 52  1.083070 -2.305181 
72 53  1.151192 -2.274095 
72 54  1.218843 -2.241654 
72 55  1.286040 -2.207842 
72 56  1.352799 -2.172641 
72 57  1.419137 -2.136030 
72 58  1.485069 -2.097985 
72 59  1.550611 -2.058481 
72 60  1.615777 -2.017488 
72 61  1.680582 -1.974975 
72 62  1.745039 -1.930907 
72 63  1.809163 -1.885244 
72 64  1.872967 -1.837945 
72 65  1.936463 -1.788964 
72 66  1.999665 -1.738250 
72 67  2.062586 -1.685749 
72 68  2.125239 -1.631401 
72 69  2.187635 -1.575140 
72 70  2.249788 -1.516897 
72 71  2.311710 -1.456593 
72 72  2.373414 -1.394144 
72 73  2.434912 -1.329458 
72 74  2.496219 -1.262435 
72 75  2.557346 -1.192964 
72 76  2.618309 -1.120924 
72 77  2.679120 -1.046183 
72 78  2.739795 -0.968595 
72 79  2.800349 -0.887999 
72 80  2.860797 -0.804216 
72 81  2.921158 -0.717051 
72 82  2.981449 -0.626284 
72 83  3.041689 -0.531670 
72 84  3.101900 -0.432938 
72 85  3.162104 -0.329781 
72 86  3.222327 -0.221855 
72 87  3.282597 -0.108768 
72 88  3.342944 0.009921 
72 89  3.403403 0.134718 
72 90  3.464015 0.266206 
72 91  3.524823 0.405053 
72 92  3.585882 0.552038 
72 93  3.647250 0.708075 
72 94  3.709001 0.874235 
72 95  3.771220 1.051797 
72 96  3.834009 1.242292 
72 97  3.897493 1.447575 
72 98  3.961827 1.669922 
72 99  4.027202 1.912157 
72 100  4.093864 2.177837 
73 0  -4.435648 -1.320319 
73 1  -4.208472 -1.460875 
73 2  -3.997545 -1.586298 
73 3  -3.800435 -1.698789 
73 4  -3.615196 -1.800109 
73 5  -3.440255 -1.891682 
73 6  -3.274322 -1.974680 
73 7  -3.116328 -2.050071 
73 8  -2.965378 -2.118667 
73 9  -2.820719 -2.181155 
73 10  -2.681706 -2.238116 
73 11  -2.547790 -2.290051 
73 12  -2.418493 -2.337391 
73 13  -2.293403 -2.380510 
73 14  -2.172159 -2.419735 
73 15  -2.054442 -2.455350 
73 16  -1.939974 -2.487610 
73 17  -1.828505 -2.516735 
73 18  -1.719814 -2.542924 
73 19  -1.613703 -2.566353 
73 20  -1.509994 -2.587178 
73 21  -1.408527 -2.605541 
73 22  -1.309156 -2.621569 
73 23  -1.211750 -2.635373 
73 24  -1.116190 -2.647058 
73 25  -1.022367 -2.656716 
73 26  -0.930180 -2.664429 
73 27  -0.839537 -2.670275 
73 28  -0.750356 -2.674321 
73 29  -0.662557 -2.676629 
73 30  -0.576069 -2.677256 
73 31  -0.490825 -2.676252 
73 32  -0.406765 -2.673663 
73 33  -0.323829 -2.669531 
73 34  -0.241966 -2.663893 
73 35  -0.161126 -2.656783 
73 36  -0.081260 -2.648230 
73 37  -0.002327 -2.638261 
73 38  0.075715 -2.626900 
73 39  0.152905 -2.614168 
73 40  0.229278 -2.600082 
73 41  0.304869 -2.584658 
73 42  0.379710 -2.567908 
73 43  0.453832 -2.549843 
73 44  0.527263 -2.530471 
73 45  0.600031 -2.509799 
73 46  0.672161 -2.487828 
73 47  0.743679 -2.464562 
73 48  0.814608 -2.439999 
73 49  0.884971 -2.414137 
73 50  0.954788 -2.386970 
73 51  1.024081 -2.358492 
73 52  1.092869 -2.328694 
73 53  1.161172 -2.297565 
73 54  1.229006 -2.265090 
73 55  1.296391 -2.231254 
73 56  1.363342 -2.196040 
73 57  1.429876 -2.159426 
73 58  1.496008 -2.121389 
73 59  1.561755 -2.081903 
73 60  1.627131 -2.040941 
73 61  1.692150 -1.998470 
73 62  1.756827 -1.954455 
73 63  1.821176 -1.908860 
73 64  1.885209 -1.861642 
73 65  1.948941 -1.812756 
73 66  2.012385 -1.762153 
73 67  2.075553 -1.709778 
73 68  2.138459 -1.655574 
73 69  2.201116 -1.599476 
73 70  2.263537 -1.541414 
73 71  2.325734 -1.481313 
73 72  2.387720 -1.419091 
73 73  2.449510 -1.354656 
73 74  2.511116 -1.287911 
73 75  2.572552 -1.218748 
73 76  2.633833 -1.147049 
73 77  2.694973 -1.072684 
73 78  2.755988 -0.995511 
73 79  2.816893 -0.915374 
73 80  2.877705 -0.832099 
73 81  2.938442 -0.745495 
73 82  2.999123 -0.655349 
73 83  3.059769 -0.561425 
73 84  3.120402 -0.463459 
73 85  3.181045 -0.361156 
73 86  3.241725 -0.254181 
73 87  3.302471 -0.142160 
73 88  3.363316 -0.024667 
73 89  3.424297 0.098783 
73 90  3.485454 0.228748 
73 91  3.546834 0.365866 
73 92  3.608493 0.510881 
73 93  3.670493 0.664657 
73 94  3.732909 0.828212 
73 95  3.795828 1.002751 
73 96  3.859355 1.189712 
73 97  3.923618 1.390832 
73 98  3.988773 1.608229 
73 99  4.055014 1.844519 
73 100  4.122586 2.102975 
74 0  -4.406260 -1.392394 
74 1  -4.183105 -1.527474 
74 2  -3.975423 -1.648292 
74 3  -3.780957 -1.756864 
74 4  -3.597889 -1.854817 
74 5  -3.424743 -1.943471 
74 6  -3.260303 -2.023917 
74 7  -3.103556 -2.097063 
74 8  -2.953652 -2.163671 
74 9  -2.809872 -2.224386 
74 10  -2.671599 -2.279760 
74 11  -2.538306 -2.330265 
74 12  -2.409534 -2.376313 
74 13  -2.284886 -2.418259 
74 14  -2.164013 -2.456414 
74 15  -2.046606 -2.491052 
74 16  -1.932394 -2.522415 
74 17  -1.821136 -2.550715 
74 18  -1.712617 -2.576143 
74 19  -1.606642 -2.598868 
74 20  -1.503039 -2.619041 
74 21  -1.401652 -2.636798 
74 22  -1.302337 -2.652262 
74 23  -1.204966 -2.665541 
74 24  -1.109422 -2.676736 
74 25  -1.015598 -2.685935 
74 26  -0.923396 -2.693219 
74 27  -0.832725 -2.698663 
74 28  -0.743502 -2.702332 
74 29  -0.655651 -2.704286 
74 30  -0.569101 -2.704580 
74 31  -0.483787 -2.703264 
74 32  -0.399647 -2.700382 
74 33  -0.316625 -2.695973 
74 34  -0.234668 -2.690076 
74 35  -0.153726 -2.682721 
74 36  -0.073754 -2.673939 
74 37  0.005292 -2.663755 
74 38  0.083452 -2.652192 
74 39  0.160764 -2.639271 
74 40  0.237265 -2.625008 
74 41  0.312989 -2.609418 
74 42  0.387967 -2.592514 
74 43  0.462230 -2.574306 
74 44  0.535806 -2.554802 
74 45  0.608723 -2.534007 
74 46  0.681007 -2.511924 
74 47  0.752683 -2.488556 
74 48  0.823773 -2.463901 
74 49  0.894300 -2.437956 
74 50  0.964286 -2.410716 
74 51  1.033752 -2.382175 
74 52  1.102717 -2.352323 
74 53  1.171200 -2.321149 
74 54  1.239219 -2.288640 
74 55  1.306791 -2.254780 
74 56  1.373935 -2.219551 
74 57  1.440665 -2.182932 
74 58  1.506999 -2.144901 
74 59  1.572951 -2.105433 
74 60  1.638537 -2.064499 
74 61  1.703771 -2.022068 
74 62  1.768668 -1.978106 
74 63  1.833241 -1.932575 
74 64  1.897504 -1.885436 
74 65  1.961472 -1.836642 
74 66  2.025156 -1.786146 
74 67  2.088572 -1.733895 
74 68  2.151731 -1.679830 
74 69  2.214648 -1.623890 
74 70  2.277335 -1.566006 
74 71  2.339807 -1.506103 
74 72  2.402075 -1.444101 
74 73  2.464154 -1.379911 
74 74  2.526058 -1.313438 
74 75  2.587802 -1.244575 
74 76  2.649399 -1.173207 
74 77  2.710866 -1.099208 
74 78  2.772217 -1.022440 
74 79  2.833471 -0.942749 
74 80  2.894643 -0.859968 
74 81  2.955753 -0.773909 
74 82  3.016821 -0.684368 
74 83  3.077868 -0.591113 
74 84  3.138916 -0.493890 
74 85  3.199992 -0.392413 
74 86  3.261122 -0.286360 
74 87  3.322338 -0.175369 
74 88  3.383672 -0.059031 
74 89  3.445163 0.063122 
74 90  3.506854 0.191622 
74 91  3.568794 0.327080 
74 92  3.631039 0.470205 
74 93  3.693653 0.621820 
74 94  3.756714 0.782890 
74 95  3.820311 0.954551 
74 96  3.884552 1.138160 
74 97  3.949565 1.335344 
74 98  4.015508 1.548081 
74 99  4.082575 1.778798 
74 100  4.151012 2.030515 
75 0  -4.378205 -1.462684 
75 1  -4.158797 -1.592634 
75 2  -3.954152 -1.709114 
75 3  -3.762169 -1.813981 
75 4  -3.581148 -1.908736 
75 5  -3.409698 -1.994609 
75 6  -3.246671 -2.072617 
75 7  -3.091107 -2.143611 
75 8  -2.942197 -2.208307 
75 9  -2.799251 -2.267315 
75 10  -2.661683 -2.321156 
75 11  -2.528984 -2.370279 
75 12  -2.400712 -2.415074 
75 13  -2.276485 -2.455881 
75 14  -2.155963 -2.492997 
75 15  -2.038850 -2.526683 
75 16  -1.924882 -2.557171 
75 17  -1.813824 -2.584665 
75 18  -1.705465 -2.609349 
75 19  -1.599619 -2.631385 
75 20  -1.496114 -2.650920 
75 21  -1.394799 -2.668083 
75 22  -1.295534 -2.682993 
75 23  -1.198192 -2.695757 
75 24  -1.102660 -2.706469 
75 25  -1.008831 -2.715217 
75 26  -0.916609 -2.722079 
75 27  -0.825905 -2.727126 
75 28  -0.736638 -2.730423 
75 29  -0.648732 -2.732028 
75 30  -0.562118 -2.731995 
75 31  -0.476730 -2.730370 
75 32  -0.392508 -2.727197 
75 33  -0.309397 -2.722516 
75 34  -0.227343 -2.716361 
75 35  -0.146299 -2.708765 
75 36  -0.066219 -2.699756 
75 37  0.012941 -2.689358 
75 38  0.091221 -2.677595 
75 39  0.168658 -2.664486 
75 40  0.245288 -2.650047 
75 41  0.321146 -2.634293 
75 42  0.396262 -2.617236 
75 43  0.470667 -2.598885 
75 44  0.544390 -2.579249 
75 45  0.617458 -2.558332 
75 46  0.689896 -2.536138 
75 47  0.761730 -2.512667 
75 48  0.832982 -2.487920 
75 49  0.903676 -2.461892 
75 50  0.973832 -2.434579 
75 51  1.043471 -2.405974 
75 52  1.112613 -2.376068 
75 53  1.181276 -2.344849 
75 54  1.249480 -2.312304 
75 55  1.317242 -2.278419 
75 56  1.384579 -2.243174 
75 57  1.451507 -2.206550 
75 58  1.518042 -2.168524 
75 59  1.584200 -2.129071 
75 60  1.649996 -2.088164 
75 61  1.715445 -2.045771 
75 62  1.780561 -2.001859 
75 63  1.845359 -1.956391 
75 64  1.909852 -1.909327 
75 65  1.974055 -1.860623 
75 66  2.037981 -1.810231 
75 67  2.101643 -1.758100 
75 68  2.165055 -1.704171 
75 69  2.228232 -1.648385 
75 70  2.291185 -1.590673 
75 71  2.353929 -1.530964 
75 72  2.416478 -1.469177 
75 73  2.478846 -1.405226 
75 74  2.541047 -1.339017 
75 75  2.603096 -1.270446 
75 76  2.665008 -1.199402 
75 77  2.726799 -1.125760 
75 78  2.788485 -1.049386 
75 79  2.850084 -0.970130 
75 80  2.911614 -0.887829 
75 81  2.973093 -0.802301 
75 82  3.034543 -0.713346 
75 83  3.095986 -0.620741 
75 84  3.157446 -0.524239 
75 85  3.218949 -0.423563 
75 86  3.280523 -0.318402 
75 87  3.342200 -0.208407 
75 88  3.404015 -0.093183 
75 89  3.466008 0.027718 
75 90  3.528223 0.154807 
75 91  3.590710 0.288670 
75 92  3.653526 0.429982 
75 93  3.716740 0.579528 
75 94  3.780429 0.738223 
75 95  3.844684 0.907144 
75 96  3.909614 1.087569 
75 97  3.975351 1.281027 
75 98  4.042051 1.489367 
75 99  4.109911 1.714849 
75 100  4.179172 1.960266 
76 0  -4.351382 -1.531331 
76 1  -4.135473 -1.656463 
76 2  -3.933677 -1.768851 
76 3  -3.744030 -1.870206 
76 4  -3.564938 -1.961921 
76 5  -3.395093 -2.045140 
76 6  -3.233406 -2.120815 
76 7  -3.078964 -2.189743 
76 8  -2.930998 -2.252600 
76 9  -2.788848 -2.309962 
76 10  -2.651950 -2.362321 
76 11  -2.519816 -2.410106 
76 12  -2.392021 -2.453687 
76 13  -2.268193 -2.493387 
76 14  -2.148007 -2.529492 
76 15  -2.031173 -2.562250 
76 16  -1.917435 -2.591885 
76 17  -1.806565 -2.618593 
76 18  -1.698358 -2.642549 
76 19  -1.592630 -2.663911 
76 20  -1.489217 -2.682820 
76 21  -1.387967 -2.699400 
76 22  -1.288745 -2.713767 
76 23  -1.191428 -2.726024 
76 24  -1.095902 -2.736262 
76 25  -1.002064 -2.744566 
76 26  -0.909818 -2.751012 
76 27  -0.819079 -2.755668 
76 28  -0.729764 -2.758599 
76 29  -0.641800 -2.759859 
76 30  -0.555118 -2.759501 
76 31  -0.469654 -2.757571 
76 32  -0.385348 -2.754111 
76 33  -0.302145 -2.749160 
76 34  -0.219994 -2.742751 
76 35  -0.138845 -2.734915 
76 36  -0.058654 -2.725681 
76 37  0.020622 -2.715072 
76 38  0.099023 -2.703110 
76 39  0.176586 -2.689814 
76 40  0.253347 -2.675200 
76 41  0.329340 -2.659283 
76 42  0.404596 -2.642074 
76 43  0.479145 -2.623581 
76 44  0.553016 -2.603814 
76 45  0.626235 -2.582775 
76 46  0.698829 -2.560469 
76 47  0.770822 -2.536897 
76 48  0.842237 -2.512057 
76 49  0.913097 -2.485946 
76 50  0.983424 -2.458560 
76 51  1.053237 -2.429890 
76 52  1.122557 -2.399929 
76 53  1.191403 -2.368665 
76 54  1.259792 -2.336084 
76 55  1.327744 -2.302172 
76 56  1.395274 -2.266910 
76 57  1.462399 -2.230280 
76 58  1.529136 -2.192257 
76 59  1.595501 -2.152819 
76 60  1.661507 -2.111936 
76 61  1.727171 -2.069580 
76 62  1.792507 -2.025716 
76 63  1.857530 -1.980309 
76 64  1.922253 -1.933318 
76 65  1.986691 -1.884701 
76 66  2.050858 -1.834410 
76 67  2.114767 -1.782395 
76 68  2.178432 -1.728599 
76 69  2.241867 -1.672962 
76 70  2.305086 -1.615419 
76 71  2.368103 -1.555898 
76 72  2.430932 -1.494320 
76 73  2.493587 -1.430602 
76 74  2.556083 -1.364651 
76 75  2.618436 -1.296366 
76 76  2.680661 -1.225636 
76 77  2.742774 -1.152343 
76 78  2.804793 -1.076352 
76 79  2.866735 -0.997519 
76 80  2.928619 -0.915685 
76 81  2.990464 -0.830674 
76 82  3.052293 -0.742289 
76 83  3.114128 -0.650316 
76 84  3.175994 -0.554513 
76 85  3.237919 -0.454614 
76 86  3.299930 -0.350317 
76 87  3.362062 -0.241285 
76 88  3.424351 -0.127138 
76 89  3.486836 -0.007446 
76 90  3.549565 0.118284 
76 91  3.612587 0.250612 
76 92  3.675964 0.390184 
76 93  3.739762 0.537748 
76 94  3.804062 0.694172 
76 95  3.868957 0.860480 
76 96  3.934556 1.037877 
76 97  4.000991 1.227802 
76 98  4.068421 1.431989 
76 99  4.137041 1.652543 
76 100  4.207091 1.892058 
77 0  -4.325702 -1.598462 
77 1  -4.113068 -1.719060 
77 2  -3.913945 -1.827579 
77 3  -3.726499 -1.925602 
77 4  -3.549230 -2.014421 
77 5  -3.380904 -2.095105 
77 6  -3.220487 -2.168544 
77 7  -3.067112 -2.235488 
77 8  -2.920043 -2.296574 
77 9  -2.778650 -2.352347 
77 10  -2.642391 -2.403274 
77 11  -2.510795 -2.449762 
77 12  -2.383454 -2.492164 
77 13  -2.260007 -2.530789 
77 14  -2.140139 -2.565909 
77 15  -2.023570 -2.597763 
77 16  -1.910050 -2.626565 
77 17  -1.799357 -2.652504 
77 18  -1.691292 -2.675749 
77 19  -1.585675 -2.696450 
77 20  -1.482345 -2.714745 
77 21  -1.381155 -2.730754 
77 22  -1.281971 -2.744587 
77 23  -1.184672 -2.756345 
77 24  -1.089148 -2.766117 
77 25  -0.995296 -2.773983 
77 26  -0.903023 -2.780019 
77 27  -0.812244 -2.784291 
77 28  -0.722879 -2.786859 
77 29  -0.634854 -2.787779 
77 30  -0.548101 -2.787101 
77 31  -0.462558 -2.784869 
77 32  -0.378166 -2.781126 
77 33  -0.294870 -2.775907 
77 34  -0.212618 -2.769246 
77 35  -0.131362 -2.761174 
77 36  -0.051059 -2.751716 
77 37  0.028335 -2.740897 
77 38  0.106858 -2.728738 
77 39  0.184549 -2.715256 
77 40  0.261443 -2.700469 
77 41  0.337572 -2.684390 
77 42  0.412969 -2.667029 
77 43  0.487663 -2.648395 
77 44  0.561682 -2.628497 
77 45  0.635055 -2.607337 
77 46  0.707805 -2.584920 
77 47  0.779958 -2.561246 
77 48  0.851538 -2.536313 
77 49  0.922566 -2.510119 
77 50  0.993063 -2.482659 
77 51  1.063052 -2.453925 
77 52  1.132551 -2.423908 
77 53  1.201579 -2.392597 
77 54  1.270155 -2.359980 
77 55  1.338297 -2.326040 
77 56  1.406021 -2.290761 
77 57  1.473344 -2.254123 
77 58  1.540284 -2.216103 
77 59  1.606855 -2.176677 
77 60  1.673072 -2.135818 
77 61  1.738952 -2.093495 
77 62  1.804508 -2.049678 
77 63  1.869756 -2.004328 
77 64  1.934709 -1.957409 
77 65  1.999382 -1.908876 
77 66  2.063789 -1.858683 
77 67  2.127945 -1.806781 
77 68  2.191862 -1.753114 
77 69  2.255556 -1.697624 
77 70  2.319040 -1.640245 
77 71  2.382328 -1.580907 
77 72  2.445436 -1.519534 
77 73  2.508377 -1.456042 
77 74  2.571168 -1.390343 
77 75  2.633824 -1.322336 
77 76  2.696360 -1.251913 
77 77  2.758794 -1.178959 
77 78  2.821143 -1.103342 
77 79  2.883425 -1.024922 
77 80  2.945660 -0.943543 
77 81  3.007869 -0.859033 
77 82  3.070073 -0.771203 
77 83  3.132296 -0.679843 
77 84  3.194564 -0.584720 
77 85  3.256904 -0.485573 
77 86  3.319348 -0.382114 
77 87  3.381928 -0.274015 
77 88  3.444683 -0.160909 
77 89  3.507653 -0.042383 
77 90  3.570886 0.082036 
77 91  3.634434 0.212887 
77 92  3.698358 0.350786 
77 93  3.762728 0.496448 
77 94  3.827624 0.650701 
77 95  3.893140 0.814513 
77 96  3.959388 0.989026 
77 97  4.026500 1.175597 
77 98  4.094635 1.375853 
77 99  4.163987 1.591762 
77 100  4.234792 1.825736 
78 0  -4.301086 -1.664191 
78 1  -4.091519 -1.780514 
78 2  -3.894911 -1.885371 
78 3  -3.709540 -1.980226 
78 4  -3.533996 -2.066284 
78 5  -3.367108 -2.144541 
78 6  -3.207897 -2.215835 
78 7  -3.055536 -2.280871 
78 8  -2.909321 -2.340250 
78 9  -2.768649 -2.394488 
78 10  -2.632998 -2.444029 
78 11  -2.501915 -2.489260 
78 12  -2.375006 -2.530517 
78 13  -2.251921 -2.568096 
78 14  -2.132356 -2.602256 
78 15  -2.016038 -2.633229 
78 16  -1.902724 -2.661218 
78 17  -1.792198 -2.686405 
78 18  -1.684266 -2.708953 
78 19  -1.578752 -2.729007 
78 20  -1.475498 -2.746699 
78 21  -1.374361 -2.762147 
78 22  -1.275209 -2.775457 
78 23  -1.177924 -2.786724 
78 24  -1.082397 -2.796036 
78 25  -0.988527 -2.803473 
78 26  -0.896223 -2.809104 
78 27  -0.805401 -2.812996 
78 28  -0.715981 -2.815208 
78 29  -0.627892 -2.815791 
78 30  -0.541067 -2.814797 
78 31  -0.455443 -2.812267 
78 32  -0.370962 -2.808242 
78 33  -0.287569 -2.802759 
78 34  -0.205215 -2.795849 
78 35  -0.123851 -2.787541 
78 36  -0.043434 -2.777862 
78 37  0.036079 -2.766835 
78 38  0.114727 -2.754480 
78 39  0.192547 -2.740815 
78 40  0.269575 -2.725855 
78 41  0.345842 -2.709614 
78 42  0.421381 -2.692102 
78 43  0.496221 -2.673328 
78 44  0.570391 -2.653299 
78 45  0.643917 -2.632019 
78 46  0.716825 -2.609490 
78 47  0.789140 -2.585714 
78 48  0.860884 -2.560689 
78 49  0.932081 -2.534412 
78 50  1.002751 -2.506877 
78 51  1.072915 -2.478078 
78 52  1.142594 -2.448005 
78 53  1.211805 -2.416648 
78 54  1.280568 -2.383993 
78 55  1.348901 -2.350025 
78 56  1.416820 -2.314727 
78 57  1.484342 -2.278080 
78 58  1.551484 -2.240061 
78 59  1.618262 -2.200646 
78 60  1.684691 -2.159809 
78 61  1.750786 -2.117519 
78 62  1.816563 -2.073745 
78 63  1.882036 -2.028452 
78 64  1.947219 -1.981601 
78 65  2.012128 -1.933149 
78 66  2.076775 -1.883052 
78 67  2.141177 -1.831260 
78 68  2.205346 -1.777719 
78 69  2.269298 -1.722371 
78 70  2.333046 -1.665151 
78 71  2.396606 -1.605992 
78 72  2.459992 -1.544818 
78 73  2.523219 -1.481549 
78 74  2.586303 -1.416094 
78 75  2.649259 -1.348358 
78 76  2.712105 -1.278236 
78 77  2.774858 -1.205611 
78 78  2.837535 -1.130359 
78 79  2.900156 -1.052341 
78 80  2.962740 -0.971404 
78 81  3.025308 -0.887383 
78 82  3.087884 -0.800093 
78 83  3.150491 -0.709329 
78 84  3.213157 -0.614865 
78 85  3.275909 -0.516450 
78 86  3.338779 -0.413802 
78 87  3.401802 -0.306606 
78 88  3.465016 -0.194508 
78 89  3.528463 -0.077109 
78 90  3.592191 0.046046 
78 91  3.656255 0.175474 
78 92  3.720715 0.311765 
78 93  3.785644 0.455601 
78 94  3.851122 0.607773 
78 95  3.917245 0.769200 
78 96  3.984124 0.940964 
78 97  4.051892 1.124347 
78 98  4.120708 1.320877 
78 99  4.190765 1.532399 
78 100  4.262297 1.761162 
79 0  -4.277459 -1.728624 
79 1  -4.070772 -1.840908 
79 2  -3.876532 -1.942290 
79 3  -3.693122 -2.034130 
79 4  -3.519209 -2.117550 
79 5  -3.353685 -2.193485 
79 6  -3.195620 -2.262718 
79 7  -3.044223 -2.325917 
79 8  -2.898821 -2.383649 
79 9  -2.758836 -2.436403 
79 10  -2.623764 -2.484601 
79 11  -2.493170 -2.528612 
79 12  -2.366672 -2.568756 
79 13  -2.243932 -2.605317 
79 14  -2.124654 -2.638543 
79 15  -2.008574 -2.668655 
79 16  -1.895454 -2.695849 
79 17  -1.785086 -2.720300 
79 18  -1.677277 -2.742166 
79 19  -1.571858 -2.761586 
79 20  -1.468674 -2.778688 
79 21  -1.367583 -2.793584 
79 22  -1.268458 -2.806379 
79 23  -1.171182 -2.817164 
79 24  -1.075647 -2.826024 
79 25  -0.981756 -2.833036 
79 26  -0.889417 -2.838270 
79 27  -0.798548 -2.841787 
79 28  -0.709071 -2.843645 
79 29  -0.620916 -2.843897 
79 30  -0.534015 -2.842590 
79 31  -0.448307 -2.839765 
79 32  -0.363734 -2.835462 
79 33  -0.280244 -2.829717 
79 34  -0.197785 -2.822560 
79 35  -0.116311 -2.814019 
79 36  -0.035778 -2.804121 
79 37  0.043856 -2.792887 
79 38  0.122630 -2.780337 
79 39  0.200581 -2.766490 
79 40  0.277743 -2.751359 
79 41  0.354150 -2.734957 
79 42  0.429833 -2.717295 
79 43  0.504820 -2.698381 
79 44  0.579141 -2.678222 
79 45  0.652823 -2.656821 
79 46  0.725889 -2.634182 
79 47  0.798366 -2.610304 
79 48  0.870277 -2.585186 
79 49  0.941643 -2.558825 
79 50  1.012487 -2.531216 
79 51  1.082828 -2.502352 
79 52  1.152687 -2.472222 
79 53  1.222082 -2.440818 
79 54  1.291033 -2.408124 
79 55  1.359557 -2.374127 
79 56  1.427671 -2.338810 
79 57  1.495393 -2.302152 
79 58  1.562738 -2.264132 
79 59  1.629723 -2.224727 
79 60  1.696364 -2.183910 
79 61  1.762675 -2.141652 
79 62  1.828673 -2.097920 
79 63  1.894371 -2.052681 
79 64  1.959784 -2.005896 
79 65  2.024928 -1.957523 
79 66  2.089817 -1.907519 
79 67  2.154464 -1.855834 
79 68  2.218885 -1.802415 
79 69  2.283095 -1.747204 
79 70  2.347107 -1.690141 
79 71  2.410937 -1.631156 
79 72  2.474600 -1.570177 
79 73  2.538112 -1.507123 
79 74  2.601488 -1.441908 
79 75  2.664745 -1.374436 
79 76  2.727899 -1.304606 
79 77  2.790969 -1.232304 
79 78  2.853972 -1.157406 
79 79  2.916929 -1.079779 
79 80  2.979859 -0.999275 
79 81  3.042785 -0.915729 
79 82  3.105729 -0.828964 
79 83  3.168717 -0.738779 
79 84  3.231776 -0.644956 
79 85  3.294936 -0.547251 
79 86  3.358227 -0.445390 
79 87  3.421687 -0.339069 
79 88  3.485353 -0.227947 
79 89  3.549269 -0.111636 
79 90  3.613485 0.010298 
79 91  3.678055 0.138354 
79 92  3.743042 0.273097 
79 93  3.808518 0.415180 
79 94  3.874565 0.565356 
79 95  3.941279 0.724501 
79 96  4.008772 0.893642 
79 97  4.077178 1.073989 
79 98  4.146654 1.266984 
79 99  4.217393 1.474358 
79 100  4.289625 1.698210 
80 0  -4.254757 -1.791856 
80 1  -4.050778 -1.900317 
80 2  -3.858770 -1.998398 
80 3  -3.677212 -2.087364 
80 4  -3.504845 -2.168261 
80 5  -3.340617 -2.241967 
80 6  -3.183640 -2.309220 
80 7  -3.033161 -2.370649 
80 8  -2.888533 -2.426790 
80 9  -2.749201 -2.478108 
80 10  -2.614682 -2.525005 
80 11  -2.484554 -2.567831 
80 12  -2.358447 -2.606894 
80 13  -2.236035 -2.642462 
80 14  -2.117030 -2.674777 
80 15  -2.001174 -2.704048 
80 16  -1.888239 -2.730465 
80 17  -1.778017 -2.754197 
80 18  -1.670325 -2.775394 
80 19  -1.564993 -2.794193 
80 20  -1.461871 -2.810714 
80 21  -1.360821 -2.825069 
80 22  -1.261718 -2.837357 
80 23  -1.164445 -2.847667 
80 24  -1.068898 -2.856083 
80 25  -0.974981 -2.862677 
80 26  -0.882604 -2.867517 
80 27  -0.791685 -2.870664 
80 28  -0.702148 -2.872175 
80 29  -0.613923 -2.872099 
80 30  -0.526944 -2.870482 
80 31  -0.441150 -2.867366 
80 32  -0.356484 -2.862788 
80 33  -0.272893 -2.856783 
80 34  -0.190328 -2.849380 
80 35  -0.108742 -2.840609 
80 36  -0.028091 -2.830493 
80 37  0.051666 -2.819054 
80 38  0.130568 -2.806311 
80 39  0.208651 -2.792282 
80 40  0.285950 -2.776981 
80 41  0.362497 -2.760419 
80 42  0.438324 -2.742608 
80 43  0.513461 -2.723555 
80 44  0.587934 -2.703266 
80 45  0.661772 -2.681745 
80 46  0.734999 -2.658995 
80 47  0.807639 -2.635015 
80 48  0.879716 -2.609805 
80 49  0.951253 -2.583360 
80 50  1.022271 -2.555677 
80 51  1.092789 -2.526746 
80 52  1.162829 -2.496560 
80 53  1.232410 -2.465107 
80 54  1.301549 -2.432374 
80 55  1.370265 -2.398347 
80 56  1.438576 -2.363009 
80 57  1.506497 -2.326340 
80 58  1.574046 -2.288319 
80 59  1.641239 -2.248922 
80 60  1.708092 -2.208124 
80 61  1.774620 -2.165894 
80 62  1.840838 -2.122203 
80 63  1.906762 -2.077016 
80 64  1.972406 -2.030294 
80 65  2.037785 -1.981998 
80 66  2.102914 -1.932084 
80 67  2.167807 -1.880502 
80 68  2.232480 -1.827202 
80 69  2.296947 -1.772127 
80 70  2.361223 -1.715215 
80 71  2.425323 -1.656400 
80 72  2.489263 -1.595611 
80 73  2.553058 -1.532767 
80 74  2.616725 -1.467785 
80 75  2.680281 -1.400572 
80 76  2.743742 -1.331026 
80 77  2.807127 -1.259038 
80 78  2.870455 -1.184488 
80 79  2.933746 -1.107242 
80 80  2.997020 -1.027158 
80 81  3.060300 -0.944075 
80 82  3.123610 -0.857820 
80 83  3.186976 -0.768200 
80 84  3.250425 -0.675000 
80 85  3.313987 -0.577983 
80 86  3.377695 -0.476886 
80 87  3.441586 -0.371414 
80 88  3.505698 -0.261236 
80 89  3.570078 -0.145979 
80 90  3.634773 -0.025223 
80 91  3.699841 0.101509 
80 92  3.765345 0.234761 
80 93  3.831357 0.375158 
80 94  3.897960 0.523420 
80 95  3.965252 0.680380 
80 96  4.033344 0.847014 
80 97  4.102370 1.024469 
80 98  4.172487 1.214105 
80 99  4.243885 1.417548 
80 100  4.316793 1.636765 
81 0  -4.232919 -1.853972 
81 1  -4.031488 -1.958809 
81 2  -3.841588 -2.053749 
81 3  -3.661784 -2.139971 
81 4  -3.490883 -2.218453 
81 5  -3.327884 -2.290020 
81 6  -3.171943 -2.355367 
81 7  -3.022337 -2.415088 
81 8  -2.878447 -2.469692 
81 9  -2.739739 -2.519619 
81 10  -2.605745 -2.565254 
81 11  -2.476061 -2.606929 
81 12  -2.350326 -2.644938 
81 13  -2.228226 -2.679540 
81 14  -2.109480 -2.710965 
81 15  -1.993837 -2.739415 
81 16  -1.881075 -2.765073 
81 17  -1.770991 -2.788100 
81 18  -1.663406 -2.808642 
81 19  -1.558154 -2.826830 
81 20  -1.455089 -2.842782 
81 21  -1.354074 -2.856605 
81 22  -1.254986 -2.868394 
81 23  -1.157712 -2.878237 
81 24  -1.062150 -2.886214 
81 25  -0.968203 -2.892396 
81 26  -0.875784 -2.896849 
81 27  -0.784812 -2.899631 
81 28  -0.695212 -2.900798 
81 29  -0.606914 -2.900398 
81 30  -0.519854 -2.898475 
81 31  -0.433971 -2.895070 
81 32  -0.349210 -2.890220 
81 33  -0.265517 -2.883957 
81 34  -0.182843 -2.876313 
81 35  -0.101143 -2.867312 
81 36  -0.020372 -2.856980 
81 37  0.059509 -2.845338 
81 38  0.138540 -2.832403 
81 39  0.216757 -2.818194 
81 40  0.294194 -2.802723 
81 41  0.370883 -2.786002 
81 42  0.446857 -2.768042 
81 43  0.522143 -2.748850 
81 44  0.596770 -2.728432 
81 45  0.670765 -2.706791 
81 46  0.744153 -2.683930 
81 47  0.816957 -2.659849 
81 48  0.889203 -2.634546 
81 49  0.960911 -2.608018 
81 50  1.032104 -2.580259 
81 51  1.102801 -2.551262 
81 52  1.173023 -2.521018 
81 53  1.242789 -2.489517 
81 54  1.312117 -2.456744 
81 55  1.381026 -2.422687 
81 56  1.449533 -2.387326 
81 57  1.517655 -2.350645 
81 58  1.585409 -2.312621 
81 59  1.652810 -2.273231 
81 60  1.719876 -2.232450 
81 61  1.786620 -2.190248 
81 62  1.853060 -2.146595 
81 63  1.919209 -2.101458 
81 64  1.985084 -2.054798 
81 65  2.050698 -2.006576 
81 66  2.116067 -1.956748 
81 67  2.181207 -1.905268 
81 68  2.246131 -1.852084 
81 69  2.310855 -1.797140 
81 70  2.375394 -1.740376 
81 71  2.439764 -1.681727 
81 72  2.503979 -1.621121 
81 73  2.568058 -1.558484 
81 74  2.632015 -1.493729 
81 75  2.695868 -1.426768 
81 76  2.759635 -1.357500 
81 77  2.823335 -1.285819 
81 78  2.886986 -1.211605 
81 79  2.950608 -1.134732 
81 80  3.014224 -1.055057 
81 81  3.077857 -0.972426 
81 82  3.141530 -0.886668 
81 83  3.205269 -0.797596 
81 84  3.269104 -0.705001 
81 85  3.333065 -0.608654 
81 86  3.397186 -0.508299 
81 87  3.461502 -0.403649 
81 88  3.526056 -0.294385 
81 89  3.590891 -0.180148 
81 90  3.656059 -0.060532 
81 91  3.721617 0.064923 
81 92  3.787628 0.196739 
81 93  3.854166 0.335514 
81 94  3.921315 0.481936 
81 95  3.989171 0.636802 
81 96  4.057848 0.801039 
81 97  4.127478 0.975734 
81 98  4.198219 1.162173 
81 99  4.270257 1.361889 
81 100  4.343819 1.576723 
82 0  -4.211891 -1.915052 
82 1  -4.012863 -2.016448 
82 2  -3.824954 -2.108395 
82 3  -3.646811 -2.191993 
82 4  -3.477300 -2.268161 
82 5  -3.315471 -2.337672 
82 6  -3.160515 -2.401182 
82 7  -3.011741 -2.459254 
82 8  -2.868554 -2.512371 
82 9  -2.730440 -2.560951 
82 10  -2.596948 -2.605360 
82 11  -2.467686 -2.645916 
82 12  -2.342306 -2.682900 
82 13  -2.220502 -2.716560 
82 14  -2.102001 -2.747116 
82 15  -1.986560 -2.774764 
82 16  -1.873960 -2.799678 
82 17  -1.764005 -2.822014 
82 18  -1.656519 -2.841914 
82 19  -1.551341 -2.859503 
82 20  -1.448325 -2.874896 
82 21  -1.347339 -2.888195 
82 22  -1.248262 -2.899494 
82 23  -1.150983 -2.908877 
82 24  -1.055400 -2.916422 
82 25  -0.961420 -2.922198 
82 26  -0.868955 -2.926268 
82 27  -0.777927 -2.928690 
82 28  -0.688261 -2.929517 
82 29  -0.599888 -2.928796 
82 30  -0.512744 -2.926570 
82 31  -0.426770 -2.922880 
82 32  -0.341911 -2.917760 
82 33  -0.258114 -2.911243 
82 34  -0.175330 -2.903357 
82 35  -0.093514 -2.894130 
82 36  -0.012622 -2.883583 
82 37  0.067386 -2.871739 
82 38  0.146547 -2.858614 
82 39  0.224899 -2.844225 
82 40  0.302475 -2.828586 
82 41  0.379309 -2.811707 
82 42  0.455429 -2.793599 
82 43  0.530867 -2.774268 
82 44  0.605649 -2.753721 
82 45  0.679802 -2.731961 
82 46  0.753352 -2.708990 
82 47  0.826322 -2.684807 
82 48  0.898737 -2.659411 
82 49  0.970617 -2.632799 
82 50  1.041986 -2.604964 
82 51  1.112862 -2.575901 
82 52  1.183267 -2.545599 
82 53  1.253220 -2.514048 
82 54  1.322738 -2.481235 
82 55  1.391840 -2.447146 
82 56  1.460545 -2.411763 
82 57  1.528868 -2.375068 
82 58  1.596826 -2.337040 
82 59  1.664437 -2.297656 
82 60  1.731715 -2.256890 
82 61  1.798677 -2.214714 
82 62  1.865338 -2.171098 
82 63  1.931713 -2.126008 
82 64  1.997818 -2.079407 
82 65  2.063668 -2.031257 
82 66  2.129278 -1.981514 
82 67  2.194664 -1.930132 
82 68  2.259839 -1.877060 
82 69  2.324820 -1.822244 
82 70  2.389622 -1.765624 
82 71  2.454260 -1.707136 
82 72  2.518752 -1.646712 
82 73  2.583112 -1.584274 
82 74  2.647359 -1.519742 
82 75  2.711509 -1.453026 
82 76  2.775581 -1.384029 
82 77  2.839593 -1.312647 
82 78  2.903565 -1.238763 
82 79  2.967518 -1.162252 
82 80  3.031474 -1.082976 
82 81  3.095456 -1.000784 
82 82  3.159489 -0.915511 
82 83  3.223600 -0.826972 
82 84  3.287818 -0.734967 
82 85  3.352173 -0.639270 
82 86  3.416701 -0.539635 
82 87  3.481439 -0.435783 
82 88  3.546428 -0.327406 
82 89  3.611714 -0.214156 
82 90  3.677348 -0.095641 
82 91  3.743388 0.028580 
82 92  3.809898 0.159010 
82 93  3.876953 0.296223 
82 94  3.944636 0.440878 
82 95  4.013046 0.593735 
82 96  4.082294 0.755677 
82 97  4.152514 0.927736 
82 98  4.223860 1.111131 
82 99  4.296520 1.307305 
82 100  4.370716 1.517991 
83 0  -4.191624 -1.975168 
83 1  -3.994862 -2.073292 
83 2  -3.808838 -2.162383 
83 3  -3.632269 -2.243470 
83 4  -3.464079 -2.317416 
83 5  -3.303362 -2.384949 
83 6  -3.149343 -2.446689 
83 7  -3.001362 -2.503167 
83 8  -2.858846 -2.554844 
83 9  -2.721297 -2.602118 
83 10  -2.588284 -2.645335 
83 11  -2.459424 -2.684802 
83 12  -2.334382 -2.720788 
83 13  -2.212859 -2.753528 
83 14  -2.094590 -2.783236 
83 15  -1.979339 -2.810099 
83 16  -1.866892 -2.834285 
83 17  -1.757058 -2.855945 
83 18  -1.649663 -2.875214 
83 19  -1.544551 -2.892215 
83 20  -1.441579 -2.907058 
83 21  -1.340617 -2.919843 
83 22  -1.241546 -2.930659 
83 23  -1.144256 -2.939589 
83 24  -1.048649 -2.946708 
83 25  -0.954631 -2.952083 
83 26  -0.862118 -2.955775 
83 27  -0.771030 -2.957842 
83 28  -0.681295 -2.958333 
83 29  -0.592844 -2.957295 
83 30  -0.505614 -2.954770 
83 31  -0.419547 -2.950797 
83 32  -0.334588 -2.945410 
83 33  -0.250684 -2.938640 
83 34  -0.167788 -2.930516 
83 35  -0.085854 -2.921063 
83 36  -0.004839 -2.910304 
83 37  0.075296 -2.898259 
83 38  0.154590 -2.884945 
83 39  0.233079 -2.870378 
83 40  0.310796 -2.854571 
83 41  0.387774 -2.837535 
83 42  0.464043 -2.819279 
83 43  0.539633 -2.799811 
83 44  0.614571 -2.779135 
83 45  0.688884 -2.757255 
83 46  0.762597 -2.734173 
83 47  0.835734 -2.709889 
83 48  0.908318 -2.684401 
83 49  0.980372 -2.657704 
83 50  1.051918 -2.629794 
83 51  1.122974 -2.600663 
83 52  1.193563 -2.570303 
83 53  1.263702 -2.538702 
83 54  1.333411 -2.505848 
83 55  1.402708 -2.471726 
83 56  1.471610 -2.436319 
83 57  1.540135 -2.399610 
83 58  1.608299 -2.361577 
83 59  1.676119 -2.322197 
83 60  1.743610 -2.281445 
83 61  1.810790 -2.239293 
83 62  1.877673 -2.195712 
83 63  1.944274 -2.150667 
83 64  2.010611 -2.104124 
83 65  2.076696 -2.056043 
83 66  2.142547 -2.006382 
83 67  2.208178 -1.955095 
83 68  2.273605 -1.902133 
83 69  2.338842 -1.847441 
83 70  2.403907 -1.790962 
83 71  2.468814 -1.732631 
83 72  2.533581 -1.672383 
83 73  2.598223 -1.610140 
83 74  2.662758 -1.545825 
83 75  2.727204 -1.479349 
83 76  2.791579 -1.410617 
83 77  2.855903 -1.339526 
83 78  2.920194 -1.265963 
83 79  2.984476 -1.189806 
83 80  3.048770 -1.110919 
83 81  3.113099 -1.029155 
83 82  3.177490 -0.944353 
83 83  3.241969 -0.856334 
83 84  3.306567 -0.764902 
83 85  3.371314 -0.669838 
83 86  3.436246 -0.570902 
83 87  3.501400 -0.467825 
83 88  3.566819 -0.360307 
83 89  3.632550 -0.248013 
83 90  3.698644 -0.130564 
83 91  3.765159 -0.007535 
83 92  3.832160 0.121558 
83 93  3.899722 0.257266 
83 94  3.967931 0.400221 
83 95  4.036882 0.551149 
83 96  4.106689 0.710891 
83 97  4.177485 0.880431 
83 98  4.249423 1.060921 
83 99  4.322687 1.253728 
83 100  4.397499 1.460481 
84 0  -4.172070 -2.034388 
84 1  -3.977450 -2.129394 
84 2  -3.793211 -2.215756 
84 3  -3.618136 -2.294438 
84 4  -3.451202 -2.366249 
84 5  -3.291542 -2.431877 
84 6  -3.138417 -2.491907 
84 7  -2.991191 -2.546846 
84 8  -2.849313 -2.597127 
84 9  -2.712305 -2.643132 
84 10  -2.579747 -2.685192 
84 11  -2.451271 -2.723599 
84 12  -2.326549 -2.758611 
84 13  -2.205293 -2.790454 
84 14  -2.087245 -2.819333 
84 15  -1.972172 -2.845428 
84 16  -1.859869 -2.868901 
84 17  -1.750146 -2.889897 
84 18  -1.642835 -2.908548 
84 19  -1.537783 -2.924971 
84 20  -1.434849 -2.939274 
84 21  -1.333905 -2.951552 
84 22  -1.234835 -2.961893 
84 23  -1.137531 -2.970377 
84 24  -1.041895 -2.977075 
84 25  -0.947837 -2.982055 
84 26  -0.855271 -2.985374 
84 27  -0.764120 -2.987089 
84 28  -0.674313 -2.987248 
84 29  -0.585782 -2.985897 
84 30  -0.498464 -2.983076 
84 31  -0.412301 -2.978822 
84 32  -0.327239 -2.973171 
84 33  -0.243227 -2.966151 
84 34  -0.160217 -2.957790 
84 35  -0.078163 -2.948114 
84 36  0.002976 -2.937144 
84 37  0.083241 -2.924899 
84 38  0.162669 -2.911397 
84 39  0.241295 -2.896653 
84 40  0.319155 -2.880679 
84 41  0.396279 -2.863486 
84 42  0.472698 -2.845083 
84 43  0.548442 -2.825478 
84 44  0.623537 -2.804674 
84 45  0.698011 -2.782675 
84 46  0.771888 -2.759483 
84 47  0.845193 -2.735097 
84 48  0.917948 -2.709516 
84 49  0.990177 -2.682735 
84 50  1.061899 -2.654749 
84 51  1.133137 -2.625550 
84 52  1.203910 -2.595131 
84 53  1.274238 -2.563479 
84 54  1.344138 -2.530583 
84 55  1.413630 -2.496428 
84 56  1.482731 -2.460996 
84 57  1.551458 -2.424271 
84 58  1.619828 -2.386232 
84 59  1.687857 -2.346855 
84 60  1.755563 -2.306116 
84 61  1.822960 -2.263987 
84 62  1.890065 -2.220438 
84 63  1.956894 -2.175438 
84 64  2.023461 -2.128950 
84 65  2.089783 -2.080936 
84 66  2.155874 -2.031354 
84 67  2.221751 -1.980160 
84 68  2.287429 -1.927303 
84 69  2.352923 -1.872733 
84 70  2.418250 -1.816390 
84 71  2.483426 -1.758214 
84 72  2.548467 -1.698136 
84 73  2.613390 -1.636085 
84 74  2.678213 -1.571981 
84 75  2.742954 -1.505738 
84 76  2.807631 -1.437265 
84 77  2.872265 -1.366458 
84 78  2.936875 -1.293209 
84 79  3.001484 -1.217396 
84 80  3.066114 -1.138889 
84 81  3.130789 -1.057543 
84 82  3.195535 -0.973200 
84 83  3.260380 -0.885687 
84 84  3.325354 -0.794812 
84 85  3.390489 -0.700363 
84 86  3.455820 -0.602107 
84 87  3.521388 -0.499782 
84 88  3.587233 -0.393098 
84 89  3.653402 -0.281730 
84 90  3.719950 -0.165314 
84 91  3.786933 -0.043437 
84 92  3.854418 0.084365 
84 93  3.922480 0.218623 
84 94  3.991204 0.359941 
84 95  4.060687 0.509015 
84 96  4.131042 0.666649 
84 97  4.202400 0.833777 
84 98  4.274916 1.011495 
84 99  4.348770 1.201094 
84 100  4.424180 1.404112 
85 0  -4.153189 -2.092771 
85 1  -3.960595 -2.184804 
85 2  -3.778048 -2.268556 
85 3  -3.604391 -2.344929 
85 4  -3.438651 -2.414687 
85 5  -3.279998 -2.478479 
85 6  -3.127725 -2.536859 
85 7  -2.981219 -2.590305 
85 8  -2.839950 -2.639234 
85 9  -2.703457 -2.684007 
85 10  -2.571333 -2.724942 
85 11  -2.443221 -2.762316 
85 12  -2.318805 -2.796377 
85 13  -2.197802 -2.827344 
85 14  -2.079962 -2.855412 
85 15  -1.965058 -2.880755 
85 16  -1.852888 -2.903530 
85 17  -1.743269 -2.923875 
85 18  -1.636035 -2.941919 
85 19  -1.531036 -2.957775 
85 20  -1.428133 -2.971546 
85 21  -1.327203 -2.983325 
85 22  -1.228129 -2.993198 
85 23  -1.130807 -3.001242 
85 24  -1.035139 -3.007526 
85 25  -0.941035 -3.012115 
85 26  -0.848414 -3.015067 
85 27  -0.757198 -3.016434 
85 28  -0.667315 -3.016265 
85 29  -0.578701 -3.014603 
85 30  -0.491292 -3.011489 
85 31  -0.405031 -3.006958 
85 32  -0.319865 -3.001044 
85 33  -0.235742 -2.993776 
85 34  -0.152616 -2.985181 
85 35  -0.070441 -2.975283 
85 36  0.010825 -2.964103 
85 37  0.091220 -2.951660 
85 38  0.170784 -2.937971 
85 39  0.249550 -2.923051 
85 40  0.327553 -2.906911 
85 41  0.404825 -2.889562 
85 42  0.481396 -2.871013 
85 43  0.557294 -2.851271 
85 44  0.632548 -2.830339 
85 45  0.707183 -2.808221 
85 46  0.781226 -2.784919 
85 47  0.854699 -2.760432 
85 48  0.927626 -2.734757 
85 49  1.000030 -2.707891 
85 50  1.071932 -2.679829 
85 51  1.143352 -2.650563 
85 52  1.214310 -2.620084 
85 53  1.284826 -2.588381 
85 54  1.354919 -2.555442 
85 55  1.424606 -2.521252 
85 56  1.493906 -2.485796 
85 57  1.562836 -2.449054 
85 58  1.631412 -2.411007 
85 59  1.699653 -2.371631 
85 60  1.767573 -2.330903 
85 61  1.835188 -2.288795 
85 62  1.902516 -2.245278 
85 63  1.969572 -2.200320 
85 64  2.036371 -2.153885 
85 65  2.102928 -2.105935 
85 66  2.169261 -2.056431 
85 67  2.235383 -2.005326 
85 68  2.301312 -1.952573 
85 69  2.367063 -1.898121 
85 70  2.432652 -1.841911 
85 71  2.498096 -1.783884 
85 72  2.563411 -1.723974 
85 73  2.628615 -1.662109 
85 74  2.693725 -1.598211 
85 75  2.758760 -1.532197 
85 76  2.823739 -1.463975 
85 77  2.888682 -1.393446 
85 78  2.953609 -1.320503 
85 79  3.018543 -1.245027 
85 80  3.083507 -1.166889 
85 81  3.148526 -1.085950 
85 82  3.213625 -1.002055 
85 83  3.278833 -0.915034 
85 84  3.344181 -0.824702 
85 85  3.409701 -0.730852 
85 86  3.475429 -0.633256 
85 87  3.541404 -0.531662 
85 88  3.607670 -0.425787 
85 89  3.674275 -0.315317 
85 90  3.741270 -0.199900 
85 91  3.808715 -0.079138 
85 92  3.876677 0.047417 
85 93  3.945231 0.180274 
85 94  4.014462 0.320016 
85 95  4.084467 0.467307 
85 96  4.155359 0.622916 
85 97  4.227269 0.787735 
85 98  4.300349 0.962803 
85 99  4.374779 1.149345 
85 100  4.450772 1.348813 
86 0  -4.134942 -2.150376 
86 1  -3.944266 -2.239569 
86 2  -3.763324 -2.320819 
86 3  -3.591015 -2.394976 
86 4  -3.426411 -2.462758 
86 5  -3.268717 -2.524777 
86 6  -3.117255 -2.581561 
86 7  -2.971436 -2.633563 
86 8  -2.830749 -2.681180 
86 9  -2.694747 -2.724755 
86 10  -2.563036 -2.764594 
86 11  -2.435272 -2.800961 
86 12  -2.311145 -2.834095 
86 13  -2.190382 -2.864206 
86 14  -2.072738 -2.891481 
86 15  -1.957993 -2.916088 
86 16  -1.845948 -2.938177 
86 17  -1.736425 -2.957884 
86 18  -1.629261 -2.975332 
86 19  -1.524308 -2.990629 
86 20  -1.421432 -3.003877 
86 21  -1.320509 -3.015166 
86 22  -1.221427 -3.024578 
86 23  -1.124082 -3.032188 
86 24  -1.028377 -3.038063 
86 25  -0.934226 -3.042267 
86 26  -0.841546 -3.044855 
86 27  -0.750261 -3.045878 
86 28  -0.660301 -3.045384 
86 29  -0.571601 -3.043416 
86 30  -0.484099 -3.040011 
86 31  -0.397738 -3.035206 
86 32  -0.312465 -3.029032 
86 33  -0.228230 -3.021518 
86 34  -0.144985 -3.012691 
86 35  -0.062687 -3.002572 
86 36  0.018707 -2.991184 
86 37  0.099235 -2.978544 
86 38  0.178935 -2.964669 
86 39  0.257843 -2.949574 
86 40  0.335991 -2.933269 
86 41  0.413411 -2.915765 
86 42  0.490135 -2.897070 
86 43  0.566189 -2.877191 
86 44  0.641603 -2.856131 
86 45  0.716401 -2.833895 
86 46  0.790610 -2.810483 
86 47  0.864253 -2.785894 
86 48  0.937353 -2.760126 
86 49  1.009933 -2.733175 
86 50  1.082014 -2.705036 
86 51  1.153617 -2.675702 
86 52  1.224762 -2.645162 
86 53  1.295468 -2.613408 
86 54  1.365753 -2.580425 
86 55  1.435637 -2.546201 
86 56  1.505137 -2.510718 
86 57  1.574270 -2.473958 
86 58  1.643054 -2.435902 
86 59  1.711505 -2.396527 
86 60  1.779640 -2.355809 
86 61  1.847475 -2.313721 
86 62  1.915026 -2.270233 
86 63  1.982309 -2.225315 
86 64  2.049339 -2.178931 
86 65  2.116133 -2.131044 
86 66  2.182707 -2.081614 
86 67  2.249076 -2.030596 
86 68  2.315256 -1.977944 
86 69  2.381263 -1.923606 
86 70  2.447114 -1.867527 
86 71  2.512825 -1.809646 
86 72  2.578414 -1.749898 
86 73  2.643898 -1.688215 
86 74  2.709295 -1.624518 
86 75  2.774624 -1.558727 
86 76  2.839903 -1.490751 
86 77  2.905154 -1.420493 
86 78  2.970397 -1.347848 
86 79  3.035656 -1.272700 
86 80  3.100952 -1.194924 
86 81  3.166312 -1.114381 
86 82  3.231762 -1.030922 
86 83  3.297331 -0.944382 
86 84  3.363050 -0.854578 
86 85  3.428952 -0.761310 
86 86  3.495073 -0.664356 
86 87  3.561453 -0.563472 
86 88  3.628136 -0.458383 
86 89  3.695170 -0.348784 
86 90  3.762608 -0.234336 
86 91  3.830510 -0.114653 
86 92  3.898942 0.010697 
86 93  3.967980 0.142203 
86 94  4.037710 0.280425 
86 95  4.108228 0.426001 
86 96  4.179648 0.579665 
86 97  4.252098 0.742269 
86 98  4.325731 0.914802 
86 99  4.400723 1.098427 
86 100  4.477286 1.294515 
87 0  -4.117293 -2.207253 
87 1  -3.928435 -2.293731 
87 2  -3.749017 -2.372583 
87 3  -3.577990 -2.444608 
87 4  -3.414467 -2.510485 
87 5  -3.257688 -2.570794 
87 6  -3.107000 -2.626033 
87 7  -2.961836 -2.676635 
87 8  -2.821703 -2.722976 
87 9  -2.686168 -2.765388 
87 10  -2.554852 -2.804158 
87 11  -2.427418 -2.839544 
87 12  -2.303566 -2.871773 
87 13  -2.183031 -2.901046 
87 14  -2.065572 -2.927545 
87 15  -1.950975 -2.951430 
87 16  -1.839047 -2.972848 
87 17  -1.729612 -2.991928 
87 18  -1.622510 -3.008790 
87 19  -1.517598 -3.023539 
87 20  -1.414743 -3.036272 
87 21  -1.313823 -3.047077 
87 22  -1.214728 -3.056035 
87 23  -1.117356 -3.063217 
87 24  -1.021611 -3.068689 
87 25  -0.927408 -3.072512 
87 26  -0.834666 -3.074740 
87 27  -0.743310 -3.075424 
87 28  -0.653269 -3.074609 
87 29  -0.564481 -3.072337 
87 30  -0.476883 -3.068645 
87 31  -0.390420 -3.063568 
87 32  -0.305038 -3.057136 
87 33  -0.220689 -3.049378 
87 34  -0.137324 -3.040319 
87 35  -0.054901 -3.029982 
87 36  0.026622 -3.018387 
87 37  0.107285 -3.005552 
87 38  0.187124 -2.991492 
87 39  0.266174 -2.976222 
87 40  0.344468 -2.959753 
87 41  0.422039 -2.942094 
87 42  0.498916 -2.923254 
87 43  0.575128 -2.903238 
87 44  0.650703 -2.882052 
87 45  0.725665 -2.859697 
87 46  0.800041 -2.836175 
87 47  0.873855 -2.811484 
87 48  0.947130 -2.785623 
87 49  1.019887 -2.758587 
87 50  1.092149 -2.730371 
87 51  1.163935 -2.700968 
87 52  1.235267 -2.670368 
87 53  1.306163 -2.638561 
87 54  1.376642 -2.605534 
87 55  1.446723 -2.571274 
87 56  1.516424 -2.535763 
87 57  1.585761 -2.498985 
87 58  1.654753 -2.460919 
87 59  1.723416 -2.421543 
87 60  1.791766 -2.380834 
87 61  1.859820 -2.338763 
87 62  1.927595 -2.295304 
87 63  1.995105 -2.250423 
87 64  2.062368 -2.204089 
87 65  2.129399 -2.156262 
87 66  2.196213 -2.106904 
87 67  2.262828 -2.055971 
87 68  2.329259 -2.003417 
87 69  2.395523 -1.949190 
87 70  2.461636 -1.893237 
87 71  2.527615 -1.835499 
87 72  2.593477 -1.775911 
87 73  2.659241 -1.714404 
87 74  2.724924 -1.650904 
87 75  2.790545 -1.585330 
87 76  2.856125 -1.517594 
87 77  2.921683 -1.447601 
87 78  2.987241 -1.375247 
87 79  3.052822 -1.300419 
87 80  3.118450 -1.222995 
87 81  3.184150 -1.142840 
87 82  3.249949 -1.059806 
87 83  3.315876 -0.973733 
87 84  3.381964 -0.884444 
87 85  3.448244 -0.791742 
87 86  3.514755 -0.695414 
87 87  3.581537 -0.595219 
87 88  3.648633 -0.490893 
87 89  3.716092 -0.382140 
87 90  3.783968 -0.268630 
87 91  3.852320 -0.149992 
87 92  3.921217 -0.025809 
87 93  3.990732 0.104393 
87 94  4.060953 0.241149 
87 95  4.131977 0.385072 
87 96  4.203914 0.536867 
87 97  4.276895 0.697346 
87 98  4.351069 0.867452 
87 99  4.426612 1.048288 
87 100  4.503732 1.241157 
88 0  -4.100211 -2.263452 
88 1  -3.913077 -2.347329 
88 2  -3.735106 -2.423879 
88 3  -3.565299 -2.493853 
88 4  -3.402806 -2.557893 
88 5  -3.246899 -2.616547 
88 6  -3.096948 -2.670290 
88 7  -2.952409 -2.719534 
88 8  -2.812805 -2.764637 
88 9  -2.677717 -2.805915 
88 10  -2.546776 -2.843645 
88 11  -2.419656 -2.878073 
88 12  -2.296066 -2.909417 
88 13  -2.175745 -2.937872 
88 14  -2.058460 -2.963610 
88 15  -1.944003 -2.986789 
88 16  -1.832183 -3.007547 
88 17  -1.722828 -3.026012 
88 18  -1.615783 -3.042297 
88 19  -1.510905 -3.056506 
88 20  -1.408065 -3.068733 
88 21  -1.307144 -3.079062 
88 22  -1.208031 -3.087572 
88 23  -1.110628 -3.094331 
88 24  -1.014840 -3.099405 
88 25  -0.920582 -3.102852 
88 26  -0.827774 -3.104725 
88 27  -0.736343 -3.105074 
88 28  -0.646220 -3.103941 
88 29  -0.557340 -3.101368 
88 30  -0.469645 -3.097391 
88 31  -0.383077 -3.092044 
88 32  -0.297585 -3.085357 
88 33  -0.213119 -3.077357 
88 34  -0.129632 -3.068069 
88 35  -0.047082 -3.057514 
88 36  0.034572 -3.045714 
88 37  0.115371 -3.032684 
88 38  0.195349 -3.018441 
88 39  0.274544 -3.002997 
88 40  0.352986 -2.986364 
88 41  0.430708 -2.968552 
88 42  0.507741 -2.949567 
88 43  0.584111 -2.929415 
88 44  0.659848 -2.908102 
88 45  0.734976 -2.885629 
88 46  0.809520 -2.861996 
88 47  0.883506 -2.837204 
88 48  0.956955 -2.811249 
88 49  1.029891 -2.784128 
88 50  1.102334 -2.755835 
88 51  1.174305 -2.726363 
88 52  1.245825 -2.695702 
88 53  1.316912 -2.663841 
88 54  1.387586 -2.630770 
88 55  1.457865 -2.596473 
88 56  1.527767 -2.560934 
88 57  1.597309 -2.524136 
88 58  1.666510 -2.486059 
88 59  1.735385 -2.446681 
88 60  1.803951 -2.405978 
88 61  1.872225 -2.363924 
88 62  1.940223 -2.320491 
88 63  2.007962 -2.275648 
88 64  2.075457 -2.229360 
88 65  2.142725 -2.181591 
88 66  2.209781 -2.132303 
88 67  2.276642 -2.081452 
88 68  2.343325 -2.028993 
88 69  2.409845 -1.974875 
88 70  2.476219 -1.919045 
88 71  2.542466 -1.861445 
88 72  2.608601 -1.802012 
88 73  2.674644 -1.740679 
88 74  2.740613 -1.677371 
88 75  2.806526 -1.612009 
88 76  2.872405 -1.544507 
88 77  2.938269 -1.474772 
88 78  3.004141 -1.402703 
88 79  3.070044 -1.328188 
88 80  3.136001 -1.251107 
88 81  3.202039 -1.171329 
88 82  3.268186 -1.088710 
88 83  3.334470 -1.003093 
88 84  3.400923 -0.914305 
88 85  3.467580 -0.822155 
88 86  3.534478 -0.726435 
88 87  3.601658 -0.626911 
88 88  3.669163 -0.523326 
88 89  3.737043 -0.415394 
88 90  3.805352 -0.302794 
88 91  3.874150 -0.185168 
88 92  3.943505 -0.062113 
88 93  4.013492 0.066827 
88 94  4.084197 0.202168 
88 95  4.155718 0.344500 
88 96  4.228165 0.494496 
88 97  4.301667 0.652933 
88 98  4.376373 0.820713 
88 99  4.452455 0.998884 
88 100  4.530119 1.188680 
89 0  -4.083663 -2.319017 
89 1  -3.898167 -2.400402 
89 2  -3.721572 -2.474738 
89 3  -3.552926 -2.542736 
89 4  -3.391415 -2.605002 
89 5  -3.236339 -2.662056 
89 6  -3.087093 -2.714350 
89 7  -2.943150 -2.762275 
89 8  -2.804050 -2.806174 
89 9  -2.669387 -2.846348 
89 10  -2.538804 -2.883064 
89 11  -2.411982 -2.916557 
89 12  -2.288639 -2.947036 
89 13  -2.168522 -2.974689 
89 14  -2.051401 -2.999683 
89 15  -1.937074 -3.022168 
89 16  -1.825354 -3.042279 
89 17  -1.716072 -3.060139 
89 18  -1.609077 -3.075858 
89 19  -1.504228 -3.089536 
89 20  -1.401398 -3.101264 
89 21  -1.300470 -3.111124 
89 22  -1.201336 -3.119191 
89 23  -1.103897 -3.125534 
89 24  -1.008062 -3.130215 
89 25  -0.913746 -3.133290 
89 26  -0.820870 -3.134812 
89 27  -0.729361 -3.134828 
89 28  -0.639152 -3.133381 
89 29  -0.550179 -3.130510 
89 30  -0.462383 -3.126251 
89 31  -0.375709 -3.120637 
89 32  -0.290104 -3.113696 
89 33  -0.205519 -3.105456 
89 34  -0.121909 -3.095940 
89 35  -0.039231 -3.085170 
89 36  0.042557 -3.073166 
89 37  0.123493 -3.059943 
89 38  0.203613 -3.045517 
89 39  0.282953 -3.029900 
89 40  0.361544 -3.013104 
89 41  0.439420 -2.995138 
89 42  0.516608 -2.976009 
89 43  0.593139 -2.955722 
89 44  0.669038 -2.934282 
89 45  0.744333 -2.911691 
89 46  0.819047 -2.887948 
89 47  0.893206 -2.863054 
89 48  0.966831 -2.837006 
89 49  1.039946 -2.809800 
89 50  1.112572 -2.781429 
89 51  1.184728 -2.751887 
89 52  1.256437 -2.721164 
89 53  1.327716 -2.689250 
89 54  1.398585 -2.656133 
89 55  1.469063 -2.621799 
89 56  1.539167 -2.586231 
89 57  1.608915 -2.549412 
89 58  1.678324 -2.511323 
89 59  1.747412 -2.471941 
89 60  1.816195 -2.431244 
89 61  1.884690 -2.389205 
89 62  1.952912 -2.345797 
89 63  2.020880 -2.300988 
89 64  2.088608 -2.254745 
89 65  2.156112 -2.207033 
89 66  2.223410 -2.157812 
89 67  2.290518 -2.107041 
89 68  2.357452 -2.054674 
89 69  2.424228 -2.000662 
89 70  2.490865 -1.944952 
89 71  2.557378 -1.887487 
89 72  2.623787 -1.828205 
89 73  2.690109 -1.767040 
89 74  2.756363 -1.703919 
89 75  2.822568 -1.638765 
89 76  2.888745 -1.571492 
89 77  2.954915 -1.502009 
89 78  3.021099 -1.430217 
89 79  3.087322 -1.356007 
89 80  3.153608 -1.279262 
89 81  3.219983 -1.199852 
89 82  3.286475 -1.117637 
89 83  3.353114 -1.032465 
89 84  3.419931 -0.944165 
89 85  3.486962 -0.852553 
89 86  3.554244 -0.757424 
89 87  3.621818 -0.658553 
89 88  3.689729 -0.555689 
89 89  3.758026 -0.448553 
89 90  3.826764 -0.336837 
89 91  3.896003 -0.220192 
89 92  3.965811 -0.098230 
89 93  4.036264 0.029491 
89 94  4.107446 0.163466 
89 95  4.179457 0.304262 
89 96  4.252406 0.452526 
89 97  4.326420 0.609002 
89 98  4.401648 0.774550 
89 99  4.478260 0.950169 
89 100  4.556458 1.137031 
90 0  -4.067624 -2.373991 
90 1  -3.883682 -2.452983 
90 2  -3.708397 -2.525190 
90 3  -3.540858 -2.591283 
90 4  -3.380282 -2.651834 
90 5  -3.225999 -2.707340 
90 6  -3.077425 -2.758227 
90 7  -2.934051 -2.804871 
90 8  -2.795431 -2.847598 
90 9  -2.661174 -2.886697 
90 10  -2.530931 -2.922423 
90 11  -2.404393 -2.955002 
90 12  -2.281285 -2.984636 
90 13  -2.161359 -3.011504 
90 14  -2.044393 -3.035768 
90 15  -1.930186 -3.057572 
90 16  -1.818558 -3.077049 
90 17  -1.709343 -3.094314 
90 18  -1.602391 -3.109476 
90 19  -1.497565 -3.122631 
90 20  -1.394740 -3.133868 
90 21  -1.293801 -3.143265 
90 22  -1.194641 -3.150896 
90 23  -1.097163 -3.156828 
90 24  -1.001277 -3.161120 
90 25  -0.906899 -3.163829 
90 26  -0.813952 -3.165003 
90 27  -0.722363 -3.164691 
90 28  -0.632066 -3.162932 
90 29  -0.542997 -3.159766 
90 30  -0.455098 -3.155228 
90 31  -0.368315 -3.149348 
90 32  -0.282595 -3.142156 
90 33  -0.197890 -3.133677 
90 34  -0.114155 -3.123936 
90 35  -0.031346 -3.112951 
90 36  0.050576 -3.100744 
90 37  0.131651 -3.087329 
90 38  0.211915 -3.072721 
90 39  0.291401 -3.056933 
90 40  0.370144 -3.039975 
90 41  0.448173 -3.021855 
90 42  0.525520 -3.002582 
90 43  0.602211 -2.982161 
90 44  0.678275 -2.960594 
90 45  0.753737 -2.937884 
90 46  0.828622 -2.914032 
90 47  0.902955 -2.889036 
90 48  0.976757 -2.862894 
90 49  1.050052 -2.835602 
90 50  1.122861 -2.807153 
90 51  1.195205 -2.777541 
90 52  1.267103 -2.746756 
90 53  1.338575 -2.714788 
90 54  1.409640 -2.681625 
90 55  1.480317 -2.647252 
90 56  1.550624 -2.611654 
90 57  1.620579 -2.574814 
90 58  1.690198 -2.536711 
90 59  1.759499 -2.497325 
90 60  1.828499 -2.456632 
90 61  1.897215 -2.414607 
90 62  1.965662 -2.371222 
90 63  2.033859 -2.326446 
90 64  2.101820 -2.280246 
90 65  2.169562 -2.232588 
90 66  2.237102 -2.183433 
90 67  2.304456 -2.132739 
90 68  2.371642 -2.080461 
90 69  2.438675 -2.026552 
90 70  2.505573 -1.970959 
90 71  2.572354 -1.913626 
90 72  2.639035 -1.854492 
90 73  2.705636 -1.793491 
90 74  2.772174 -1.730553 
90 75  2.838671 -1.665601 
90 76  2.905146 -1.598551 
90 77  2.971620 -1.529315 
90 78  3.038117 -1.457793 
90 79  3.104659 -1.383881 
90 80  3.171272 -1.307463 
90 81  3.237983 -1.228412 
90 82  3.304818 -1.146593 
90 83  3.371810 -1.061853 
90 84  3.438989 -0.974030 
90 85  3.506392 -0.882941 
90 86  3.574055 -0.788389 
90 87  3.642021 -0.690152 
90 88  3.710334 -0.587988 
90 89  3.779045 -0.481627 
90 90  3.848207 -0.370768 
90 91  3.917882 -0.255075 
90 92  3.988138 -0.134170 
90 93  4.059051 -0.007630 
90 94  4.130705 0.125025 
90 95  4.203199 0.264340 
90 96  4.276642 0.410935 
90 97  4.351161 0.565525 
90 98  4.426902 0.728929 
90 99  4.504034 0.902103 
90 100  4.582756 1.086161 
91 0  -4.052066 -2.428411 
91 1  -3.869602 -2.505105 
91 2  -3.695564 -2.575262 
91 3  -3.529079 -2.639515 
91 4  -3.369396 -2.698409 
91 5  -3.215869 -2.752413 
91 6  -3.067936 -2.801936 
91 7  -2.925105 -2.847334 
91 8  -2.786944 -2.888920 
91 9  -2.653073 -2.926971 
91 10  -2.523154 -2.961731 
91 11  -2.396885 -2.993417 
91 12  -2.273999 -3.022223 
91 13  -2.154253 -3.048322 
91 14  -2.037432 -3.071871 
91 15  -1.923338 -3.093008 
91 16  -1.811794 -3.111860 
91 17  -1.702638 -3.128541 
91 18  -1.595724 -3.143155 
91 19  -1.490915 -3.155795 
91 20  -1.388090 -3.166547 
91 21  -1.287135 -3.175488 
91 22  -1.187945 -3.182689 
91 23  -1.090425 -3.188215 
91 24  -0.994484 -3.192123 
91 25  -0.900042 -3.194469 
91 26  -0.807020 -3.195300 
91 27  -0.715348 -3.194662 
91 28  -0.624960 -3.192595 
91 29  -0.535793 -3.189137 
91 30  -0.447789 -3.184321 
91 31  -0.360895 -3.178179 
91 32  -0.275058 -3.170737 
91 33  -0.190231 -3.162022 
91 34  -0.106368 -3.152056 
91 35  -0.023428 -3.140859 
91 36  0.058631 -3.128449 
91 37  0.139847 -3.114843 
91 38  0.220255 -3.100055 
91 39  0.299890 -3.084095 
91 40  0.378784 -3.066976 
91 41  0.456969 -3.048704 
91 42  0.534475 -3.029288 
91 43  0.611329 -3.008731 
91 44  0.687558 -2.987038 
91 45  0.763189 -2.964210 
91 46  0.838246 -2.940248 
91 47  0.912754 -2.915151 
91 48  0.986734 -2.888915 
91 49  1.060211 -2.861536 
91 50  1.133204 -2.833009 
91 51  1.205735 -2.803327 
91 52  1.277823 -2.772479 
91 53  1.349489 -2.740456 
91 54  1.420752 -2.707246 
91 55  1.491629 -2.672834 
91 56  1.562139 -2.637205 
91 57  1.632301 -2.600342 
91 58  1.702130 -2.562225 
91 59  1.771646 -2.522834 
91 60  1.840864 -2.482144 
91 61  1.909801 -2.440131 
91 62  1.978474 -2.396767 
91 63  2.046899 -2.352022 
91 64  2.115094 -2.305864 
91 65  2.183074 -2.258258 
91 66  2.250857 -2.209166 
91 67  2.318458 -2.158547 
91 68  2.385895 -2.106356 
91 69  2.453185 -2.052547 
91 70  2.520345 -1.997068 
91 71  2.587393 -1.939863 
91 72  2.654347 -1.880872 
91 73  2.721226 -1.820032 
91 74  2.788049 -1.757272 
91 75  2.854836 -1.692518 
91 76  2.921608 -1.625686 
91 77  2.988387 -1.556690 
91 78  3.055194 -1.485434 
91 79  3.122055 -1.411812 
91 80  3.188994 -1.335713 
91 81  3.256039 -1.257014 
91 82  3.323217 -1.175579 
91 83  3.390559 -1.091262 
91 84  3.458099 -1.003903 
91 85  3.525871 -0.913324 
91 86  3.593913 -0.819333 
91 87  3.662268 -0.721714 
91 88  3.730981 -0.620232 
91 89  3.800101 -0.514623 
91 90  3.869684 -0.404596 
91 91  3.939792 -0.289825 
91 92  4.010491 -0.169946 
91 93  4.081858 -0.044549 
91 94  4.153978 0.086830 
91 95  4.226949 0.224714 
91 96  4.300879 0.369701 
91 97  4.375895 0.522474 
91 98  4.452141 0.683820 
91 99  4.529784 0.854650 
91 100  4.609021 1.036023 
92 0  -4.036965 -2.482316 
92 1  -3.855908 -2.556799 
92 2  -3.683058 -2.624979 
92 3  -3.517577 -2.687455 
92 4  -3.358746 -2.744745 
92 5  -3.205941 -2.797293 
92 6  -3.058620 -2.845490 
92 7  -2.916307 -2.889677 
92 8  -2.778583 -2.930152 
92 9  -2.645080 -2.967180 
92 10  -2.515468 -3.000996 
92 11  -2.389455 -3.031809 
92 12  -2.266779 -3.059805 
92 13  -2.147203 -3.085151 
92 14  -2.030517 -3.107997 
92 15  -1.916527 -3.128478 
92 16  -1.805060 -3.146717 
92 17  -1.695957 -3.162824 
92 18  -1.589074 -3.176898 
92 19  -1.484278 -3.189031 
92 20  -1.381448 -3.199306 
92 21  -1.280472 -3.207797 
92 22  -1.181248 -3.214573 
92 23  -1.083681 -3.219697 
92 24  -0.987683 -3.223227 
92 25  -0.893172 -3.225213 
92 26  -0.800073 -3.225705 
92 27  -0.708316 -3.224744 
92 28  -0.617834 -3.222372 
92 29  -0.528567 -3.218625 
92 30  -0.440456 -3.213534 
92 31  -0.353448 -3.207131 
92 32  -0.267492 -3.199442 
92 33  -0.182541 -3.190492 
92 34  -0.098549 -3.180302 
92 35  -0.015475 -3.168894 
92 36  0.066722 -3.156284 
92 37  0.148080 -3.142488 
92 38  0.228634 -3.127519 
92 39  0.308419 -3.111389 
92 40  0.387466 -3.094109 
92 41  0.465809 -3.075685 
92 42  0.543474 -3.056126 
92 43  0.620492 -3.035435 
92 44  0.696888 -3.013616 
92 45  0.772689 -2.990670 
92 46  0.847919 -2.966598 
92 47  0.922602 -2.941399 
92 48  0.996762 -2.915069 
92 49  1.070421 -2.887604 
92 50  1.143599 -2.858998 
92 51  1.216319 -2.829245 
92 52  1.288599 -2.798334 
92 53  1.360459 -2.766256 
92 54  1.431920 -2.732998 
92 55  1.502998 -2.698546 
92 56  1.573713 -2.662886 
92 57  1.644082 -2.625999 
92 58  1.714123 -2.587866 
92 59  1.783853 -2.548468 
92 60  1.853289 -2.507780 
92 61  1.922448 -2.465777 
92 62  1.991347 -2.422434 
92 63  2.060003 -2.377718 
92 64  2.128432 -2.331600 
92 65  2.196650 -2.284044 
92 66  2.264675 -2.235013 
92 67  2.332524 -2.184466 
92 68  2.400212 -2.132360 
92 69  2.467759 -2.078648 
92 70  2.535181 -2.023279 
92 71  2.602496 -1.966199 
92 72  2.669723 -1.907349 
92 73  2.736880 -1.846666 
92 74  2.803987 -1.784080 
92 75  2.871065 -1.719518 
92 76  2.938134 -1.652900 
92 77  3.005216 -1.584139 
92 78  3.072334 -1.513140 
92 79  3.139512 -1.439803 
92 80  3.206776 -1.364016 
92 81  3.274154 -1.285659 
92 82  3.341673 -1.204599 
92 83  3.409365 -1.120695 
92 84  3.477262 -1.033788 
92 85  3.545401 -0.943707 
92 86  3.613820 -0.850262 
92 87  3.682562 -0.753245 
92 88  3.751671 -0.652425 
92 89  3.821198 -0.547548 
92 90  3.891198 -0.438329 
92 91  3.961734 -0.324454 
92 92  4.032872 -0.205570 
92 93  4.104689 -0.081278 
92 94  4.177270 0.048866 
92 95  4.250711 0.185368 
92 96  4.325123 0.328803 
92 97  4.400628 0.479827 
92 98  4.477372 0.639193 
92 99  4.555519 0.807772 
92 100  4.635261 0.986575 
93 0  -4.022299 -2.535737 
93 1  -3.842581 -2.608092 
93 2  -3.670862 -2.674365 
93 3  -3.506340 -2.735123 
93 4  -3.348322 -2.790858 
93 5  -3.196206 -2.841995 
93 6  -3.049469 -2.888903 
93 7  -2.907650 -2.931910 
93 8  -2.770344 -2.971302 
93 9  -2.637191 -3.007332 
93 10  -2.507871 -3.040226 
93 11  -2.382100 -3.070184 
93 12  -2.259622 -3.097387 
93 13  -2.140207 -3.121994 
93 14  -2.023646 -3.144151 
93 15  -1.909752 -3.163989 
93 16  -1.798355 -3.181625 
93 17  -1.689298 -3.197166 
93 18  -1.582441 -3.210709 
93 19  -1.477651 -3.222342 
93 20  -1.374812 -3.232146 
93 21  -1.273811 -3.240193 
93 22  -1.174549 -3.246550 
93 23  -1.076932 -3.251278 
93 24  -0.980873 -3.254432 
93 25  -0.886291 -3.256064 
93 26  -0.793112 -3.256219 
93 27  -0.701266 -3.254940 
93 28  -0.610688 -3.252265 
93 29  -0.521317 -3.248230 
93 30  -0.433097 -3.242867 
93 31  -0.345974 -3.236205 
93 32  -0.259897 -3.228271 
93 33  -0.174820 -3.219087 
93 34  -0.090697 -3.208677 
93 35  -0.007488 -3.197058 
93 36  0.074849 -3.184249 
93 37  0.156350 -3.170263 
93 38  0.237052 -3.155115 
93 39  0.316988 -3.138816 
93 40  0.396191 -3.121375 
93 41  0.474691 -3.102801 
93 42  0.552518 -3.083098 
93 43  0.629701 -3.062273 
93 44  0.706265 -3.040328 
93 45  0.782237 -3.017264 
93 46  0.857641 -2.993083 
93 47  0.932502 -2.967781 
93 48  1.006842 -2.941357 
93 49  1.080684 -2.913806 
93 50  1.154048 -2.885121 
93 51  1.226957 -2.855296 
93 52  1.299430 -2.824322 
93 53  1.371486 -2.792188 
93 54  1.443145 -2.758881 
93 55  1.514425 -2.724389 
93 56  1.585345 -2.688696 
93 57  1.655922 -2.651784 
93 58  1.726175 -2.613635 
93 59  1.796121 -2.574229 
93 60  1.865776 -2.533541 
93 61  1.935158 -2.491548 
93 62  2.004283 -2.448223 
93 63  2.073169 -2.403536 
93 64  2.141832 -2.357455 
93 65  2.210290 -2.309947 
93 66  2.278558 -2.260975 
93 67  2.346654 -2.210498 
93 68  2.414595 -2.158474 
93 69  2.482398 -2.104857 
93 70  2.550082 -2.049596 
93 71  2.617665 -1.992638 
93 72  2.685164 -1.933925 
93 73  2.752599 -1.873394 
93 74  2.819991 -1.810978 
93 75  2.887358 -1.746604 
93 76  2.954723 -1.680194 
93 77  3.022108 -1.611662 
93 78  3.089536 -1.540916 
93 79  3.157031 -1.467856 
93 80  3.224619 -1.392374 
93 81  3.292328 -1.314350 
93 82  3.360187 -1.233658 
93 83  3.428227 -1.150156 
93 84  3.496481 -1.063690 
93 85  3.564985 -0.974094 
93 86  3.633779 -0.881181 
93 87  3.702904 -0.784750 
93 88  3.772407 -0.684575 
93 89  3.842338 -0.580409 
93 90  3.912752 -0.471977 
93 91  3.983712 -0.358971 
93 92  4.055285 -0.241051 
93 93  4.127547 -0.117831 
93 94  4.200583 0.011118 
93 95  4.274490 0.146284 
93 96  4.349377 0.288221 
93 97  4.425366 0.437559 
93 98  4.502600 0.595020 
93 99  4.581243 0.761437 
93 100  4.661483 0.937775 
94 0  -4.008046 -2.588709 
94 1  -3.829604 -2.659012 
94 2  -3.658964 -2.723443 
94 3  -3.495357 -2.782539 
94 4  -3.338114 -2.836767 
94 5  -3.186657 -2.886532 
94 6  -3.040477 -2.932188 
94 7  -2.899130 -2.974046 
94 8  -2.762221 -3.012381 
94 9  -2.629401 -3.047436 
94 10  -2.500359 -3.079428 
94 11  -2.374818 -3.108550 
94 12  -2.252526 -3.134975 
94 13  -2.133260 -3.158858 
94 14  -2.016817 -3.180339 
94 15  -1.903012 -3.199544 
94 16  -1.791677 -3.216587 
94 17  -1.682660 -3.231571 
94 18  -1.575822 -3.244591 
94 19  -1.471035 -3.255732 
94 20  -1.368181 -3.265071 
94 21  -1.267151 -3.272680 
94 22  -1.167847 -3.278623 
94 23  -1.070176 -3.282959 
94 24  -0.974052 -3.285743 
94 25  -0.879396 -3.287023 
94 26  -0.786134 -3.286845 
94 27  -0.694197 -3.285250 
94 28  -0.603521 -3.282276 
94 29  -0.514045 -3.277957 
94 30  -0.425713 -3.272323 
94 31  -0.338472 -3.265404 
94 32  -0.252272 -3.257226 
94 33  -0.167067 -3.247811 
94 34  -0.082812 -3.237180 
94 35  0.000535 -3.225352 
94 36  0.083012 -3.212345 
94 37  0.164659 -3.198171 
94 38  0.245510 -3.182845 
94 39  0.325599 -3.166377 
94 40  0.404958 -3.148776 
94 41  0.483617 -3.130050 
94 42  0.561607 -3.110206 
94 43  0.638956 -3.089247 
94 44  0.715689 -3.067176 
94 45  0.791833 -3.043995 
94 46  0.867413 -3.019703 
94 47  0.942452 -2.994299 
94 48  1.016974 -2.967781 
94 49  1.091000 -2.940143 
94 50  1.164552 -2.911379 
94 51  1.237650 -2.881482 
94 52  1.310316 -2.850444 
94 53  1.382569 -2.818253 
94 54  1.454427 -2.784897 
94 55  1.525910 -2.750364 
94 56  1.597036 -2.714637 
94 57  1.667823 -2.677700 
94 58  1.738288 -2.639534 
94 59  1.808450 -2.600118 
94 60  1.878325 -2.559429 
94 61  1.947930 -2.517444 
94 62  2.017282 -2.474136 
94 63  2.086399 -2.429475 
94 64  2.155298 -2.383431 
94 65  2.223994 -2.335969 
94 66  2.292505 -2.287053 
94 67  2.360849 -2.236644 
94 68  2.429043 -2.184700 
94 69  2.497103 -2.131174 
94 70  2.565049 -2.076018 
94 71  2.632899 -2.019179 
94 72  2.700671 -1.960599 
94 73  2.768384 -1.900218 
94 74  2.836059 -1.837968 
94 75  2.903717 -1.773778 
94 76  2.971378 -1.707571 
94 77  3.039065 -1.639263 
94 78  3.106802 -1.568763 
94 79  3.174613 -1.495974 
94 80  3.242525 -1.420789 
94 81  3.310564 -1.343092 
94 82  3.378762 -1.262757 
94 83  3.447148 -1.179648 
94 84  3.515757 -1.093613 
94 85  3.584625 -1.004489 
94 86  3.653791 -0.912096 
94 87  3.723298 -0.816235 
94 88  3.793192 -0.716688 
94 89  3.863523 -0.613214 
94 90  3.934349 -0.505545 
94 91  4.005729 -0.393384 
94 92  4.077733 -0.276399 
94 93  4.150436 -0.154219 
94 94  4.223923 -0.026427 
94 95  4.298291 0.107447 
94 96  4.373646 0.247937 
94 97  4.450113 0.395649 
94 98  4.527831 0.551275 
94 99  4.606963 0.715615 
94 100  4.687695 0.889588 
95 0  -3.994188 -2.641259 
95 1  -3.816961 -2.709584 
95 2  -3.647351 -2.772234 
95 3  -3.484616 -2.829721 
95 4  -3.328114 -2.882487 
95 5  -3.177285 -2.930919 
95 6  -3.031638 -2.975355 
95 7  -2.890740 -3.016093 
95 8  -2.754210 -3.053397 
95 9  -2.621707 -3.087500 
95 10  -2.492929 -3.118610 
95 11  -2.367604 -3.146913 
95 12  -2.245489 -3.172576 
95 13  -2.126363 -3.195748 
95 14  -2.010028 -3.216565 
95 15  -1.896303 -3.235148 
95 16  -1.785025 -3.251607 
95 17  -1.676042 -3.266043 
95 18  -1.569218 -3.278548 
95 19  -1.464427 -3.289203 
95 20  -1.361554 -3.298084 
95 21  -1.260492 -3.305260 
95 22  -1.161142 -3.310794 
95 23  -1.063413 -3.314743 
95 24  -0.967222 -3.317160 
95 25  -0.872488 -3.318093 
95 26  -0.779140 -3.317585 
95 27  -0.687110 -3.315677 
95 28  -0.596332 -3.312406 
95 29  -0.506748 -3.307804 
95 30  -0.418303 -3.301903 
95 31  -0.330942 -3.294729 
95 32  -0.244618 -3.286309 
95 33  -0.159283 -3.276663 
95 34  -0.074893 -3.265814 
95 35  0.008592 -3.253779 
95 36  0.091213 -3.240573 
95 37  0.173006 -3.226213 
95 38  0.254008 -3.210709 
95 39  0.334251 -3.194072 
95 40  0.413767 -3.176313 
95 41  0.492588 -3.157436 
95 42  0.570742 -3.137450 
95 43  0.648258 -3.116357 
95 44  0.725161 -3.094161 
95 45  0.801479 -3.070862 
95 46  0.877235 -3.046460 
95 47  0.952454 -3.020954 
95 48  1.027157 -2.994341 
95 49  1.101369 -2.966616 
95 50  1.175109 -2.937773 
95 51  1.248399 -2.907804 
95 52  1.321259 -2.876700 
95 53  1.393709 -2.844452 
95 54  1.465768 -2.811047 
95 55  1.537454 -2.776472 
95 56  1.608787 -2.740710 
95 57  1.679784 -2.703747 
95 58  1.750462 -2.665562 
95 59  1.820841 -2.626135 
95 60  1.890936 -2.585445 
95 61  1.960765 -2.543467 
95 62  2.030345 -2.500174 
95 63  2.099694 -2.455538 
95 64  2.168827 -2.409528 
95 65  2.237763 -2.362110 
95 66  2.306519 -2.313249 
95 67  2.375111 -2.262906 
95 68  2.443557 -2.211039 
95 69  2.511875 -2.157602 
95 70  2.580083 -2.102549 
95 71  2.648200 -2.045825 
95 72  2.716245 -1.987375 
95 73  2.784236 -1.927139 
95 74  2.852195 -1.865051 
95 75  2.920142 -1.801041 
95 76  2.988098 -1.735032 
95 77  3.056088 -1.666943 
95 78  3.124133 -1.596684 
95 79  3.192259 -1.524159 
95 80  3.260493 -1.449265 
95 81  3.328863 -1.371887 
95 82  3.397398 -1.291901 
95 83  3.466129 -1.209175 
95 84  3.535092 -1.123560 
95 85  3.604321 -1.034898 
95 86  3.673858 -0.943010 
95 87  3.743745 -0.847705 
95 88  3.814027 -0.748770 
95 89  3.884757 -0.645969 
95 90  3.955990 -0.539043 
95 91  4.027788 -0.427702 
95 92  4.100219 -0.311626 
95 93  4.173359 -0.190454 
95 94  4.247293 -0.063783 
95 95  4.322116 0.068842 
95 96  4.397936 0.207933 
95 97  4.474874 0.354076 
95 98  4.553071 0.507935 
95 99  4.632685 0.670274 
95 100  4.713901 0.841977 
96 0  -3.980706 -2.693416 
96 1  -3.804638 -2.759831 
96 2  -3.636010 -2.820759 
96 3  -3.474109 -2.876685 
96 4  -3.318314 -2.928032 
96 5  -3.168085 -2.975168 
96 6  -3.022945 -3.018417 
96 7  -2.882476 -3.058063 
96 8  -2.746306 -3.094360 
96 9  -2.614105 -3.127532 
96 10  -2.485577 -3.157779 
96 11  -2.360457 -3.185280 
96 12  -2.238507 -3.210195 
96 13  -2.119513 -3.232669 
96 14  -2.003278 -3.252833 
96 15  -1.889626 -3.270804 
96 16  -1.778397 -3.286689 
96 17  -1.669442 -3.300586 
96 18  -1.562627 -3.312582 
96 19  -1.457828 -3.322758 
96 20  -1.354931 -3.331187 
96 21  -1.253831 -3.337936 
96 22  -1.154432 -3.343065 
96 23  -1.056643 -3.346632 
96 24  -0.960380 -3.348686 
96 25  -0.865566 -3.349275 
96 26  -0.772130 -3.348441 
96 27  -0.680002 -3.346223 
96 28  -0.589122 -3.342657 
96 29  -0.499428 -3.337776 
96 30  -0.410866 -3.331608 
96 31  -0.323384 -3.324182 
96 32  -0.236933 -3.315520 
96 33  -0.151466 -3.305647 
96 34  -0.066941 -3.294580 
96 35  0.016685 -3.282338 
96 36  0.099451 -3.268936 
96 37  0.181392 -3.254389 
96 38  0.262546 -3.238708 
96 39  0.342944 -3.221904 
96 40  0.422620 -3.203986 
96 41  0.501603 -3.184960 
96 42  0.579923 -3.164831 
96 43  0.657607 -3.143605 
96 44  0.734682 -3.121283 
96 45  0.811174 -3.097867 
96 46  0.887108 -3.073355 
96 47  0.962507 -3.047747 
96 48  1.037394 -3.021039 
96 49  1.111792 -2.993226 
96 50  1.185721 -2.964303 
96 51  1.259204 -2.934262 
96 52  1.332259 -2.903093 
96 53  1.404907 -2.870787 
96 54  1.477167 -2.837332 
96 55  1.549058 -2.802713 
96 56  1.620598 -2.766917 
96 57  1.691806 -2.729926 
96 58  1.762698 -2.691721 
96 59  1.833294 -2.652283 
96 60  1.903610 -2.611590 
96 61  1.973664 -2.569617 
96 62  2.043473 -2.526338 
96 63  2.113053 -2.481725 
96 64  2.182423 -2.435747 
96 65  2.251599 -2.388372 
96 66  2.320598 -2.339564 
96 67  2.389439 -2.289285 
96 68  2.458138 -2.237492 
96 69  2.526714 -2.184143 
96 70  2.595185 -2.129188 
96 71  2.663569 -2.072577 
96 72  2.731886 -2.014254 
96 73  2.800156 -1.954160 
96 74  2.868398 -1.892230 
96 75  2.936634 -1.828395 
96 76  3.004886 -1.762580 
96 77  3.073177 -1.694704 
96 78  3.141530 -1.624681 
96 79  3.209972 -1.552415 
96 80  3.278527 -1.477804 
96 81  3.347226 -1.400737 
96 82  3.416097 -1.321093 
96 83  3.485172 -1.238740 
96 84  3.554487 -1.153536 
96 85  3.624077 -1.065323 
96 86  3.693983 -0.973929 
96 87  3.764246 -0.879166 
96 88  3.834916 -0.780826 
96 89  3.906041 -0.678680 
96 90  3.977679 -0.572477 
96 91  4.049892 -0.461934 
96 92  4.122746 -0.346739 
96 93  4.196320 -0.226545 
96 94  4.270696 -0.100960 
96 95  4.345970 0.030454 
96 96  4.422249 0.168193 
96 97  4.499655 0.312820 
96 98  4.578324 0.464974 
96 99  4.658415 0.625390 
96 100  4.740109 0.794910 
97 0  -3.967583 -2.745208 
97 1  -3.792620 -2.809777 
97 2  -3.624929 -2.869037 
97 3  -3.463824 -2.923450 
97 4  -3.308705 -2.973417 
97 5  -3.159048 -3.019292 
97 6  -3.014393 -3.061384 
97 7  -2.874334 -3.099965 
97 8  -2.738507 -3.135279 
97 9  -2.606592 -3.167540 
97 10  -2.478301 -3.196941 
97 11  -2.353374 -3.223655 
97 12  -2.231580 -3.247837 
97 13  -2.112707 -3.269626 
97 14  -1.996564 -3.289148 
97 15  -1.882979 -3.306518 
97 16  -1.771792 -3.321838 
97 17  -1.662859 -3.335203 
97 18  -1.556047 -3.346698 
97 19  -1.451235 -3.356401 
97 20  -1.348311 -3.364384 
97 21  -1.247170 -3.370710 
97 22  -1.147717 -3.375440 
97 23  -1.049863 -3.378628 
97 24  -0.953526 -3.380323 
97 25  -0.858630 -3.380572 
97 26  -0.765102 -3.379414 
97 27  -0.672875 -3.376889 
97 28  -0.581889 -3.373031 
97 29  -0.492083 -3.367872 
97 30  -0.403403 -3.361441 
97 31  -0.315797 -3.353763 
97 32  -0.229217 -3.344863 
97 33  -0.143617 -3.334762 
97 34  -0.058953 -3.323479 
97 35  0.024815 -3.311031 
97 36  0.107726 -3.297434 
97 37  0.189818 -3.282702 
97 38  0.271125 -3.266845 
97 39  0.351680 -3.249874 
97 40  0.431516 -3.231797 
97 41  0.510663 -3.212621 
97 42  0.589149 -3.192352 
97 43  0.667003 -3.170992 
97 44  0.744251 -3.148545 
97 45  0.820919 -3.125011 
97 46  0.897032 -3.100389 
97 47  0.972612 -3.074679 
97 48  1.047684 -3.047876 
97 49  1.122269 -3.019975 
97 50  1.196389 -2.990972 
97 51  1.270064 -2.960857 
97 52  1.343316 -2.929623 
97 53  1.416163 -2.897258 
97 54  1.488625 -2.863752 
97 55  1.560721 -2.829090 
97 56  1.632470 -2.793258 
97 57  1.703889 -2.756238 
97 58  1.774996 -2.718013 
97 59  1.845810 -2.678562 
97 60  1.916348 -2.637864 
97 61  1.986627 -2.595895 
97 62  2.056665 -2.552629 
97 63  2.126478 -2.508038 
97 64  2.196084 -2.462091 
97 65  2.265500 -2.414757 
97 66  2.334745 -2.365999 
97 67  2.403834 -2.315781 
97 68  2.472787 -2.264061 
97 69  2.541621 -2.210796 
97 70  2.610354 -2.155938 
97 71  2.679006 -2.099437 
97 72  2.747596 -2.041238 
97 73  2.816144 -1.981282 
97 74  2.884670 -1.919506 
97 75  2.953195 -1.855842 
97 76  3.021742 -1.790216 
97 77  3.090334 -1.722549 
97 78  3.158995 -1.652755 
97 79  3.227751 -1.580742 
97 80  3.296627 -1.506408 
97 81  3.365654 -1.429645 
97 82  3.434860 -1.350335 
97 83  3.504279 -1.268348 
97 84  3.573944 -1.183544 
97 85  3.643893 -1.095769 
97 86  3.714166 -1.004856 
97 87  3.784806 -0.910621 
97 88  3.855859 -0.812862 
97 89  3.927378 -0.711354 
97 90  3.999419 -0.605854 
97 91  4.072042 -0.496086 
97 92  4.145318 -0.381749 
97 93  4.219321 -0.262503 
97 94  4.294136 -0.137972 
97 95  4.369857 -0.007730 
97 96  4.446591 0.128701 
97 97  4.524458 0.271863 
97 98  4.603595 0.422373 
97 99  4.684157 0.580934 
97 100  4.766324 0.748355 
98 0  -3.954803 -2.796658 
98 1  -3.780894 -2.859442 
98 2  -3.614099 -2.917086 
98 3  -3.453753 -2.970029 
98 4  -3.299279 -3.018657 
98 5  -3.150170 -3.063304 
98 6  -3.005978 -3.104267 
98 7  -2.866307 -3.141808 
98 8  -2.730807 -3.176160 
98 9  -2.599164 -3.207530 
98 10  -2.471097 -3.236103 
98 11  -2.346353 -3.262046 
98 12  -2.224704 -3.285508 
98 13  -2.105944 -3.306624 
98 14  -1.989885 -3.325515 
98 15  -1.876359 -3.342292 
98 16  -1.765208 -3.357056 
98 17  -1.656292 -3.369897 
98 18  -1.549478 -3.380898 
98 19  -1.444649 -3.390134 
98 20  -1.341692 -3.397676 
98 21  -1.240506 -3.403586 
98 22  -1.140996 -3.407921 
98 23  -1.043075 -3.410734 
98 24  -0.946660 -3.412074 
98 25  -0.851678 -3.411985 
98 26  -0.758055 -3.410507 
98 27  -0.665728 -3.407678 
98 28  -0.574633 -3.403530 
98 29  -0.484712 -3.398096 
98 30  -0.395912 -3.391402 
98 31  -0.308181 -3.383475 
98 32  -0.221470 -3.374337 
98 33  -0.135735 -3.364010 
98 34  -0.050931 -3.352512 
98 35  0.032981 -3.339860 
98 36  0.116040 -3.326069 
98 37  0.198283 -3.311152 
98 38  0.279745 -3.295120 
98 39  0.360459 -3.277982 
98 40  0.440457 -3.259748 
98 41  0.519768 -3.240423 
98 42  0.598423 -3.220012 
98 43  0.676448 -3.198519 
98 44  0.753870 -3.175947 
98 45  0.830715 -3.152295 
98 46  0.907007 -3.127563 
98 47  0.982770 -3.101750 
98 48  1.058027 -3.074852 
98 49  1.132801 -3.046864 
98 50  1.207112 -3.017779 
98 51  1.280981 -2.987591 
98 52  1.354430 -2.956291 
98 53  1.427477 -2.923867 
98 54  1.500142 -2.890309 
98 55  1.572445 -2.855603 
98 56  1.644402 -2.819734 
98 57  1.716034 -2.782685 
98 58  1.787357 -2.744438 
98 59  1.858390 -2.704974 
98 60  1.929150 -2.664270 
98 61  1.999655 -2.622304 
98 62  2.069922 -2.579049 
98 63  2.139969 -2.534478 
98 64  2.209812 -2.488560 
98 65  2.279469 -2.441265 
98 66  2.348959 -2.392556 
98 67  2.418298 -2.342397 
98 68  2.487504 -2.290748 
98 69  2.556596 -2.237564 
98 70  2.625593 -2.182800 
98 71  2.694513 -2.126406 
98 72  2.763375 -2.068327 
98 73  2.832201 -2.008506 
98 74  2.901011 -1.946881 
98 75  2.969825 -1.883384 
98 76  3.038667 -1.817943 
98 77  3.107560 -1.750480 
98 78  3.176528 -1.680911 
98 79  3.245598 -1.609144 
98 80  3.314795 -1.535081 
98 81  3.384149 -1.458616 
98 82  3.453690 -1.379630 
98 83  3.523450 -1.298000 
98 84  3.593465 -1.213587 
98 85  3.663772 -1.126240 
98 86  3.734410 -1.035797 
98 87  3.805424 -0.942077 
98 88  3.876860 -0.844883 
98 89  3.948770 -0.743997 
98 90  4.021211 -0.639180 
98 91  4.094243 -0.530167 
98 92  4.167937 -0.416663 
98 93  4.242366 -0.298339 
98 94  4.317616 -0.174829 
98 95  4.393781 -0.045724 
98 96  4.470965 0.089441 
98 97  4.549290 0.231188 
98 98  4.628889 0.380110 
98 99  4.709918 0.536883 
98 100  4.792552 0.702285 
99 0  -3.942351 -2.847789 
99 1  -3.769448 -2.908845 
99 2  -3.603508 -2.964922 
99 3  -3.443888 -3.016439 
99 4  -3.290031 -3.063762 
99 5  -3.141443 -3.107213 
99 6  -2.997692 -3.147076 
99 7  -2.858393 -3.183601 
99 8  -2.723204 -3.217013 
99 9  -2.591819 -3.247510 
99 10  -2.463963 -3.275272 
99 11  -2.339390 -3.300458 
99 12  -2.217877 -3.323213 
99 13  -2.099221 -3.343667 
99 14  -1.983240 -3.361938 
99 15  -1.869765 -3.378132 
99 16  -1.758645 -3.392347 
99 17  -1.649739 -3.404672 
99 18  -1.542919 -3.415185 
99 19  -1.438067 -3.423961 
99 20  -1.335074 -3.431067 
99 21  -1.233839 -3.436564 
99 22  -1.134268 -3.440509 
99 23  -1.036276 -3.442952 
99 24  -0.939782 -3.443940 
99 25  -0.844710 -3.443517 
99 26  -0.750991 -3.441721 
99 27  -0.658559 -3.438590 
99 28  -0.567353 -3.434155 
99 29  -0.477316 -3.428447 
99 30  -0.388393 -3.421494 
99 31  -0.300534 -3.413319 
99 32  -0.213691 -3.403945 
99 33  -0.127819 -3.393394 
99 34  -0.042874 -3.381682 
99 35  0.041184 -3.368827 
99 36  0.124392 -3.354842 
99 37  0.206788 -3.339741 
99 38  0.288407 -3.323534 
99 39  0.369281 -3.306230 
99 40  0.449442 -3.287839 
99 41  0.528919 -3.268364 
99 42  0.607743 -3.247813 
99 43  0.685940 -3.226187 
99 44  0.763538 -3.203490 
99 45  0.840561 -3.179720 
99 46  0.917034 -3.154879 
99 47  0.992981 -3.128963 
99 48  1.068425 -3.101969 
99 49  1.143387 -3.073893 
99 50  1.217891 -3.044727 
99 51  1.291956 -3.014465 
99 52  1.365602 -2.983098 
99 53  1.438850 -2.950615 
99 54  1.511720 -2.917005 
99 55  1.584229 -2.882253 
99 56  1.656397 -2.846346 
99 57  1.728241 -2.809267 
99 58  1.799781 -2.770998 
99 59  1.871034 -2.731519 
99 60  1.942017 -2.690808 
99 61  2.012749 -2.648843 
99 62  2.083246 -2.605598 
99 63  2.153526 -2.561046 
99 64  2.223607 -2.515156 
99 65  2.293506 -2.467898 
99 66  2.363241 -2.419236 
99 67  2.432830 -2.369134 
99 68  2.502290 -2.317553 
99 69  2.571641 -2.264448 
99 70  2.640901 -2.209776 
99 71  2.710089 -2.153485 
99 72  2.779225 -2.095524 
99 73  2.848329 -2.035835 
99 74  2.917422 -1.974356 
99 75  2.986526 -1.911023 
99 76  3.055662 -1.845762 
99 77  3.124856 -1.778499 
99 78  3.194131 -1.709149 
99 79  3.263514 -1.637623 
99 80  3.333031 -1.563825 
99 81  3.402712 -1.487650 
99 82  3.472586 -1.408983 
99 83  3.542688 -1.327701 
99 84  3.613052 -1.243669 
99 85  3.683714 -1.156740 
99 86  3.754717 -1.066755 
99 87  3.826103 -0.973537 
99 88  3.897920 -0.876894 
99 89  3.970219 -0.776614 
99 90  4.043058 -0.672464 
99 91  4.116497 -0.564184 
99 92  4.190605 -0.451489 
99 93  4.265458 -0.334061 
99 94  4.341140 -0.211543 
99 95  4.417744 -0.083539 
99 96  4.495376 0.050400 
99 97  4.574153 0.190777 
99 98  4.654211 0.338165 
99 99  4.735701 0.493214 
99 100  4.818798 0.656670 
100 0  -3.930212 -2.898625 
100 1  -3.758271 -2.958007 
100 2  -3.593147 -3.012564 
100 3  -3.434221 -3.062694 
100 4  -3.280952 -3.108748 
100 5  -3.132863 -3.151032 
100 6  -2.989532 -3.189820 
100 7  -2.850587 -3.225353 
100 8  -2.715693 -3.257845 
100 9  -2.584553 -3.287487 
100 10  -2.456897 -3.314453 
100 11  -2.332485 -3.338897 
100 12  -2.211098 -3.360957 
100 13  -2.092539 -3.380760 
100 14  -1.976626 -3.398421 
100 15  -1.863197 -3.414041 
100 16  -1.752101 -3.427716 
100 17  -1.643201 -3.439530 
100 18  -1.536369 -3.449563 
100 19  -1.431490 -3.457884 
100 20  -1.328456 -3.464560 
100 21  -1.227168 -3.469649 
100 22  -1.127533 -3.473207 
100 23  -1.029467 -3.475283 
100 24  -0.932889 -3.475923 
100 25  -0.837725 -3.475169 
100 26  -0.743907 -3.473059 
100 27  -0.651369 -3.469628 
100 28  -0.560050 -3.464909 
100 29  -0.469894 -3.458929 
100 30  -0.380847 -3.451717 
100 31  -0.292858 -3.443296 
100 32  -0.205880 -3.433688 
100 33  -0.119869 -3.422913 
100 34  -0.034781 -3.410989 
100 35  0.049424 -3.397931 
100 36  0.132783 -3.383754 
100 37  0.215334 -3.368470 
100 38  0.297111 -3.352088 
100 39  0.378146 -3.334620 
100 40  0.458471 -3.316071 
100 41  0.538116 -3.296448 
100 42  0.617111 -3.275756 
100 43  0.695482 -3.253998 
100 44  0.773255 -3.231175 
100 45  0.850458 -3.207288 
100 46  0.927113 -3.182337 
100 47  1.003245 -3.156318 
100 48  1.078876 -3.129228 
100 49  1.154030 -3.101063 
100 50  1.228727 -3.071816 
100 51  1.302988 -3.041480 
100 52  1.376833 -3.010046 
100 53  1.450283 -2.977502 
100 54  1.523357 -2.943839 
100 55  1.596074 -2.909042 
100 56  1.668453 -2.873096 
100 57  1.740512 -2.835986 
100 58  1.812269 -2.797693 
100 59  1.883742 -2.758198 
100 60  1.954949 -2.717480 
100 61  2.025908 -2.675515 
100 62  2.096636 -2.632278 
100 63  2.167151 -2.587743 
100 64  2.237470 -2.541879 
100 65  2.307611 -2.494656 
100 66  2.377592 -2.446040 
100 67  2.447432 -2.395993 
100 68  2.517147 -2.344478 
100 69  2.586757 -2.291450 
100 70  2.656280 -2.236867 
100 71  2.725736 -2.180677 
100 72  2.795146 -2.122830 
100 73  2.864528 -2.063270 
100 74  2.933904 -2.001935 
100 75  3.003297 -1.938760 
100 76  3.072729 -1.873676 
100 77  3.142223 -1.806607 
100 78  3.211805 -1.737472 
100 79  3.281501 -1.666182 
100 80  3.351337 -1.592643 
100 81  3.421344 -1.516751 
100 82  3.491552 -1.438394 
100 83  3.561994 -1.357452 
100 84  3.632705 -1.273793 
100 85  3.703723 -1.187273 
100 86  3.775088 -1.097735 
100 87  3.846845 -1.005007 
100 88  3.919041 -0.908901 
100 89  3.991728 -0.809211 
100 90  4.064962 -0.705710 
100 91  4.138805 -0.598144 
100 92  4.213326 -0.486237 
100 93  4.288600 -0.369678 
100 94  4.364710 -0.248123 
100 95  4.441750 -0.121187 
100 96  4.519825 0.011563 
100 97  4.599052 0.150615 
100 98  4.679564 0.296520 
100 99  4.761512 0.449905 
100 100  4.845067 0.611486 
