1.000 0.010
0 0  -1.055252 -0.455753 
0 1  -1.013594 -0.485781 
0 2  -0.973394 -0.513424 
0 3  -0.934511 -0.538919 
0 4  -0.896820 -0.562466 
0 5  -0.860218 -0.584237 
0 6  -0.824613 -0.604382 
0 7  -0.789925 -0.623031 
0 8  -0.756084 -0.640298 
0 9  -0.723027 -0.656283 
0 10  -0.690700 -0.671076 
0 11  -0.659052 -0.684754 
0 12  -0.628041 -0.697387 
0 13  -0.597626 -0.709040 
0 14  -0.567771 -0.719767 
0 15  -0.538444 -0.729621 
0 16  -0.509616 -0.738646 
0 17  -0.481259 -0.746884 
0 18  -0.453349 -0.754374 
0 19  -0.425864 -0.761148 
0 20  -0.398782 -0.767239 
0 21  -0.372085 -0.772675 
0 22  -0.345755 -0.777482 
0 23  -0.319776 -0.781683 
0 24  -0.294133 -0.785301 
0 25  -0.268812 -0.788356 
0 26  -0.243799 -0.790865 
0 27  -0.219083 -0.792846 
0 28  -0.194653 -0.794314 
0 29  -0.170497 -0.795284 
0 30  -0.146606 -0.795768 
0 31  -0.122972 -0.795779 
0 32  -0.099584 -0.795327 
0 33  -0.076436 -0.794422 
0 34  -0.053519 -0.793074 
0 35  -0.030827 -0.791290 
0 36  -0.008352 -0.789079 
0 37  0.013912 -0.786447 
0 38  0.035969 -0.783400 
0 39  0.057827 -0.779944 
0 40  0.079491 -0.776084 
0 41  0.100964 -0.771824 
0 42  0.122253 -0.767167 
0 43  0.143361 -0.762118 
0 44  0.164292 -0.756678 
0 45  0.185050 -0.750850 
0 46  0.205640 -0.744635 
0 47  0.226063 -0.738035 
0 48  0.246325 -0.731051 
0 49  0.266426 -0.723681 
0 50  0.286371 -0.715927 
0 51  0.306161 -0.707787 
0 52  0.325800 -0.699260 
0 53  0.345289 -0.690345 
0 54  0.364630 -0.681039 
0 55  0.383826 -0.671340 
0 56  0.402877 -0.661244 
0 57  0.421786 -0.650748 
0 58  0.440553 -0.639847 
0 59  0.459180 -0.628537 
0 60  0.477668 -0.616813 
0 61  0.496017 -0.604668 
0 62  0.514229 -0.592096 
0 63  0.532303 -0.579090 
0 64  0.550240 -0.565642 
0 65  0.568040 -0.551743 
0 66  0.585702 -0.537385 
0 67  0.603227 -0.522557 
0 68  0.620614 -0.507247 
0 69  0.637862 -0.491446 
0 70  0.654969 -0.475138 
0 71  0.671935 -0.458311 
0 72  0.688758 -0.440950 
0 73  0.705437 -0.423038 
0 74  0.721968 -0.404558 
0 75  0.738350 -0.385491 
0 76  0.754580 -0.365816 
0 77  0.770654 -0.345511 
0 78  0.786569 -0.324552 
0 79  0.802320 -0.302913 
0 80  0.817904 -0.280565 
0 81  0.833314 -0.257477 
0 82  0.848545 -0.233616 
0 83  0.863591 -0.208945 
0 84  0.878443 -0.183422 
0 85  0.893095 -0.157005 
0 86  0.907536 -0.129645 
0 87  0.921756 -0.101287 
0 88  0.935745 -0.071873 
0 89  0.949489 -0.041337 
0 90  0.962973 -0.009607 
0 91  0.976181 0.023400 
0 92  0.989094 0.057773 
0 93  1.001691 0.093616 
0 94  1.013949 0.131043 
0 95  1.025839 0.170186 
0 96  1.037329 0.211194 
0 97  1.048383 0.254238 
0 98  1.058958 0.299516 
0 99  1.069003 0.347258 
0 100  1.078461 0.397732 
1 0  -1.039125 -0.514865 
1 1  -0.998426 -0.542667 
1 2  -0.959049 -0.568334 
1 3  -0.920872 -0.592063 
1 4  -0.883791 -0.614024 
1 5  -0.847715 -0.634365 
1 6  -0.812563 -0.653215 
1 7  -0.778265 -0.670686 
1 8  -0.744759 -0.686878 
1 9  -0.711989 -0.701878 
1 10  -0.679907 -0.715766 
1 11  -0.648467 -0.728610 
1 12  -0.617630 -0.740474 
1 13  -0.587360 -0.751414 
1 14  -0.557624 -0.761480 
1 15  -0.528392 -0.770718 
1 16  -0.499637 -0.779170 
1 17  -0.471335 -0.786873 
1 18  -0.443462 -0.793861 
1 19  -0.415998 -0.800166 
1 20  -0.388923 -0.805817 
1 21  -0.362220 -0.810839 
1 22  -0.335872 -0.815256 
1 23  -0.309864 -0.819091 
1 24  -0.284181 -0.822363 
1 25  -0.258812 -0.825091 
1 26  -0.233742 -0.827292 
1 27  -0.208961 -0.828981 
1 28  -0.184458 -0.830174 
1 29  -0.160223 -0.830882 
1 30  -0.136247 -0.831119 
1 31  -0.112520 -0.830895 
1 32  -0.089036 -0.830221 
1 33  -0.065785 -0.829105 
1 34  -0.042760 -0.827557 
1 35  -0.019956 -0.825584 
1 36  0.002635 -0.823194 
1 37  0.025019 -0.820392 
1 38  0.047202 -0.817185 
1 39  0.069189 -0.813577 
1 40  0.090984 -0.809574 
1 41  0.112593 -0.805179 
1 42  0.134021 -0.800395 
1 43  0.155271 -0.795226 
1 44  0.176348 -0.789675 
1 45  0.197255 -0.783742 
1 46  0.217995 -0.777430 
1 47  0.238573 -0.770740 
1 48  0.258992 -0.763672 
1 49  0.279253 -0.756226 
1 50  0.299361 -0.748403 
1 51  0.319317 -0.740201 
1 52  0.339124 -0.731619 
1 53  0.358785 -0.722655 
1 54  0.378300 -0.713308 
1 55  0.397672 -0.703575 
1 56  0.416903 -0.693452 
1 57  0.435994 -0.682937 
1 58  0.454947 -0.672025 
1 59  0.473763 -0.660711 
1 60  0.492442 -0.648991 
1 61  0.510986 -0.636859 
1 62  0.529395 -0.624308 
1 63  0.547670 -0.611332 
1 64  0.565812 -0.597924 
1 65  0.583819 -0.584074 
1 66  0.601694 -0.569776 
1 67  0.619434 -0.555018 
1 68  0.637040 -0.539790 
1 69  0.654511 -0.524082 
1 70  0.671847 -0.507881 
1 71  0.689046 -0.491175 
1 72  0.706106 -0.473948 
1 73  0.723028 -0.456186 
1 74  0.739807 -0.437872 
1 75  0.756443 -0.418989 
1 76  0.772933 -0.399517 
1 77  0.789274 -0.379435 
1 78  0.805463 -0.358722 
1 79  0.821497 -0.337352 
1 80  0.837370 -0.315300 
1 81  0.853079 -0.292536 
1 82  0.868618 -0.269029 
1 83  0.883982 -0.244746 
1 84  0.899165 -0.219649 
1 85  0.914158 -0.193698 
1 86  0.928955 -0.166849 
1 87  0.943546 -0.139052 
1 88  0.957921 -0.110254 
1 89  0.972069 -0.080396 
1 90  0.985978 -0.049412 
1 91  0.999632 -0.017230 
1 92  1.013017 0.016233 
1 93  1.026113 0.051065 
1 94  1.038900 0.087370 
1 95  1.051356 0.125263 
1 96  1.063452 0.164873 
1 97  1.075158 0.206349 
1 98  1.086438 0.249861 
1 99  1.097252 0.295604 
1 100  1.107549 0.343805 
2 0  -1.024919 -0.570725 
2 1  -0.984996 -0.596633 
2 2  -0.946285 -0.620605 
2 3  -0.908681 -0.642811 
2 4  -0.872092 -0.663397 
2 5  -0.836438 -0.682492 
2 6  -0.801648 -0.700207 
2 7  -0.767660 -0.716642 
2 8  -0.734418 -0.731885 
2 9  -0.701872 -0.746013 
2 10  -0.669977 -0.759096 
2 11  -0.638692 -0.771197 
2 12  -0.607983 -0.782371 
2 13  -0.577815 -0.792671 
2 14  -0.548158 -0.802141 
2 15  -0.518985 -0.810824 
2 16  -0.490271 -0.818756 
2 17  -0.461992 -0.825972 
2 18  -0.434128 -0.832505 
2 19  -0.406659 -0.838382 
2 20  -0.379567 -0.843629 
2 21  -0.352835 -0.848272 
2 22  -0.326448 -0.852331 
2 23  -0.300390 -0.855828 
2 24  -0.274650 -0.858781 
2 25  -0.249214 -0.861207 
2 26  -0.224071 -0.863122 
2 27  -0.199209 -0.864540 
2 28  -0.174619 -0.865475 
2 29  -0.150291 -0.865940 
2 30  -0.126216 -0.865945 
2 31  -0.102385 -0.865501 
2 32  -0.078791 -0.864618 
2 33  -0.055427 -0.863304 
2 34  -0.032284 -0.861567 
2 35  -0.009357 -0.859415 
2 36  0.013360 -0.856855 
2 37  0.035874 -0.853892 
2 38  0.058190 -0.850531 
2 39  0.080314 -0.846778 
2 40  0.102249 -0.842636 
2 41  0.124002 -0.838111 
2 42  0.145576 -0.833204 
2 43  0.166975 -0.827919 
2 44  0.188204 -0.822258 
2 45  0.209266 -0.816222 
2 46  0.230164 -0.809814 
2 47  0.250902 -0.803034 
2 48  0.271484 -0.795882 
2 49  0.291911 -0.788360 
2 50  0.312186 -0.780465 
2 51  0.332313 -0.772199 
2 52  0.352293 -0.763559 
2 53  0.372128 -0.754543 
2 54  0.391822 -0.745151 
2 55  0.411375 -0.735379 
2 56  0.430789 -0.725224 
2 57  0.450065 -0.714683 
2 58  0.469206 -0.703752 
2 59  0.488213 -0.692426 
2 60  0.507086 -0.680702 
2 61  0.525827 -0.668573 
2 62  0.544435 -0.656033 
2 63  0.562913 -0.643076 
2 64  0.581260 -0.629695 
2 65  0.599476 -0.615882 
2 66  0.617563 -0.601629 
2 67  0.635519 -0.586926 
2 68  0.653344 -0.571764 
2 69  0.671038 -0.556132 
2 70  0.688601 -0.540018 
2 71  0.706031 -0.523411 
2 72  0.723328 -0.506297 
2 73  0.740489 -0.488661 
2 74  0.757514 -0.470488 
2 75  0.774401 -0.451761 
2 76  0.791147 -0.432462 
2 77  0.807750 -0.412572 
2 78  0.824208 -0.392069 
2 79  0.840516 -0.370931 
2 80  0.856672 -0.349134 
2 81  0.872672 -0.326649 
2 82  0.888510 -0.303449 
2 83  0.904182 -0.279503 
2 84  0.919683 -0.254774 
2 85  0.935005 -0.229227 
2 86  0.950143 -0.202821 
2 87  0.965087 -0.175510 
2 88  0.979830 -0.147246 
2 89  0.994361 -0.117975 
2 90  1.008670 -0.087637 
2 91  1.022743 -0.056167 
2 92  1.036568 -0.023490 
2 93  1.050128 0.010473 
2 94  1.063406 0.045814 
2 95  1.076381 0.082636 
2 96  1.089030 0.121052 
2 97  1.101328 0.161193 
2 98  1.113244 0.203207 
2 99  1.124744 0.247263 
2 100  1.135786 0.293557 
3 0  -1.012362 -0.623887 
3 1  -0.973068 -0.648161 
3 2  -0.934897 -0.670664 
3 3  -0.897754 -0.691544 
3 4  -0.861561 -0.710926 
3 5  -0.826244 -0.728925 
3 6  -0.791741 -0.745639 
3 7  -0.757995 -0.761155 
3 8  -0.724956 -0.775553 
3 9  -0.692578 -0.788901 
3 10  -0.660821 -0.801264 
3 11  -0.629647 -0.812696 
3 12  -0.599024 -0.823250 
3 13  -0.568921 -0.832971 
3 14  -0.539309 -0.841901 
3 15  -0.510163 -0.850078 
3 16  -0.481460 -0.857538 
3 17  -0.453178 -0.864310 
3 18  -0.425298 -0.870425 
3 19  -0.397800 -0.875909 
3 20  -0.370669 -0.880786 
3 21  -0.343887 -0.885079 
3 22  -0.317441 -0.888808 
3 23  -0.291317 -0.891991 
3 24  -0.265502 -0.894648 
3 25  -0.239983 -0.896793 
3 26  -0.214751 -0.898441 
3 27  -0.189795 -0.899606 
3 28  -0.165104 -0.900301 
3 29  -0.140669 -0.900537 
3 30  -0.116483 -0.900324 
3 31  -0.092537 -0.899673 
3 32  -0.068823 -0.898592 
3 33  -0.045334 -0.897090 
3 34  -0.022063 -0.895175 
3 35  0.000996 -0.892852 
3 36  0.023849 -0.890129 
3 37  0.046502 -0.887011 
3 38  0.068960 -0.883503 
3 39  0.091228 -0.879610 
3 40  0.113312 -0.875335 
3 41  0.135215 -0.870683 
3 42  0.156943 -0.865656 
3 43  0.178498 -0.860257 
3 44  0.199886 -0.854489 
3 45  0.221109 -0.848352 
3 46  0.242170 -0.841848 
3 47  0.263075 -0.834978 
3 48  0.283824 -0.827743 
3 49  0.304422 -0.820142 
3 50  0.324870 -0.812175 
3 51  0.345172 -0.803842 
3 52  0.365329 -0.795141 
3 53  0.385345 -0.786070 
3 54  0.405220 -0.776628 
3 55  0.424957 -0.766812 
3 56  0.444558 -0.756620 
3 57  0.464024 -0.746047 
3 58  0.483356 -0.735091 
3 59  0.502557 -0.723747 
3 60  0.521626 -0.712010 
3 61  0.540566 -0.699875 
3 62  0.559376 -0.687337 
3 63  0.578058 -0.674388 
3 64  0.596612 -0.661024 
3 65  0.615039 -0.647235 
3 66  0.633338 -0.633014 
3 67  0.651511 -0.618352 
3 68  0.669556 -0.603241 
3 69  0.687473 -0.587669 
3 70  0.705263 -0.571625 
3 71  0.722924 -0.555099 
3 72  0.740455 -0.538077 
3 73  0.757855 -0.520546 
3 74  0.775124 -0.502491 
3 75  0.792259 -0.483896 
3 76  0.809258 -0.464744 
3 77  0.826120 -0.445017 
3 78  0.842842 -0.424694 
3 79  0.859421 -0.403755 
3 80  0.875854 -0.382177 
3 81  0.892137 -0.359934 
3 82  0.908267 -0.336999 
3 83  0.924240 -0.313343 
3 84  0.940049 -0.288934 
3 85  0.955689 -0.263738 
3 86  0.971155 -0.237716 
3 87  0.986440 -0.210827 
3 88  1.001535 -0.183026 
3 89  1.016432 -0.154265 
3 90  1.031121 -0.124487 
3 91  1.045592 -0.093633 
3 92  1.059832 -0.061638 
3 93  1.073827 -0.028426 
3 94  1.087563 0.006083 
3 95  1.101021 0.041981 
3 96  1.114183 0.079371 
3 97  1.127025 0.118368 
3 98  1.139521 0.159103 
3 99  1.151643 0.201724 
3 100  1.163356 0.246400 
4 0  -1.001239 -0.674790 
4 1  -0.962455 -0.697642 
4 2  -0.924718 -0.718860 
4 3  -0.887946 -0.738572 
4 4  -0.852067 -0.756892 
4 5  -0.817015 -0.773919 
4 6  -0.782734 -0.789741 
4 7  -0.749172 -0.804437 
4 8  -0.716284 -0.818078 
4 9  -0.684028 -0.830726 
4 10  -0.652366 -0.842438 
4 11  -0.621264 -0.853267 
4 12  -0.590691 -0.863257 
4 13  -0.560619 -0.872452 
4 14  -0.531021 -0.880890 
4 15  -0.501874 -0.888606 
4 16  -0.473156 -0.895631 
4 17  -0.444847 -0.901996 
4 18  -0.416927 -0.907727 
4 19  -0.389380 -0.912848 
4 20  -0.362189 -0.917383 
4 21  -0.335339 -0.921352 
4 22  -0.308817 -0.924774 
4 23  -0.282609 -0.927666 
4 24  -0.256703 -0.930047 
4 25  -0.231088 -0.931929 
4 26  -0.205753 -0.933328 
4 27  -0.180688 -0.934255 
4 28  -0.155883 -0.934723 
4 29  -0.131331 -0.934743 
4 30  -0.107022 -0.934325 
4 31  -0.082949 -0.933478 
4 32  -0.059104 -0.932210 
4 33  -0.035481 -0.930529 
4 34  -0.012072 -0.928442 
4 35  0.011128 -0.925957 
4 36  0.034125 -0.923078 
4 37  0.056926 -0.919811 
4 38  0.079534 -0.916161 
4 39  0.101955 -0.912132 
4 40  0.124194 -0.907728 
4 41  0.146256 -0.902953 
4 42  0.168144 -0.897809 
4 43  0.189862 -0.892298 
4 44  0.211414 -0.886424 
4 45  0.232805 -0.880186 
4 46  0.254036 -0.873587 
4 47  0.275112 -0.866628 
4 48  0.296035 -0.859308 
4 49  0.316808 -0.851628 
4 50  0.337435 -0.843587 
4 51  0.357916 -0.835184 
4 52  0.378256 -0.826419 
4 53  0.398455 -0.817290 
4 54  0.418517 -0.807795 
4 55  0.438442 -0.797931 
4 56  0.458234 -0.787696 
4 57  0.477892 -0.777086 
4 58  0.497419 -0.766099 
4 59  0.516817 -0.754729 
4 60  0.536086 -0.742972 
4 61  0.555227 -0.730824 
4 62  0.574242 -0.718278 
4 63  0.593130 -0.705329 
4 64  0.611894 -0.691970 
4 65  0.630532 -0.678195 
4 66  0.649047 -0.663995 
4 67  0.667437 -0.649362 
4 68  0.685703 -0.634287 
4 69  0.703844 -0.618760 
4 70  0.721861 -0.602772 
4 71  0.739752 -0.586310 
4 72  0.757518 -0.569363 
4 73  0.775157 -0.551917 
4 74  0.792668 -0.533959 
4 75  0.810049 -0.515474 
4 76  0.827300 -0.496445 
4 77  0.844418 -0.476856 
4 78  0.861401 -0.456686 
4 79  0.878247 -0.435917 
4 80  0.894953 -0.414526 
4 81  0.911516 -0.392490 
4 82  0.927932 -0.369783 
4 83  0.944197 -0.346379 
4 84  0.960307 -0.322246 
4 85  0.976258 -0.297353 
4 86  0.992043 -0.271664 
4 87  1.007656 -0.245142 
4 88  1.023091 -0.217744 
4 89  1.038340 -0.189425 
4 90  1.053395 -0.160134 
4 91  1.068245 -0.129817 
4 92  1.082880 -0.098412 
4 93  1.097288 -0.065853 
4 94  1.111456 -0.032065 
4 95  1.125369 0.003035 
4 96  1.139008 0.039538 
4 97  1.152356 0.077549 
4 98  1.165389 0.117183 
4 99  1.178083 0.158573 
4 100  1.190407 0.201868 
5 0  -0.991380 -0.723790 
5 1  -0.953007 -0.745391 
5 2  -0.915617 -0.765475 
5 3  -0.879138 -0.784153 
5 4  -0.843503 -0.801527 
5 5  -0.808655 -0.817687 
5 6  -0.774540 -0.832710 
5 7  -0.741113 -0.846669 
5 8  -0.708330 -0.859626 
5 9  -0.676154 -0.871641 
5 10  -0.644549 -0.882764 
5 11  -0.613484 -0.893043 
5 12  -0.582929 -0.902520 
5 13  -0.552859 -0.911234 
5 14  -0.523249 -0.919221 
5 15  -0.494075 -0.926513 
5 16  -0.465319 -0.933140 
5 17  -0.436960 -0.939128 
5 18  -0.408980 -0.944504 
5 19  -0.381364 -0.949289 
5 20  -0.354095 -0.953506 
5 21  -0.327160 -0.957173 
5 22  -0.300545 -0.960309 
5 23  -0.274237 -0.962929 
5 24  -0.248226 -0.965051 
5 25  -0.222500 -0.966687 
5 26  -0.197049 -0.967850 
5 27  -0.171863 -0.968554 
5 28  -0.146933 -0.968808 
5 29  -0.122251 -0.968624 
5 30  -0.097809 -0.968010 
5 31  -0.073598 -0.966976 
5 32  -0.049612 -0.965530 
5 33  -0.025845 -0.963678 
5 34  -0.002289 -0.961428 
5 35  0.021061 -0.958786 
5 36  0.044211 -0.955757 
5 37  0.067167 -0.952346 
5 38  0.089933 -0.948559 
5 39  0.112515 -0.944398 
5 40  0.134917 -0.939869 
5 41  0.157144 -0.934973 
5 42  0.179199 -0.929714 
5 43  0.201086 -0.924093 
5 44  0.222810 -0.918114 
5 45  0.244374 -0.911777 
5 46  0.265781 -0.905083 
5 47  0.287034 -0.898033 
5 48  0.308136 -0.890628 
5 49  0.329091 -0.882867 
5 50  0.349900 -0.874750 
5 51  0.370567 -0.866276 
5 52  0.391093 -0.857445 
5 53  0.411481 -0.848254 
5 54  0.431733 -0.838702 
5 55  0.451851 -0.828786 
5 56  0.471837 -0.818503 
5 57  0.491692 -0.807851 
5 58  0.511417 -0.796826 
5 59  0.531015 -0.785424 
5 60  0.550487 -0.773641 
5 61  0.569833 -0.761471 
5 62  0.589054 -0.748910 
5 63  0.608152 -0.735952 
5 64  0.627128 -0.722590 
5 65  0.645980 -0.708818 
5 66  0.664711 -0.694628 
5 67  0.683321 -0.680012 
5 68  0.701809 -0.664961 
5 69  0.720175 -0.649467 
5 70  0.738420 -0.633519 
5 71  0.756543 -0.617106 
5 72  0.774544 -0.600218 
5 73  0.792421 -0.582840 
5 74  0.810174 -0.564961 
5 75  0.827801 -0.546566 
5 76  0.845302 -0.527639 
5 77  0.862675 -0.508164 
5 78  0.879918 -0.488124 
5 79  0.897028 -0.467498 
5 80  0.914004 -0.446266 
5 81  0.930842 -0.424407 
5 82  0.947540 -0.401896 
5 83  0.964094 -0.378707 
5 84  0.980500 -0.354812 
5 85  0.996753 -0.330181 
5 86  1.012850 -0.304782 
5 87  1.028784 -0.278577 
5 88  1.044549 -0.251529 
5 89  1.060138 -0.223594 
5 90  1.075545 -0.194726 
5 91  1.090760 -0.164875 
5 92  1.105775 -0.133984 
5 93  1.120577 -0.101992 
5 94  1.135157 -0.068831 
5 95  1.149499 -0.034425 
5 96  1.163590 0.001310 
5 97  1.177413 0.038467 
5 98  1.190947 0.077151 
5 99  1.204171 0.117480 
5 100  1.217061 0.159587 
6 0  -0.982648 -0.771177 
6 1  -0.944601 -0.791672 
6 2  -0.907484 -0.810746 
6 3  -0.871231 -0.828502 
6 4  -0.835782 -0.845029 
6 5  -0.801084 -0.860408 
6 6  -0.767087 -0.874712 
6 7  -0.733750 -0.888003 
6 8  -0.701033 -0.900342 
6 9  -0.668900 -0.911781 
6 10  -0.637319 -0.922366 
6 11  -0.606259 -0.932143 
6 12  -0.575694 -0.941149 
6 13  -0.545599 -0.949422 
6 14  -0.515951 -0.956994 
6 15  -0.486728 -0.963895 
6 16  -0.457911 -0.970152 
6 17  -0.429482 -0.975792 
6 18  -0.401423 -0.980838 
6 19  -0.373720 -0.985311 
6 20  -0.346357 -0.989231 
6 21  -0.319320 -0.992616 
6 22  -0.292597 -0.995483 
6 23  -0.266176 -0.997849 
6 24  -0.240046 -0.999727 
6 25  -0.214196 -1.001131 
6 26  -0.188616 -1.002072 
6 27  -0.163298 -1.002564 
6 28  -0.138231 -1.002616 
6 29  -0.113408 -1.002237 
6 30  -0.088822 -1.001438 
6 31  -0.064464 -1.000225 
6 32  -0.040328 -0.998608 
6 33  -0.016407 -0.996592 
6 34  0.007305 -0.994185 
6 35  0.030814 -0.991391 
6 36  0.054125 -0.988217 
6 37  0.077245 -0.984668 
6 38  0.100177 -0.980746 
6 39  0.122927 -0.976458 
6 40  0.145499 -0.971805 
6 41  0.167897 -0.966791 
6 42  0.190126 -0.961418 
6 43  0.212189 -0.955689 
6 44  0.234091 -0.949606 
6 45  0.255834 -0.943169 
6 46  0.277422 -0.936380 
6 47  0.298859 -0.929240 
6 48  0.320146 -0.921748 
6 49  0.341287 -0.913906 
6 50  0.362284 -0.905711 
6 51  0.383141 -0.897164 
6 52  0.403859 -0.888263 
6 53  0.424440 -0.879007 
6 54  0.444887 -0.869394 
6 55  0.465202 -0.859422 
6 56  0.485386 -0.849088 
6 57  0.505442 -0.838389 
6 58  0.525370 -0.827321 
6 59  0.545172 -0.815881 
6 60  0.564849 -0.804065 
6 61  0.584403 -0.791867 
6 62  0.603835 -0.779283 
6 63  0.623145 -0.766307 
6 64  0.642335 -0.752933 
6 65  0.661404 -0.739155 
6 66  0.680355 -0.724965 
6 67  0.699186 -0.710355 
6 68  0.717898 -0.695318 
6 69  0.736491 -0.679843 
6 70  0.754966 -0.663923 
6 71  0.773321 -0.647545 
6 72  0.791557 -0.630700 
6 73  0.809673 -0.613376 
6 74  0.827669 -0.595558 
6 75  0.845542 -0.577235 
6 76  0.863293 -0.558391 
6 77  0.880920 -0.539010 
6 78  0.898421 -0.519076 
6 79  0.915794 -0.498570 
6 80  0.933038 -0.477473 
6 81  0.950149 -0.455763 
6 82  0.967126 -0.433418 
6 83  0.983964 -0.410414 
6 84  1.000662 -0.386723 
6 85  1.017213 -0.362318 
6 86  1.033615 -0.337167 
6 87  1.049863 -0.311237 
6 88  1.065951 -0.284491 
6 89  1.081872 -0.256890 
6 90  1.097621 -0.228390 
6 91  1.113190 -0.198945 
6 92  1.128570 -0.168501 
6 93  1.143753 -0.137002 
6 94  1.158727 -0.104386 
6 95  1.173480 -0.070583 
6 96  1.188000 -0.035516 
6 97  1.202272 0.000899 
6 98  1.216279 0.038759 
6 99  1.230002 0.078169 
6 100  1.243419 0.119250 
7 0  -0.974930 -0.817196 
7 1  -0.937137 -0.836704 
7 2  -0.900229 -0.854875 
7 3  -0.864145 -0.871802 
7 4  -0.828830 -0.887566 
7 5  -0.794234 -0.902240 
7 6  -0.760314 -0.915890 
7 7  -0.727028 -0.928575 
7 8  -0.694341 -0.940350 
7 9  -0.662218 -0.951262 
7 10  -0.630630 -0.961355 
7 11  -0.599548 -0.970670 
7 12  -0.568947 -0.979244 
7 13  -0.538803 -0.987109 
7 14  -0.509094 -0.994297 
7 15  -0.479801 -1.000835 
7 16  -0.450903 -1.006750 
7 17  -0.422385 -1.012066 
7 18  -0.394230 -1.016804 
7 19  -0.366422 -1.020984 
7 20  -0.338949 -1.024626 
7 21  -0.311796 -1.027747 
7 22  -0.284951 -1.030362 
7 23  -0.258403 -1.032487 
7 24  -0.232140 -1.034135 
7 25  -0.206154 -1.035319 
7 26  -0.180434 -1.036051 
7 27  -0.154971 -1.036341 
7 28  -0.129756 -1.036199 
7 29  -0.104783 -1.035636 
7 30  -0.080042 -1.034658 
7 31  -0.055527 -1.033275 
7 32  -0.031231 -1.031493 
7 33  -0.007148 -1.029320 
7 34  0.016729 -1.026760 
7 35  0.040405 -1.023821 
7 36  0.063885 -1.020506 
7 37  0.087176 -1.016821 
7 38  0.110281 -1.012769 
7 39  0.133206 -1.008355 
7 40  0.155956 -1.003581 
7 41  0.178533 -0.998451 
7 42  0.200943 -0.992967 
7 43  0.223189 -0.987130 
7 44  0.245274 -0.980943 
7 45  0.267203 -0.974407 
7 46  0.288978 -0.967523 
7 47  0.310603 -0.960292 
7 48  0.332081 -0.952713 
7 49  0.353414 -0.944786 
7 50  0.374605 -0.936512 
7 51  0.395656 -0.927889 
7 52  0.416571 -0.918917 
7 53  0.437350 -0.909593 
7 54  0.457997 -0.899916 
7 55  0.478513 -0.889883 
7 56  0.498900 -0.879493 
7 57  0.519160 -0.868742 
7 58  0.539294 -0.857626 
7 59  0.559305 -0.846143 
7 60  0.579192 -0.834287 
7 61  0.598958 -0.822055 
7 62  0.618603 -0.809441 
7 63  0.638128 -0.796440 
7 64  0.657536 -0.783046 
7 65  0.676825 -0.769253 
7 66  0.695997 -0.755053 
7 67  0.715052 -0.740440 
7 68  0.733990 -0.725405 
7 69  0.752813 -0.709939 
7 70  0.771519 -0.694034 
7 71  0.790109 -0.677679 
7 72  0.808582 -0.660864 
7 73  0.826938 -0.643577 
7 74  0.845177 -0.625807 
7 75  0.863297 -0.607539 
7 76  0.881299 -0.588760 
7 77  0.899179 -0.569455 
7 78  0.916938 -0.549607 
7 79  0.934574 -0.529199 
7 80  0.952084 -0.508213 
7 81  0.969467 -0.486628 
7 82  0.986721 -0.464423 
7 83  1.003842 -0.441575 
7 84  1.020827 -0.418058 
7 85  1.037673 -0.393846 
7 86  1.054376 -0.368908 
7 87  1.070932 -0.343215 
7 88  1.087337 -0.316730 
7 89  1.103583 -0.289418 
7 90  1.119667 -0.261237 
7 91  1.135580 -0.232143 
7 92  1.151316 -0.202087 
7 93  1.166866 -0.171018 
7 94  1.182220 -0.138876 
7 95  1.197369 -0.105598 
7 96  1.212301 -0.071113 
7 97  1.227003 -0.035343 
7 98  1.241459 0.001800 
7 99  1.255654 0.040413 
7 100  1.269567 0.080603 
8 0  -0.968134 -0.862051 
8 1  -0.930533 -0.880673 
8 2  -0.893778 -0.898031 
8 3  -0.857812 -0.914209 
8 4  -0.822585 -0.929281 
8 5  -0.788051 -0.943314 
8 6  -0.754168 -0.956370 
8 7  -0.720899 -0.968501 
8 8  -0.688209 -0.979759 
8 9  -0.656067 -0.990188 
8 10  -0.624445 -0.999828 
8 11  -0.593315 -1.008718 
8 12  -0.562654 -1.016890 
8 13  -0.532438 -1.024378 
8 14  -0.502648 -1.031209 
8 15  -0.473264 -1.037411 
8 16  -0.444268 -1.043006 
8 17  -0.415644 -1.048018 
8 18  -0.387375 -1.052468 
8 19  -0.359448 -1.056375 
8 20  -0.331849 -1.059755 
8 21  -0.304565 -1.062627 
8 22  -0.277584 -1.065004 
8 23  -0.250896 -1.066902 
8 24  -0.224490 -1.068332 
8 25  -0.198355 -1.069307 
8 26  -0.172483 -1.069839 
8 27  -0.146865 -1.069936 
8 28  -0.121492 -1.069610 
8 29  -0.096357 -1.068869 
8 30  -0.071453 -1.067721 
8 31  -0.046771 -1.066173 
8 32  -0.022307 -1.064233 
8 33  0.001948 -1.061907 
8 34  0.025998 -1.059200 
8 35  0.049849 -1.056119 
8 36  0.073507 -1.052667 
8 37  0.096976 -1.048850 
8 38  0.120263 -1.044671 
8 39  0.143370 -1.040133 
8 40  0.166304 -1.035241 
8 41  0.189067 -1.029996 
8 42  0.211664 -1.024400 
8 43  0.234099 -1.018457 
8 44  0.256375 -1.012167 
8 45  0.278495 -1.005531 
8 46  0.300464 -0.998552 
8 47  0.322284 -0.991228 
8 48  0.343957 -0.983560 
8 49  0.365487 -0.975549 
8 50  0.386877 -0.967193 
8 51  0.408129 -0.958492 
8 52  0.429245 -0.949445 
8 53  0.450228 -0.940050 
8 54  0.471079 -0.930306 
8 55  0.491801 -0.920209 
8 56  0.512395 -0.909759 
8 57  0.532864 -0.898951 
8 58  0.553209 -0.887782 
8 59  0.573431 -0.876250 
8 60  0.593532 -0.864349 
8 61  0.613513 -0.852076 
8 62  0.633376 -0.839426 
8 63  0.653120 -0.826392 
8 64  0.672748 -0.812971 
8 65  0.692260 -0.799154 
8 66  0.711657 -0.784937 
8 67  0.730939 -0.770310 
8 68  0.750107 -0.755268 
8 69  0.769161 -0.739800 
8 70  0.788101 -0.723899 
8 71  0.806927 -0.707555 
8 72  0.825639 -0.690758 
8 73  0.844238 -0.673495 
8 74  0.862721 -0.655757 
8 75  0.881090 -0.637529 
8 76  0.899342 -0.618799 
8 77  0.917478 -0.599552 
8 78  0.935495 -0.579772 
8 79  0.953393 -0.559444 
8 80  0.971170 -0.538548 
8 81  0.988824 -0.517066 
8 82  1.006353 -0.494977 
8 83  1.023755 -0.472259 
8 84  1.041026 -0.448888 
8 85  1.058164 -0.424839 
8 86  1.075166 -0.400084 
8 87  1.092027 -0.374592 
8 88  1.108743 -0.348332 
8 89  1.125309 -0.321268 
8 90  1.141721 -0.293362 
8 91  1.157971 -0.264572 
8 92  1.174054 -0.234854 
8 93  1.189962 -0.204157 
8 94  1.205687 -0.172428 
8 95  1.221219 -0.139606 
8 96  1.236548 -0.105628 
8 97  1.251663 -0.070419 
8 98  1.266550 -0.033900 
8 99  1.281195 0.004018 
8 100  1.295580 0.043435 
9 0  -0.962183 -0.905917 
9 1  -0.924719 -0.923739 
9 2  -0.888067 -0.940361 
9 3  -0.852175 -0.955859 
9 4  -0.816995 -0.970302 
9 5  -0.782485 -0.983750 
9 6  -0.748606 -0.996261 
9 7  -0.715322 -1.007885 
9 8  -0.682601 -1.018667 
9 9  -0.650413 -1.028650 
9 10  -0.618731 -1.037871 
9 11  -0.587529 -1.046367 
9 12  -0.556786 -1.054168 
9 13  -0.526478 -1.061305 
9 14  -0.496588 -1.067803 
9 15  -0.467095 -1.073690 
9 16  -0.437982 -1.078986 
9 17  -0.409235 -1.083714 
9 18  -0.380838 -1.087893 
9 19  -0.352776 -1.091541 
9 20  -0.325037 -1.094676 
9 21  -0.297609 -1.097312 
9 22  -0.270480 -1.099463 
9 23  -0.243639 -1.101145 
9 24  -0.217077 -1.102368 
9 25  -0.190782 -1.103144 
9 26  -0.164747 -1.103484 
9 27  -0.138964 -1.103398 
9 28  -0.113422 -1.102895 
9 29  -0.088117 -1.101983 
9 30  -0.063038 -1.100670 
9 31  -0.038181 -1.098964 
9 32  -0.013539 -1.096871 
9 33  0.010895 -1.094396 
9 34  0.035127 -1.091547 
9 35  0.059161 -1.088327 
9 36  0.083004 -1.084742 
9 37  0.106661 -1.080795 
9 38  0.130135 -1.076490 
9 39  0.153433 -1.071832 
9 40  0.176558 -1.066821 
9 41  0.199513 -1.061463 
9 42  0.222305 -1.055757 
9 43  0.244935 -1.049707 
9 44  0.267407 -1.043314 
9 45  0.289726 -1.036579 
9 46  0.311894 -1.029503 
9 47  0.333914 -1.022086 
9 48  0.355789 -1.014329 
9 49  0.377522 -1.006231 
9 50  0.399117 -0.997791 
9 51  0.420574 -0.989010 
9 52  0.441897 -0.979886 
9 53  0.463087 -0.970417 
9 54  0.484148 -0.960601 
9 55  0.505081 -0.950437 
9 56  0.525887 -0.939922 
9 57  0.546570 -0.929053 
9 58  0.567129 -0.917827 
9 59  0.587568 -0.906241 
9 60  0.607887 -0.894290 
9 61  0.628088 -0.881970 
9 62  0.648171 -0.869276 
9 63  0.668139 -0.856204 
9 64  0.687991 -0.842747 
9 65  0.707729 -0.828900 
9 66  0.727354 -0.814656 
9 67  0.746867 -0.800008 
9 68  0.766267 -0.784948 
9 69  0.785555 -0.769469 
9 70  0.804732 -0.753562 
9 71  0.823797 -0.737218 
9 72  0.842751 -0.720426 
9 73  0.861593 -0.703175 
9 74  0.880323 -0.685456 
9 75  0.898942 -0.667254 
9 76  0.917447 -0.648558 
9 77  0.935839 -0.629354 
9 78  0.954115 -0.609625 
9 79  0.972277 -0.589357 
9 80  0.990321 -0.568533 
9 81  1.008246 -0.547133 
9 82  1.026050 -0.525138 
9 83  1.043732 -0.502527 
9 84  1.061288 -0.479278 
9 85  1.078717 -0.455365 
9 86  1.096014 -0.430763 
9 87  1.113177 -0.405442 
9 88  1.130202 -0.379373 
9 89  1.147084 -0.352521 
9 90  1.163820 -0.324851 
9 91  1.180402 -0.296324 
9 92  1.196826 -0.266896 
9 93  1.213085 -0.236522 
9 94  1.229171 -0.205151 
9 95  1.245076 -0.172726 
9 96  1.260791 -0.139187 
9 97  1.276305 -0.104467 
9 98  1.291608 -0.068491 
9 99  1.306685 -0.031177 
9 100  1.321523 0.007566 
10 0  -0.957012 -0.948945 
10 1  -0.919637 -0.966043 
10 2  -0.883045 -0.981995 
10 3  -0.847186 -0.996873 
10 4  -0.812017 -1.010739 
10 5  -0.777498 -1.023651 
10 6  -0.743591 -1.035662 
10 7  -0.710263 -1.046817 
10 8  -0.677483 -1.057160 
10 9  -0.645224 -1.066730 
10 10  -0.613459 -1.075564 
10 11  -0.582165 -1.083693 
10 12  -0.551318 -1.091148 
10 13  -0.520900 -1.097956 
10 14  -0.490890 -1.104144 
10 15  -0.461270 -1.109735 
10 16  -0.432026 -1.114751 
10 17  -0.403140 -1.119211 
10 18  -0.374599 -1.123135 
10 19  -0.346388 -1.126539 
10 20  -0.318496 -1.129440 
10 21  -0.290911 -1.131852 
10 22  -0.263621 -1.133790 
10 23  -0.236616 -1.135265 
10 24  -0.209885 -1.136290 
10 25  -0.183420 -1.136876 
10 26  -0.157212 -1.137033 
10 27  -0.131252 -1.136770 
10 28  -0.105532 -1.136097 
10 29  -0.080046 -1.135020 
10 30  -0.054785 -1.133549 
10 31  -0.029743 -1.131689 
10 32  -0.004915 -1.129447 
10 33  0.019708 -1.126828 
10 34  0.044129 -1.123839 
10 35  0.068355 -1.120484 
10 36  0.092391 -1.116768 
10 37  0.116242 -1.112694 
10 38  0.139913 -1.108266 
10 39  0.163407 -1.103487 
10 40  0.186730 -1.098361 
10 41  0.209886 -1.092889 
10 42  0.232877 -1.087075 
10 43  0.255709 -1.080918 
10 44  0.278385 -1.074422 
10 45  0.300908 -1.067587 
10 46  0.323281 -1.060413 
10 47  0.345508 -1.052902 
10 48  0.367591 -1.045053 
10 49  0.389533 -1.036867 
10 50  0.411337 -1.028342 
10 51  0.433005 -1.019478 
10 52  0.454540 -1.010274 
10 53  0.475944 -1.000728 
10 54  0.497219 -0.990838 
10 55  0.518368 -0.980603 
10 56  0.539391 -0.970019 
10 57  0.560292 -0.959085 
10 58  0.581071 -0.947797 
10 59  0.601731 -0.936151 
10 60  0.622272 -0.924144 
10 61  0.642696 -0.911772 
10 62  0.663005 -0.899029 
10 63  0.683200 -0.885911 
10 64  0.703280 -0.872412 
10 65  0.723249 -0.858527 
10 66  0.743106 -0.844249 
10 67  0.762852 -0.829571 
10 68  0.782487 -0.814486 
10 69  0.802013 -0.798986 
10 70  0.821430 -0.783063 
10 71  0.840737 -0.766707 
10 72  0.859935 -0.749910 
10 73  0.879024 -0.732660 
10 74  0.898004 -0.714947 
10 75  0.916874 -0.696759 
10 76  0.935634 -0.678083 
10 77  0.954284 -0.658905 
10 78  0.972822 -0.639213 
10 79  0.991247 -0.618989 
10 80  1.009559 -0.598218 
10 81  1.027756 -0.576881 
10 82  1.045837 -0.554961 
10 83  1.063798 -0.532436 
10 84  1.081640 -0.509285 
10 85  1.099358 -0.485484 
10 86  1.116951 -0.461008 
10 87  1.134414 -0.435831 
10 88  1.151746 -0.409922 
10 89  1.168942 -0.383250 
10 90  1.185997 -0.355781 
10 91  1.202907 -0.327478 
10 92  1.219667 -0.298300 
10 93  1.236271 -0.268203 
10 94  1.252712 -0.237141 
10 95  1.268982 -0.205060 
10 96  1.285074 -0.171903 
10 97  1.300978 -0.137607 
10 98  1.316684 -0.102103 
10 99  1.332180 -0.065316 
10 100  1.347454 -0.027159 
11 0  -0.952568 -0.991269 
11 1  -0.915239 -1.007705 
11 2  -0.878666 -1.023045 
11 3  -0.842805 -1.037355 
11 4  -0.807613 -1.050692 
11 5  -0.773053 -1.063111 
11 6  -0.739090 -1.074659 
11 7  -0.705692 -1.085381 
11 8  -0.672829 -1.095317 
11 9  -0.640476 -1.104504 
11 10  -0.608606 -1.112976 
11 11  -0.577198 -1.120763 
11 12  -0.546229 -1.127894 
11 13  -0.515681 -1.134396 
11 14  -0.485535 -1.140292 
11 15  -0.455773 -1.145605 
11 16  -0.426380 -1.150356 
11 17  -0.397341 -1.154563 
11 18  -0.368641 -1.158245 
11 19  -0.340269 -1.161418 
11 20  -0.312211 -1.164097 
11 21  -0.284456 -1.166297 
11 22  -0.256992 -1.168030 
11 23  -0.229811 -1.169309 
11 24  -0.202902 -1.170144 
11 25  -0.176255 -1.170548 
11 26  -0.149863 -1.170528 
11 27  -0.123717 -1.170095 
11 28  -0.097809 -1.169257 
11 29  -0.072133 -1.168022 
11 30  -0.046680 -1.166396 
11 31  -0.021445 -1.164386 
11 32  0.003580 -1.161999 
11 33  0.028399 -1.159241 
11 34  0.053018 -1.156115 
11 35  0.077444 -1.152628 
11 36  0.101680 -1.148782 
11 37  0.125733 -1.144583 
11 38  0.149607 -1.140033 
11 39  0.173306 -1.135136 
11 40  0.196834 -1.129895 
11 41  0.220196 -1.124311 
11 42  0.243395 -1.118387 
11 43  0.266436 -1.112124 
11 44  0.289321 -1.105524 
11 45  0.312055 -1.098588 
11 46  0.334639 -1.091316 
11 47  0.357079 -1.083710 
11 48  0.379375 -1.075768 
11 49  0.401532 -1.067491 
11 50  0.423551 -1.058878 
11 51  0.445436 -1.049929 
11 52  0.467189 -1.040642 
11 53  0.488812 -1.031016 
11 54  0.510307 -1.021049 
11 55  0.531676 -1.010739 
11 56  0.552922 -1.000084 
11 57  0.574046 -0.989080 
11 58  0.595049 -0.977725 
11 59  0.615934 -0.966015 
11 60  0.636703 -0.953947 
11 61  0.657355 -0.941516 
11 62  0.677894 -0.928718 
11 63  0.698319 -0.915549 
11 64  0.718633 -0.902001 
11 65  0.738836 -0.888071 
11 66  0.758928 -0.873751 
11 67  0.778912 -0.859035 
11 68  0.798787 -0.843917 
11 69  0.818554 -0.828387 
11 70  0.838214 -0.812438 
11 71  0.857766 -0.796062 
11 72  0.877212 -0.779249 
11 73  0.896551 -0.761988 
11 74  0.915782 -0.744270 
11 75  0.934907 -0.726083 
11 76  0.953925 -0.707414 
11 77  0.972835 -0.688250 
11 78  0.991636 -0.668579 
11 79  1.010328 -0.648384 
11 80  1.028909 -0.627649 
11 81  1.047380 -0.606359 
11 82  1.065737 -0.584494 
11 83  1.083980 -0.562035 
11 84  1.102107 -0.538961 
11 85  1.120115 -0.515250 
11 86  1.138002 -0.490877 
11 87  1.155766 -0.465817 
11 88  1.173403 -0.440041 
11 89  1.190911 -0.413519 
11 90  1.208284 -0.386220 
11 91  1.225520 -0.358106 
11 92  1.242612 -0.329140 
11 93  1.259557 -0.299282 
11 94  1.276347 -0.268484 
11 95  1.292977 -0.236698 
11 96  1.309439 -0.203871 
11 97  1.325724 -0.169943 
11 98  1.341824 -0.134849 
11 99  1.357728 -0.098518 
11 100  1.373424 -0.060872 
12 0  -0.948806 -1.033003 
12 1  -0.911483 -1.048834 
12 2  -0.874894 -1.063613 
12 3  -0.838997 -1.077400 
12 4  -0.803752 -1.090249 
12 5  -0.769123 -1.102212 
12 6  -0.735077 -1.113332 
12 7  -0.701584 -1.123652 
12 8  -0.668615 -1.133210 
12 9  -0.636146 -1.142039 
12 10  -0.604151 -1.150173 
12 11  -0.572610 -1.157640 
12 12  -0.541501 -1.164468 
12 13  -0.510805 -1.170681 
12 14  -0.480506 -1.176302 
12 15  -0.450586 -1.181353 
12 16  -0.421030 -1.185853 
12 17  -0.391823 -1.189821 
12 18  -0.362952 -1.193274 
12 19  -0.334404 -1.196227 
12 20  -0.306167 -1.198695 
12 21  -0.278230 -1.200691 
12 22  -0.250581 -1.202228 
12 23  -0.223213 -1.203318 
12 24  -0.196113 -1.203972 
12 25  -0.169275 -1.204200 
12 26  -0.142689 -1.204010 
12 27  -0.116347 -1.203413 
12 28  -0.090241 -1.202415 
12 29  -0.064365 -1.201025 
12 30  -0.038711 -1.199250 
12 31  -0.013273 -1.197095 
12 32  0.011955 -1.194566 
12 33  0.036979 -1.191670 
12 34  0.061805 -1.188410 
12 35  0.086438 -1.184792 
12 36  0.110883 -1.180820 
12 37  0.135145 -1.176497 
12 38  0.159230 -1.171827 
12 39  0.183140 -1.166812 
12 40  0.206881 -1.161456 
12 41  0.230456 -1.155760 
12 42  0.253870 -1.149726 
12 43  0.277126 -1.143357 
12 44  0.300228 -1.136653 
12 45  0.323178 -1.129615 
12 46  0.345981 -1.122244 
12 47  0.368639 -1.114541 
12 48  0.391155 -1.106505 
12 49  0.413532 -1.098136 
12 50  0.435773 -1.089433 
12 51  0.457880 -1.080396 
12 52  0.479857 -1.071024 
12 53  0.501704 -1.061315 
12 54  0.523424 -1.051267 
12 55  0.545019 -1.040879 
12 56  0.566492 -1.030147 
12 57  0.587845 -1.019070 
12 58  0.609078 -1.007643 
12 59  0.630194 -0.995865 
12 60  0.651194 -0.983731 
12 61  0.672079 -0.971237 
12 62  0.692852 -0.958378 
12 63  0.713513 -0.945150 
12 64  0.734064 -0.931548 
12 65  0.754505 -0.917565 
12 66  0.774838 -0.903197 
12 67  0.795064 -0.888436 
12 68  0.815182 -0.873275 
12 69  0.835194 -0.857708 
12 70  0.855101 -0.841725 
12 71  0.874902 -0.825319 
12 72  0.894599 -0.808479 
12 73  0.914191 -0.791198 
12 74  0.933678 -0.773464 
12 75  0.953061 -0.755265 
12 76  0.972339 -0.736591 
12 77  0.991512 -0.717429 
12 78  1.010579 -0.697764 
12 79  1.029539 -0.677583 
12 80  1.048393 -0.656871 
12 81  1.067138 -0.635610 
12 82  1.085775 -0.613783 
12 83  1.104300 -0.591372 
12 84  1.122713 -0.568356 
12 85  1.141013 -0.544714 
12 86  1.159195 -0.520422 
12 87  1.177260 -0.495455 
12 88  1.195202 -0.469787 
12 89  1.213021 -0.443388 
12 90  1.230712 -0.416228 
12 91  1.248271 -0.388273 
12 92  1.265694 -0.359486 
12 93  1.282976 -0.329828 
12 94  1.300113 -0.299256 
12 95  1.317098 -0.267723 
12 96  1.333924 -0.235179 
12 97  1.350584 -0.201567 
12 98  1.367070 -0.166827 
12 99  1.383373 -0.130892 
12 100  1.399482 -0.093688 
13 0  -0.945688 -1.074252 
13 1  -0.908335 -1.089528 
13 2  -0.871697 -1.103789 
13 3  -0.835734 -1.117094 
13 4  -0.800407 -1.129492 
13 5  -0.765683 -1.141031 
13 6  -0.731529 -1.151754 
13 7  -0.697918 -1.161699 
13 8  -0.664821 -1.170903 
13 9  -0.632215 -1.179399 
13 10  -0.600075 -1.187216 
13 11  -0.568382 -1.194383 
13 12  -0.537116 -1.200924 
13 13  -0.506257 -1.206865 
13 14  -0.475789 -1.212227 
13 15  -0.445695 -1.217029 
13 16  -0.415961 -1.221292 
13 17  -0.386573 -1.225033 
13 18  -0.357516 -1.228267 
13 19  -0.328780 -1.231010 
13 20  -0.300352 -1.233276 
13 21  -0.272221 -1.235077 
13 22  -0.244376 -1.236427 
13 23  -0.216809 -1.237335 
13 24  -0.189509 -1.237814 
13 25  -0.162468 -1.237872 
13 26  -0.135678 -1.237518 
13 27  -0.109130 -1.236761 
13 28  -0.082817 -1.235609 
13 29  -0.056732 -1.234068 
13 30  -0.030868 -1.232146 
13 31  -0.005219 -1.229849 
13 32  0.020221 -1.227182 
13 33  0.045459 -1.224150 
13 34  0.070500 -1.220759 
13 35  0.095348 -1.217013 
13 36  0.120010 -1.212915 
13 37  0.144490 -1.208470 
13 38  0.168792 -1.203680 
13 39  0.192921 -1.198548 
13 40  0.216882 -1.193077 
13 41  0.240678 -1.187269 
13 42  0.264313 -1.181126 
13 43  0.287791 -1.174650 
13 44  0.311116 -1.167841 
13 45  0.334290 -1.160700 
13 46  0.357317 -1.153229 
13 47  0.380200 -1.145427 
13 48  0.402942 -1.137294 
13 49  0.425546 -1.128831 
13 50  0.448015 -1.120036 
13 51  0.470350 -1.110909 
13 52  0.492555 -1.101449 
13 53  0.514632 -1.091654 
13 54  0.536584 -1.081522 
13 55  0.558411 -1.071052 
13 56  0.580117 -1.060240 
13 57  0.601703 -1.049085 
13 58  0.623171 -1.037583 
13 59  0.644522 -1.025732 
13 60  0.665759 -1.013526 
13 61  0.686883 -1.000963 
13 62  0.707895 -0.988038 
13 63  0.728797 -0.974747 
13 64  0.749590 -0.961083 
13 65  0.770274 -0.947043 
13 66  0.790852 -0.932618 
13 67  0.811323 -0.917805 
13 68  0.831689 -0.902595 
13 69  0.851951 -0.886981 
13 70  0.872109 -0.870955 
13 71  0.892163 -0.854510 
13 72  0.912115 -0.837636 
13 73  0.931963 -0.820324 
13 74  0.951710 -0.802563 
13 75  0.971354 -0.784343 
13 76  0.990895 -0.765652 
13 77  1.010334 -0.746478 
13 78  1.029670 -0.726808 
13 79  1.048903 -0.706628 
13 80  1.068031 -0.685922 
13 81  1.087054 -0.664676 
13 82  1.105972 -0.642872 
13 83  1.124782 -0.620491 
13 84  1.143484 -0.597514 
13 85  1.162075 -0.573921 
13 86  1.180555 -0.549689 
13 87  1.198920 -0.524794 
13 88  1.217169 -0.499210 
13 89  1.235299 -0.472910 
13 90  1.253307 -0.445863 
13 91  1.271189 -0.418037 
13 92  1.288942 -0.389398 
13 93  1.306561 -0.359908 
13 94  1.324041 -0.329526 
13 95  1.341378 -0.298207 
13 96  1.358565 -0.265903 
13 97  1.375596 -0.232562 
13 98  1.392463 -0.198125 
13 99  1.409158 -0.162531 
13 100  1.425672 -0.125708 
14 0  -0.943181 -1.115109 
14 1  -0.905765 -1.129872 
14 2  -0.869048 -1.143656 
14 3  -0.832989 -1.156513 
14 4  -0.797555 -1.168492 
14 5  -0.762710 -1.179638 
14 6  -0.728426 -1.189990 
14 7  -0.694674 -1.199586 
14 8  -0.661429 -1.208459 
14 9  -0.628666 -1.216641 
14 10  -0.596364 -1.224160 
14 11  -0.564502 -1.231044 
14 12  -0.533060 -1.237316 
14 13  -0.502022 -1.242999 
14 14  -0.471370 -1.248114 
14 15  -0.441088 -1.252682 
14 16  -0.411162 -1.256719 
14 17  -0.381579 -1.260242 
14 18  -0.352324 -1.263267 
14 19  -0.323387 -1.265809 
14 20  -0.294756 -1.267882 
14 21  -0.266419 -1.269496 
14 22  -0.238367 -1.270665 
14 23  -0.210590 -1.271399 
14 24  -0.183079 -1.271708 
14 25  -0.155825 -1.271601 
14 26  -0.128820 -1.271088 
14 27  -0.102056 -1.270176 
14 28  -0.075526 -1.268873 
14 29  -0.049223 -1.267185 
14 30  -0.023140 -1.265120 
14 31  0.002729 -1.262683 
14 32  0.028390 -1.259880 
14 33  0.053850 -1.256716 
14 34  0.079113 -1.253195 
14 35  0.104185 -1.249322 
14 36  0.129071 -1.245100 
14 37  0.153776 -1.240533 
14 38  0.178304 -1.235624 
14 39  0.202660 -1.230375 
14 40  0.226848 -1.224790 
14 41  0.250872 -1.218870 
14 42  0.274735 -1.212617 
14 43  0.298442 -1.206033 
14 44  0.321996 -1.199118 
14 45  0.345401 -1.191874 
14 46  0.368659 -1.184300 
14 47  0.391774 -1.176398 
14 48  0.414748 -1.168168 
14 49  0.437585 -1.159608 
14 50  0.460287 -1.150719 
14 51  0.482858 -1.141499 
14 52  0.505298 -1.131948 
14 53  0.527611 -1.122063 
14 54  0.549799 -1.111844 
14 55  0.571864 -1.101288 
14 56  0.593808 -1.090393 
14 57  0.615633 -1.079156 
14 58  0.637342 -1.067575 
14 59  0.658934 -1.055645 
14 60  0.680414 -1.043364 
14 61  0.701781 -1.030727 
14 62  0.723037 -1.017730 
14 63  0.744185 -1.004369 
14 64  0.765224 -0.990639 
14 65  0.786157 -0.976533 
14 66  0.806984 -0.962047 
14 67  0.827706 -0.947174 
14 68  0.848325 -0.931907 
14 69  0.868840 -0.916239 
14 70  0.889254 -0.900163 
14 71  0.909565 -0.883670 
14 72  0.929776 -0.866752 
14 73  0.949886 -0.849399 
14 74  0.969896 -0.831601 
14 75  0.989805 -0.813349 
14 76  1.009614 -0.794630 
14 77  1.029323 -0.775434 
14 78  1.048931 -0.755746 
14 79  1.068439 -0.735553 
14 80  1.087845 -0.714841 
14 81  1.107149 -0.693595 
14 82  1.126350 -0.671798 
14 83  1.145448 -0.649431 
14 84  1.164441 -0.626477 
14 85  1.183327 -0.602916 
14 86  1.202105 -0.578725 
14 87  1.220774 -0.553881 
14 88  1.239330 -0.528359 
14 89  1.257773 -0.502134 
14 90  1.276098 -0.475175 
14 91  1.294304 -0.447453 
14 92  1.312386 -0.418933 
14 93  1.330340 -0.389580 
14 94  1.348164 -0.359354 
14 95  1.365851 -0.328214 
14 96  1.383396 -0.296112 
14 97  1.400795 -0.263000 
14 98  1.418039 -0.228821 
14 99  1.435121 -0.193518 
14 100  1.452034 -0.157023 
15 0  -0.941260 -1.155658 
15 1  -0.903750 -1.169948 
15 2  -0.866924 -1.183288 
15 3  -0.830744 -1.195730 
15 4  -0.795176 -1.207319 
15 5  -0.760188 -1.218097 
15 6  -0.725751 -1.228103 
15 7  -0.691838 -1.237370 
15 8  -0.658424 -1.245933 
15 9  -0.625486 -1.253820 
15 10  -0.593003 -1.261058 
15 11  -0.560955 -1.267675 
15 12  -0.529323 -1.273691 
15 13  -0.498089 -1.279130 
15 14  -0.467238 -1.284012 
15 15  -0.436754 -1.288355 
15 16  -0.406622 -1.292176 
15 17  -0.376830 -1.295492 
15 18  -0.347365 -1.298318 
15 19  -0.318215 -1.300667 
15 20  -0.289368 -1.302553 
15 21  -0.260814 -1.303987 
15 22  -0.232543 -1.304981 
15 23  -0.204546 -1.305546 
15 24  -0.176813 -1.305690 
15 25  -0.149336 -1.305424 
15 26  -0.122106 -1.304756 
15 27  -0.095117 -1.303693 
15 28  -0.068361 -1.302242 
15 29  -0.041831 -1.300411 
15 30  -0.015519 -1.298206 
15 31  0.010579 -1.295632 
15 32  0.036470 -1.292695 
15 33  0.062160 -1.289399 
15 34  0.087655 -1.285750 
15 35  0.112958 -1.281751 
15 36  0.138077 -1.277406 
15 37  0.163015 -1.272718 
15 38  0.187776 -1.267690 
15 39  0.212366 -1.262325 
15 40  0.236789 -1.256625 
15 41  0.261048 -1.250593 
15 42  0.285147 -1.244229 
15 43  0.309090 -1.237536 
15 44  0.332881 -1.230514 
15 45  0.356522 -1.223165 
15 46  0.380018 -1.215488 
15 47  0.403371 -1.207484 
15 48  0.426585 -1.199153 
15 49  0.449661 -1.190495 
15 50  0.472604 -1.181509 
15 51  0.495414 -1.172194 
15 52  0.518096 -1.162549 
15 53  0.540651 -1.152572 
15 54  0.563082 -1.142263 
15 55  0.585391 -1.131618 
15 56  0.607579 -1.120635 
15 57  0.629649 -1.109312 
15 58  0.651604 -1.097647 
15 59  0.673443 -1.085634 
15 60  0.695170 -1.073273 
15 61  0.716786 -1.060557 
15 62  0.738293 -1.047483 
15 63  0.759691 -1.034047 
15 64  0.780983 -1.020243 
15 65  0.802169 -1.006067 
15 66  0.823250 -0.991512 
15 67  0.844228 -0.976572 
15 68  0.865104 -0.961241 
15 69  0.885879 -0.945512 
15 70  0.906552 -0.929377 
15 71  0.927126 -0.912828 
15 72  0.947601 -0.895857 
15 73  0.967976 -0.878455 
15 74  0.988253 -0.860612 
15 75  1.008432 -0.842317 
15 76  1.028513 -0.823560 
15 77  1.048496 -0.804329 
15 78  1.068380 -0.784612 
15 79  1.088167 -0.764395 
15 80  1.107854 -0.743664 
15 81  1.127443 -0.722404 
15 82  1.146932 -0.700599 
15 83  1.166320 -0.678232 
15 84  1.185607 -0.655285 
15 85  1.204790 -0.631737 
15 86  1.223870 -0.607569 
15 87  1.242844 -0.582757 
15 88  1.261710 -0.557278 
15 89  1.280467 -0.531106 
15 90  1.299112 -0.504212 
15 91  1.317642 -0.476568 
15 92  1.336054 -0.448142 
15 93  1.354345 -0.418897 
15 94  1.372511 -0.388798 
15 95  1.390548 -0.357803 
15 96  1.408451 -0.325868 
15 97  1.426215 -0.292947 
15 98  1.443833 -0.258985 
15 99  1.461300 -0.223928 
15 100  1.478607 -0.187711 
16 0  -0.939900 -1.195977 
16 1  -0.902268 -1.209827 
16 2  -0.865306 -1.222755 
16 3  -0.828980 -1.234810 
16 4  -0.793255 -1.246035 
16 5  -0.758101 -1.256469 
16 6  -0.723490 -1.266149 
16 7  -0.689396 -1.275109 
16 8  -0.655794 -1.283379 
16 9  -0.622664 -1.290987 
16 10  -0.589982 -1.297961 
16 11  -0.557731 -1.304323 
16 12  -0.525892 -1.310098 
16 13  -0.494448 -1.315305 
16 14  -0.463383 -1.319963 
16 15  -0.432683 -1.324092 
16 16  -0.402332 -1.327707 
16 17  -0.372319 -1.330824 
16 18  -0.342630 -1.333458 
16 19  -0.313254 -1.335621 
16 20  -0.284180 -1.337327 
16 21  -0.255398 -1.338588 
16 22  -0.226897 -1.339413 
16 23  -0.198668 -1.339813 
16 24  -0.170703 -1.339798 
16 25  -0.142992 -1.339377 
16 26  -0.115529 -1.338557 
16 27  -0.088304 -1.337346 
16 28  -0.061312 -1.335751 
16 29  -0.034545 -1.333779 
16 30  -0.007996 -1.331436 
16 31  0.018340 -1.328727 
16 32  0.044470 -1.325657 
16 33  0.070399 -1.322232 
16 34  0.096133 -1.318456 
16 35  0.121677 -1.314331 
16 36  0.147036 -1.309864 
16 37  0.172215 -1.305055 
16 38  0.197218 -1.299909 
16 39  0.222049 -1.294427 
16 40  0.246714 -1.288613 
16 41  0.271215 -1.282467 
16 42  0.295558 -1.275992 
16 43  0.319744 -1.269189 
16 44  0.343779 -1.262059 
16 45  0.367665 -1.254603 
16 46  0.391405 -1.246821 
16 47  0.415004 -1.238714 
16 48  0.438463 -1.230281 
16 49  0.461785 -1.221521 
16 50  0.484974 -1.212436 
16 51  0.508032 -1.203023 
16 52  0.530962 -1.193281 
16 53  0.553765 -1.183209 
16 54  0.576445 -1.172805 
16 55  0.599004 -1.162068 
16 56  0.621442 -1.150994 
16 57  0.643764 -1.139581 
16 58  0.665970 -1.127827 
16 59  0.688063 -1.115728 
16 60  0.710043 -1.103281 
16 61  0.731914 -1.090481 
16 62  0.753676 -1.077325 
16 63  0.775331 -1.063808 
16 64  0.796880 -1.049926 
16 65  0.818325 -1.035672 
16 66  0.839666 -1.021042 
16 67  0.860906 -1.006030 
16 68  0.882044 -0.990628 
16 69  0.903083 -0.974830 
16 70  0.924022 -0.958628 
16 71  0.944863 -0.942016 
16 72  0.965606 -0.924984 
16 73  0.986252 -0.907523 
16 74  1.006801 -0.889625 
16 75  1.027254 -0.871278 
16 76  1.047611 -0.852473 
16 77  1.067872 -0.833197 
16 78  1.088038 -0.813439 
16 79  1.108107 -0.793186 
16 80  1.128081 -0.772423 
16 81  1.147958 -0.751137 
16 82  1.167738 -0.729311 
16 83  1.187420 -0.706929 
16 84  1.207004 -0.683972 
16 85  1.226489 -0.660423 
16 86  1.245873 -0.636261 
16 87  1.265155 -0.611463 
16 88  1.284334 -0.586007 
16 89  1.303408 -0.559868 
16 90  1.322374 -0.533018 
16 91  1.341230 -0.505430 
16 92  1.359974 -0.477071 
16 93  1.378603 -0.447910 
16 94  1.397113 -0.417909 
16 95  1.415500 -0.387029 
16 96  1.433760 -0.355229 
16 97  1.451889 -0.322463 
16 98  1.469881 -0.288680 
16 99  1.487730 -0.253828 
16 100  1.505429 -0.217846 
17 0  -0.939085 -1.236138 
17 1  -0.901302 -1.249578 
17 2  -0.864180 -1.262122 
17 3  -0.827682 -1.273816 
17 4  -0.791777 -1.284699 
17 5  -0.756436 -1.294811 
17 6  -0.721630 -1.304185 
17 7  -0.687336 -1.312854 
17 8  -0.653529 -1.320848 
17 9  -0.620187 -1.328193 
17 10  -0.587291 -1.334915 
17 11  -0.554821 -1.341036 
17 12  -0.522760 -1.346580 
17 13  -0.491091 -1.351565 
17 14  -0.459798 -1.356011 
17 15  -0.428867 -1.359935 
17 16  -0.398284 -1.363352 
17 17  -0.368037 -1.366278 
17 18  -0.338112 -1.368726 
17 19  -0.308498 -1.370711 
17 20  -0.279185 -1.372243 
17 21  -0.250163 -1.373335 
17 22  -0.221421 -1.373996 
17 23  -0.192950 -1.374237 
17 24  -0.164741 -1.374066 
17 25  -0.136787 -1.373493 
17 26  -0.109079 -1.372525 
17 27  -0.081609 -1.371169 
17 28  -0.054371 -1.369432 
17 29  -0.027358 -1.367322 
17 30  -0.000563 -1.364842 
17 31  0.026021 -1.362000 
17 32  0.052398 -1.358800 
17 33  0.078575 -1.355246 
17 34  0.104557 -1.351343 
17 35  0.130349 -1.347095 
17 36  0.155957 -1.342504 
17 37  0.181385 -1.337575 
17 38  0.206637 -1.332310 
17 39  0.231718 -1.326711 
17 40  0.256633 -1.320782 
17 41  0.281385 -1.314522 
17 42  0.305977 -1.307935 
17 43  0.330415 -1.301021 
17 44  0.354701 -1.293782 
17 45  0.378838 -1.286217 
17 46  0.402831 -1.278328 
17 47  0.426681 -1.270115 
17 48  0.450393 -1.261578 
17 49  0.473968 -1.252715 
17 50  0.497411 -1.243527 
17 51  0.520723 -1.234013 
17 52  0.543907 -1.224172 
17 53  0.566965 -1.214001 
17 54  0.589901 -1.203500 
17 55  0.612715 -1.192666 
17 56  0.635411 -1.181497 
17 57  0.657990 -1.169991 
17 58  0.680454 -1.158144 
17 59  0.702806 -1.145954 
17 60  0.725046 -1.133416 
17 61  0.747177 -1.120528 
17 62  0.769201 -1.107285 
17 63  0.791118 -1.093682 
17 64  0.812931 -1.079715 
17 65  0.834640 -1.065378 
17 66  0.856247 -1.050667 
17 67  0.877753 -1.035574 
17 68  0.899160 -1.020095 
17 69  0.920468 -1.004221 
17 70  0.941678 -0.987946 
17 71  0.962791 -0.971262 
17 72  0.983808 -0.954161 
17 73  1.004730 -0.936633 
17 74  1.025557 -0.918670 
17 75  1.046289 -0.900263 
17 76  1.066927 -0.881399 
17 77  1.087472 -0.862068 
17 78  1.107922 -0.842259 
17 79  1.128280 -0.821958 
17 80  1.148543 -0.801152 
17 81  1.168713 -0.779826 
17 82  1.188789 -0.757966 
17 83  1.208770 -0.735555 
17 84  1.228655 -0.712576 
17 85  1.248445 -0.689010 
17 86  1.268137 -0.664837 
17 87  1.287732 -0.640036 
17 88  1.307226 -0.614586 
17 89  1.326620 -0.588460 
17 90  1.345911 -0.561634 
17 91  1.365096 -0.534079 
17 92  1.384174 -0.505766 
17 93  1.403143 -0.476663 
17 94  1.421998 -0.446734 
17 95  1.440737 -0.415942 
17 96  1.459355 -0.384246 
17 97  1.477850 -0.351603 
17 98  1.496215 -0.317965 
17 99  1.514445 -0.283279 
17 100  1.532536 -0.247490 
18 0  -0.938797 -1.276207 
18 1  -0.900839 -1.289265 
18 2  -0.863531 -1.301450 
18 3  -0.826839 -1.312804 
18 4  -0.790733 -1.323367 
18 5  -0.755183 -1.333175 
18 6  -0.720164 -1.342261 
18 7  -0.685650 -1.350656 
18 8  -0.651619 -1.358388 
18 9  -0.618050 -1.365483 
18 10  -0.584922 -1.371965 
18 11  -0.552217 -1.377858 
18 12  -0.519919 -1.383181 
18 13  -0.488010 -1.387955 
18 14  -0.456475 -1.392197 
18 15  -0.425300 -1.395923 
18 16  -0.394471 -1.399150 
18 17  -0.363976 -1.401891 
18 18  -0.333803 -1.404162 
18 19  -0.303940 -1.405973 
18 20  -0.274376 -1.407337 
18 21  -0.245102 -1.408264 
18 22  -0.216107 -1.408766 
18 23  -0.187383 -1.408851 
18 24  -0.158921 -1.408528 
18 25  -0.130713 -1.407807 
18 26  -0.102750 -1.406693 
18 27  -0.075025 -1.405195 
18 28  -0.047532 -1.403319 
18 29  -0.020263 -1.401071 
18 30  0.006788 -1.398458 
18 31  0.033628 -1.395483 
18 32  0.060262 -1.392153 
18 33  0.086695 -1.388472 
18 34  0.112934 -1.384443 
18 35  0.138984 -1.380070 
18 36  0.164849 -1.375358 
18 37  0.190534 -1.370308 
18 38  0.216044 -1.364924 
18 39  0.241383 -1.359208 
18 40  0.266555 -1.353162 
18 41  0.291565 -1.346787 
18 42  0.316416 -1.340087 
18 43  0.341112 -1.333060 
18 44  0.365656 -1.325710 
18 45  0.390053 -1.318035 
18 46  0.414304 -1.310038 
18 47  0.438414 -1.301717 
18 48  0.462386 -1.293072 
18 49  0.486222 -1.284104 
18 50  0.509925 -1.274812 
18 51  0.533498 -1.265194 
18 52  0.556943 -1.255250 
18 53  0.580263 -1.244977 
18 54  0.603461 -1.234375 
18 55  0.626538 -1.223441 
18 56  0.649497 -1.212174 
18 57  0.672340 -1.200569 
18 58  0.695069 -1.188625 
18 59  0.717686 -1.176339 
18 60  0.740192 -1.163707 
18 61  0.762590 -1.150725 
18 62  0.784881 -1.137389 
18 63  0.807067 -1.123695 
18 64  0.829149 -1.109637 
18 65  0.851129 -1.095212 
18 66  0.873008 -1.080413 
18 67  0.894787 -1.065235 
18 68  0.916468 -1.049671 
18 69  0.938051 -1.033714 
18 70  0.959538 -1.017358 
18 71  0.980929 -1.000595 
18 72  1.002226 -0.983416 
18 73  1.023428 -0.965813 
18 74  1.044538 -0.947778 
18 75  1.065555 -0.929300 
18 76  1.086480 -0.910368 
18 77  1.107313 -0.890973 
18 78  1.128054 -0.871101 
18 79  1.148704 -0.850742 
18 80  1.169263 -0.829881 
18 81  1.189731 -0.808505 
18 82  1.210107 -0.786598 
18 83  1.230391 -0.764145 
18 84  1.250582 -0.741128 
18 85  1.270681 -0.717531 
18 86  1.290686 -0.693332 
18 87  1.310597 -0.668512 
18 88  1.330411 -0.643049 
18 89  1.350129 -0.616920 
18 90  1.369747 -0.590098 
18 91  1.389265 -0.562557 
18 92  1.408681 -0.534268 
18 93  1.427992 -0.505199 
18 94  1.447195 -0.475317 
18 95  1.466288 -0.444586 
18 96  1.485267 -0.412967 
18 97  1.504128 -0.380417 
18 98  1.522867 -0.346890 
18 99  1.541480 -0.312337 
18 100  1.559961 -0.276703 
19 0  -0.939026 -1.316246 
19 1  -0.900868 -1.328947 
19 2  -0.863350 -1.340795 
19 3  -0.826442 -1.351831 
19 4  -0.790113 -1.362092 
19 5  -0.754335 -1.371613 
19 6  -0.719082 -1.380427 
19 7  -0.684330 -1.388562 
19 8  -0.650058 -1.396045 
19 9  -0.616243 -1.402903 
19 10  -0.582868 -1.409158 
19 11  -0.549913 -1.414831 
19 12  -0.517362 -1.419944 
19 13  -0.485198 -1.424514 
19 14  -0.453407 -1.428560 
19 15  -0.421975 -1.432097 
19 16  -0.390887 -1.435140 
19 17  -0.360132 -1.437703 
19 18  -0.329698 -1.439801 
19 19  -0.299573 -1.441444 
19 20  -0.269746 -1.442644 
19 21  -0.240209 -1.443412 
19 22  -0.210951 -1.443758 
19 23  -0.181963 -1.443691 
19 24  -0.153236 -1.443219 
19 25  -0.124763 -1.442351 
19 26  -0.096535 -1.441095 
19 27  -0.068545 -1.439457 
19 28  -0.040787 -1.437443 
19 29  -0.013252 -1.435060 
19 30  0.014064 -1.432313 
19 31  0.041170 -1.429208 
19 32  0.068069 -1.425749 
19 33  0.094768 -1.421940 
19 34  0.121273 -1.417785 
19 35  0.147588 -1.413289 
19 36  0.173719 -1.408454 
19 37  0.199670 -1.403283 
19 38  0.225446 -1.397780 
19 39  0.251051 -1.391945 
19 40  0.276489 -1.385782 
19 41  0.301765 -1.379292 
19 42  0.326882 -1.372476 
19 43  0.351845 -1.365336 
19 44  0.376656 -1.357873 
19 45  0.401319 -1.350086 
19 46  0.425837 -1.341978 
19 47  0.450214 -1.333547 
19 48  0.474453 -1.324793 
19 49  0.498556 -1.315717 
19 50  0.522527 -1.306317 
19 51  0.546368 -1.296592 
19 52  0.570081 -1.286542 
19 53  0.593670 -1.276164 
19 54  0.617137 -1.265458 
19 55  0.640484 -1.254420 
19 56  0.663713 -1.243050 
19 57  0.686827 -1.231343 
19 58  0.709827 -1.219298 
19 59  0.732716 -1.206911 
19 60  0.755495 -1.194180 
19 61  0.778167 -1.181099 
19 62  0.800732 -1.167665 
19 63  0.823193 -1.153874 
19 64  0.845551 -1.139721 
19 65  0.867808 -1.125201 
19 66  0.889965 -1.110309 
19 67  0.912023 -1.095038 
19 68  0.933984 -1.079383 
19 69  0.955848 -1.063336 
19 70  0.977618 -1.046892 
19 71  0.999293 -1.030042 
19 72  1.020875 -1.012778 
19 73  1.042365 -0.995092 
19 74  1.063763 -0.976976 
19 75  1.085071 -0.958418 
19 76  1.106288 -0.939410 
19 77  1.127415 -0.919940 
19 78  1.148452 -0.899996 
19 79  1.169401 -0.879568 
19 80  1.190260 -0.858641 
19 81  1.211031 -0.837202 
19 82  1.231712 -0.815237 
19 83  1.252305 -0.792729 
19 84  1.272808 -0.769662 
19 85  1.293221 -0.746019 
19 86  1.313543 -0.721780 
19 87  1.333774 -0.696925 
19 88  1.353913 -0.671434 
19 89  1.373959 -0.645282 
19 90  1.393910 -0.618446 
19 91  1.413764 -0.590900 
19 92  1.433521 -0.562614 
19 93  1.453178 -0.533558 
19 94  1.472733 -0.503701 
19 95  1.492183 -0.473007 
19 96  1.511524 -0.441437 
19 97  1.530755 -0.408952 
19 98  1.549871 -0.375507 
19 99  1.568868 -0.341053 
19 100  1.587741 -0.305539 
20 0  -0.939762 -1.356316 
20 1  -0.901378 -1.368682 
20 2  -0.863629 -1.380213 
20 3  -0.826482 -1.390949 
20 4  -0.789910 -1.400925 
20 5  -0.753883 -1.410176 
20 6  -0.718378 -1.418731 
20 7  -0.683371 -1.426619 
20 8  -0.648839 -1.433866 
20 9  -0.614764 -1.440497 
20 10  -0.581124 -1.446534 
20 11  -0.547904 -1.451998 
20 12  -0.515085 -1.456908 
20 13  -0.482652 -1.461284 
20 14  -0.450591 -1.465140 
20 15  -0.418887 -1.468494 
20 16  -0.387527 -1.471360 
20 17  -0.356499 -1.473751 
20 18  -0.325791 -1.475680 
20 19  -0.295392 -1.477159 
20 20  -0.265291 -1.478200 
20 21  -0.235479 -1.478812 
20 22  -0.205946 -1.479006 
20 23  -0.176682 -1.478789 
20 24  -0.147680 -1.478172 
20 25  -0.118932 -1.477161 
20 26  -0.090429 -1.475763 
20 27  -0.062164 -1.473987 
20 28  -0.034130 -1.471837 
20 29  -0.006320 -1.469320 
20 30  0.021272 -1.466441 
20 31  0.048652 -1.463205 
20 32  0.075827 -1.459617 
20 33  0.102801 -1.455682 
20 34  0.129581 -1.451402 
20 35  0.156171 -1.446781 
20 36  0.182576 -1.441823 
20 37  0.208802 -1.436531 
20 38  0.234852 -1.430907 
20 39  0.260731 -1.424953 
20 40  0.286444 -1.418672 
20 41  0.311994 -1.412064 
20 42  0.337386 -1.405132 
20 43  0.362623 -1.397877 
20 44  0.387708 -1.390299 
20 45  0.412645 -1.382398 
20 46  0.437438 -1.374177 
20 47  0.462090 -1.365633 
20 48  0.486604 -1.356768 
20 49  0.510982 -1.347580 
20 50  0.535228 -1.338070 
20 51  0.559344 -1.328235 
20 52  0.583334 -1.318076 
20 53  0.607199 -1.307589 
20 54  0.630942 -1.296775 
20 55  0.654566 -1.285630 
20 56  0.678073 -1.274153 
20 57  0.701464 -1.262340 
20 58  0.724743 -1.250190 
20 59  0.747911 -1.237698 
20 60  0.770969 -1.224862 
20 61  0.793921 -1.211677 
20 62  0.816767 -1.198141 
20 63  0.839510 -1.184248 
20 64  0.862151 -1.169994 
20 65  0.884691 -1.155373 
20 66  0.907132 -1.140381 
20 67  0.929476 -1.125011 
20 68  0.951724 -1.109259 
20 69  0.973876 -1.093116 
20 70  0.995935 -1.076576 
20 71  1.017900 -1.059632 
20 72  1.039774 -1.042275 
20 73  1.061557 -1.024498 
20 74  1.083251 -1.006292 
20 75  1.104854 -0.987646 
20 76  1.126370 -0.968552 
20 77  1.147797 -0.948998 
20 78  1.169137 -0.928973 
20 79  1.190390 -0.908465 
20 80  1.211556 -0.887461 
20 81  1.232635 -0.865949 
20 82  1.253628 -0.843913 
20 83  1.274534 -0.821338 
20 84  1.295354 -0.798207 
20 85  1.316086 -0.774505 
20 86  1.336731 -0.750211 
20 87  1.357288 -0.725307 
20 88  1.377757 -0.699772 
20 89  1.398136 -0.673582 
20 90  1.418424 -0.646715 
20 91  1.438620 -0.619144 
20 92  1.458722 -0.590841 
20 93  1.478730 -0.561779 
20 94  1.498640 -0.531924 
20 95  1.518450 -0.501242 
20 96  1.538159 -0.469698 
20 97  1.557762 -0.437251 
20 98  1.577257 -0.403858 
20 99  1.596641 -0.369474 
20 100  1.615908 -0.334048 
21 0  -0.940998 -1.396472 
21 1  -0.902365 -1.408523 
21 2  -0.864361 -1.419756 
21 3  -0.826955 -1.430209 
21 4  -0.790118 -1.439916 
21 5  -0.753824 -1.448909 
21 6  -0.718048 -1.457219 
21 7  -0.682767 -1.464872 
21 8  -0.647960 -1.471894 
21 9  -0.613606 -1.478308 
21 10  -0.579686 -1.484137 
21 11  -0.546184 -1.489399 
21 12  -0.513083 -1.494116 
21 13  -0.480367 -1.498303 
21 14  -0.448021 -1.501977 
21 15  -0.416032 -1.505154 
21 16  -0.384387 -1.507847 
21 17  -0.353073 -1.510070 
21 18  -0.322078 -1.511836 
21 19  -0.291393 -1.513156 
21 20  -0.261006 -1.514041 
21 21  -0.230907 -1.514501 
21 22  -0.201087 -1.514545 
21 23  -0.171537 -1.514182 
21 24  -0.142249 -1.513420 
21 25  -0.113214 -1.512268 
21 26  -0.084425 -1.510731 
21 27  -0.055874 -1.508817 
21 28  -0.027554 -1.506532 
21 29  0.000541 -1.503882 
21 30  0.028418 -1.500872 
21 31  0.056083 -1.497506 
21 32  0.083542 -1.493790 
21 33  0.110801 -1.489727 
21 34  0.137864 -1.485322 
21 35  0.164738 -1.480577 
21 36  0.191427 -1.475496 
21 37  0.217936 -1.470081 
21 38  0.244270 -1.464336 
21 39  0.270433 -1.458262 
21 40  0.296428 -1.451861 
21 41  0.322261 -1.445134 
21 42  0.347936 -1.438084 
21 43  0.373455 -1.430711 
21 44  0.398823 -1.423016 
21 45  0.424043 -1.415000 
21 46  0.449119 -1.406663 
21 47  0.474053 -1.398004 
21 48  0.498849 -1.389024 
21 49  0.523511 -1.379723 
21 50  0.548040 -1.370099 
21 51  0.572439 -1.360151 
21 52  0.596712 -1.349879 
21 53  0.620861 -1.339281 
21 54  0.644888 -1.328355 
21 55  0.668796 -1.317099 
21 56  0.692588 -1.305511 
21 57  0.716264 -1.293588 
21 58  0.739829 -1.281327 
21 59  0.763283 -1.268726 
21 60  0.786628 -1.255781 
21 61  0.809867 -1.242488 
21 62  0.833002 -1.228843 
21 63  0.856033 -1.214843 
21 64  0.878964 -1.200481 
21 65  0.901794 -1.185755 
21 66  0.924527 -1.170657 
21 67  0.947163 -1.155182 
21 68  0.969704 -1.139325 
21 69  0.992151 -1.123079 
21 70  1.014506 -1.106437 
21 71  1.036769 -1.089391 
21 72  1.058941 -1.071934 
21 73  1.081024 -1.054058 
21 74  1.103019 -1.035754 
21 75  1.124926 -1.017012 
21 76  1.146746 -0.997822 
21 77  1.168480 -0.978175 
21 78  1.190128 -0.958059 
21 79  1.211692 -0.937461 
21 80  1.233170 -0.916371 
21 81  1.254565 -0.894773 
21 82  1.275875 -0.872655 
21 83  1.297101 -0.850001 
21 84  1.318243 -0.826795 
21 85  1.339301 -0.803020 
21 86  1.360275 -0.778658 
21 87  1.381164 -0.753690 
21 88  1.401967 -0.728095 
21 89  1.422685 -0.701852 
21 90  1.443315 -0.674936 
21 91  1.463858 -0.647323 
21 92  1.484311 -0.618986 
21 93  1.504674 -0.589896 
21 94  1.524945 -0.560022 
21 95  1.545121 -0.529331 
21 96  1.565200 -0.497788 
21 97  1.585181 -0.465354 
21 98  1.605059 -0.431988 
21 99  1.624832 -0.397644 
21 100  1.644496 -0.362274 
22 0  -0.942728 -1.436770 
22 1  -0.903824 -1.448525 
22 2  -0.865543 -1.459476 
22 3  -0.827857 -1.469661 
22 4  -0.790736 -1.479112 
22 5  -0.754155 -1.487862 
22 6  -0.718089 -1.495938 
22 7  -0.682517 -1.503366 
22 8  -0.647416 -1.510173 
22 9  -0.612767 -1.516379 
22 10  -0.578552 -1.522007 
22 11  -0.544753 -1.527077 
22 12  -0.511354 -1.531605 
22 13  -0.478339 -1.535611 
22 14  -0.445695 -1.539108 
22 15  -0.413407 -1.542113 
22 16  -0.381463 -1.544639 
22 17  -0.349850 -1.546700 
22 18  -0.318556 -1.548306 
22 19  -0.287572 -1.549470 
22 20  -0.256886 -1.550202 
22 21  -0.226489 -1.550512 
22 22  -0.196370 -1.550409 
22 23  -0.166523 -1.549902 
22 24  -0.136937 -1.548998 
22 25  -0.107605 -1.547706 
22 26  -0.078519 -1.546031 
22 27  -0.049671 -1.543982 
22 28  -0.021056 -1.541563 
22 29  0.007335 -1.538780 
22 30  0.035507 -1.535639 
22 31  0.063467 -1.532143 
22 32  0.091221 -1.528299 
22 33  0.118774 -1.524109 
22 34  0.146131 -1.519577 
22 35  0.173298 -1.514707 
22 36  0.200280 -1.509502 
22 37  0.227082 -1.503964 
22 38  0.253708 -1.498096 
22 39  0.280163 -1.491900 
22 40  0.306450 -1.485378 
22 41  0.332575 -1.478531 
22 42  0.358541 -1.471361 
22 43  0.384352 -1.463869 
22 44  0.410011 -1.456055 
22 45  0.435522 -1.447920 
22 46  0.460888 -1.439465 
22 47  0.486114 -1.430689 
22 48  0.511201 -1.421592 
22 49  0.536153 -1.412173 
22 50  0.560973 -1.402433 
22 51  0.585664 -1.392369 
22 52  0.610228 -1.381981 
22 53  0.634669 -1.371267 
22 54  0.658988 -1.360225 
22 55  0.683188 -1.348854 
22 56  0.707272 -1.337151 
22 57  0.731241 -1.325113 
22 58  0.755099 -1.312738 
22 59  0.778846 -1.300023 
22 60  0.802486 -1.286964 
22 61  0.826020 -1.273557 
22 62  0.849450 -1.259799 
22 63  0.872778 -1.245686 
22 64  0.896005 -1.231212 
22 65  0.919134 -1.216373 
22 66  0.942165 -1.201163 
22 67  0.965101 -1.185578 
22 68  0.987943 -1.169610 
22 69  1.010691 -1.153254 
22 70  1.033349 -1.136502 
22 71  1.055916 -1.119348 
22 72  1.078394 -1.101783 
22 73  1.100784 -1.083800 
22 74  1.123087 -1.065389 
22 75  1.145304 -1.046542 
22 76  1.167436 -1.027249 
22 77  1.189483 -1.007499 
22 78  1.211447 -0.987282 
22 79  1.233328 -0.966586 
22 80  1.255126 -0.945397 
22 81  1.276842 -0.923705 
22 82  1.298476 -0.901493 
22 83  1.320029 -0.878748 
22 84  1.341500 -0.855454 
22 85  1.362890 -0.831594 
22 86  1.384199 -0.807151 
22 87  1.405425 -0.782105 
22 88  1.426570 -0.756436 
22 89  1.447633 -0.730122 
22 90  1.468612 -0.703142 
22 91  1.489507 -0.675470 
22 92  1.510317 -0.647080 
22 93  1.531041 -0.617943 
22 94  1.551677 -0.588031 
22 95  1.572224 -0.557310 
22 96  1.592679 -0.525746 
22 97  1.613041 -0.493301 
22 98  1.633308 -0.459935 
22 99  1.653475 -0.425605 
22 100  1.673541 -0.390263 
23 0  -0.944950 -1.477263 
23 1  -0.905752 -1.488737 
23 2  -0.867173 -1.499422 
23 3  -0.829185 -1.509352 
23 4  -0.791760 -1.518561 
23 5  -0.754873 -1.527078 
23 6  -0.718499 -1.534931 
23 7  -0.682617 -1.542145 
23 8  -0.647206 -1.548745 
23 9  -0.612246 -1.554752 
23 10  -0.577719 -1.560188 
23 11  -0.543607 -1.565070 
23 12  -0.509895 -1.569418 
23 13  -0.476568 -1.573247 
23 14  -0.443610 -1.576573 
23 15  -0.411010 -1.579411 
23 16  -0.378753 -1.581774 
23 17  -0.346827 -1.583675 
23 18  -0.315222 -1.585126 
23 19  -0.283926 -1.586137 
23 20  -0.252928 -1.586719 
23 21  -0.222220 -1.586881 
23 22  -0.191792 -1.586634 
23 23  -0.161635 -1.585984 
23 24  -0.131740 -1.584940 
23 25  -0.102099 -1.583509 
23 26  -0.072705 -1.581698 
23 27  -0.043550 -1.579513 
23 28  -0.014628 -1.576960 
23 29  0.014069 -1.574045 
23 30  0.042547 -1.570773 
23 31  0.070812 -1.567148 
23 32  0.098870 -1.563175 
23 33  0.126727 -1.558857 
23 34  0.154388 -1.554199 
23 35  0.181858 -1.549203 
23 36  0.209143 -1.543872 
23 37  0.236247 -1.538210 
23 38  0.263174 -1.532218 
23 39  0.289930 -1.525899 
23 40  0.316519 -1.519254 
23 41  0.342944 -1.512285 
23 42  0.369211 -1.504993 
23 43  0.395321 -1.497379 
23 44  0.421280 -1.489444 
23 45  0.447091 -1.481188 
23 46  0.472757 -1.472612 
23 47  0.498282 -1.463716 
23 48  0.523669 -1.454498 
23 49  0.548920 -1.444960 
23 50  0.574040 -1.435100 
23 51  0.599030 -1.424916 
23 52  0.623894 -1.414408 
23 53  0.648634 -1.403575 
23 54  0.673253 -1.392414 
23 55  0.697753 -1.380923 
23 56  0.722138 -1.369101 
23 57  0.746408 -1.356944 
23 58  0.770567 -1.344450 
23 59  0.794616 -1.331616 
23 60  0.818558 -1.318438 
23 61  0.842394 -1.304913 
23 62  0.866127 -1.291037 
23 63  0.889759 -1.276805 
23 64  0.913291 -1.262213 
23 65  0.936725 -1.247256 
23 66  0.960063 -1.231929 
23 67  0.983306 -1.216225 
23 68  1.006456 -1.200140 
23 69  1.029514 -1.183667 
23 70  1.052482 -1.166799 
23 71  1.075361 -1.149529 
23 72  1.098151 -1.131849 
23 73  1.120856 -1.113750 
23 74  1.143474 -1.095226 
23 75  1.166009 -1.076266 
23 76  1.188460 -1.056860 
23 77  1.210828 -1.036999 
23 78  1.233114 -1.016671 
23 79  1.255319 -0.995866 
23 80  1.277444 -0.974570 
23 81  1.299489 -0.952771 
23 82  1.321454 -0.930455 
23 83  1.343340 -0.907608 
23 84  1.365148 -0.884214 
23 85  1.386877 -0.860256 
23 86  1.408527 -0.835718 
23 87  1.430099 -0.810580 
23 88  1.451591 -0.784823 
23 89  1.473005 -0.758425 
23 90  1.494339 -0.731364 
23 91  1.515593 -0.703617 
23 92  1.536767 -0.675156 
23 93  1.557858 -0.645955 
23 94  1.578866 -0.615985 
23 95  1.599790 -0.585213 
23 96  1.620627 -0.553606 
23 97  1.641377 -0.521128 
23 98  1.662037 -0.487738 
23 99  1.682604 -0.453395 
23 100  1.703077 -0.418052 
24 0  -0.947664 -1.518003 
24 1  -0.908148 -1.529211 
24 2  -0.869250 -1.539643 
24 3  -0.830940 -1.549332 
24 4  -0.793191 -1.558310 
24 5  -0.755978 -1.566605 
24 6  -0.719278 -1.574244 
24 7  -0.683069 -1.581253 
24 8  -0.647330 -1.587654 
24 9  -0.612041 -1.593469 
24 10  -0.577186 -1.598719 
24 11  -0.542746 -1.603420 
24 12  -0.508706 -1.607592 
24 13  -0.475051 -1.611251 
24 14  -0.441766 -1.614410 
24 15  -0.408838 -1.617085 
24 16  -0.376254 -1.619289 
24 17  -0.344003 -1.621034 
24 18  -0.312072 -1.622332 
24 19  -0.280451 -1.623193 
24 20  -0.249130 -1.623627 
24 21  -0.218099 -1.623645 
24 22  -0.187349 -1.623254 
24 23  -0.156869 -1.622463 
24 24  -0.126654 -1.621279 
24 25  -0.096693 -1.619711 
24 26  -0.066980 -1.617764 
24 27  -0.037506 -1.615444 
24 28  -0.008266 -1.612759 
24 29  0.020748 -1.609711 
24 30  0.049542 -1.606308 
24 31  0.078123 -1.602553 
24 32  0.106496 -1.598450 
24 33  0.134667 -1.594004 
24 34  0.162641 -1.589218 
24 35  0.190425 -1.584095 
24 36  0.218022 -1.578638 
24 37  0.245438 -1.572850 
24 38  0.272677 -1.566733 
24 39  0.299744 -1.560288 
24 40  0.326643 -1.553519 
24 41  0.353378 -1.546425 
24 42  0.379954 -1.539009 
24 43  0.406374 -1.531272 
24 44  0.432642 -1.523213 
24 45  0.458762 -1.514834 
24 46  0.484736 -1.506134 
24 47  0.510569 -1.497114 
24 48  0.536264 -1.487774 
24 49  0.561824 -1.478112 
24 50  0.587251 -1.468129 
24 51  0.612550 -1.457822 
24 52  0.637722 -1.447191 
24 53  0.662770 -1.436234 
24 54  0.687697 -1.424950 
24 55  0.712506 -1.413336 
24 56  0.737199 -1.401390 
24 57  0.761779 -1.389110 
24 58  0.786247 -1.376492 
24 59  0.810606 -1.363534 
24 60  0.834858 -1.350233 
24 61  0.859005 -1.336584 
24 62  0.883050 -1.322583 
24 63  0.906994 -1.308228 
24 64  0.930838 -1.293512 
24 65  0.954586 -1.278431 
24 66  0.978238 -1.262980 
24 67  1.001796 -1.247153 
24 68  1.025262 -1.230944 
24 69  1.048637 -1.214347 
24 70  1.071923 -1.197356 
24 71  1.095121 -1.179962 
24 72  1.118233 -1.162159 
24 73  1.141259 -1.143938 
24 74  1.164202 -1.125291 
24 75  1.187061 -1.106209 
24 76  1.209838 -1.086683 
24 77  1.232535 -1.066701 
24 78  1.255151 -1.046254 
24 79  1.277689 -1.025329 
24 80  1.300148 -1.003916 
24 81  1.322529 -0.982001 
24 82  1.344833 -0.959570 
24 83  1.367060 -0.936609 
24 84  1.389211 -0.913103 
24 85  1.411286 -0.889036 
24 86  1.433286 -0.864390 
24 87  1.455210 -0.839146 
24 88  1.477058 -0.813287 
24 89  1.498830 -0.786790 
24 90  1.520527 -0.759633 
24 91  1.542147 -0.731794 
24 92  1.563690 -0.703246 
24 93  1.585155 -0.673963 
24 94  1.606542 -0.643916 
24 95  1.627850 -0.613074 
24 96  1.649076 -0.581403 
24 97  1.670220 -0.548868 
24 98  1.691280 -0.515432 
24 99  1.712253 -0.481051 
24 100  1.733138 -0.445682 
25 0  -0.950870 -1.559040 
25 1  -0.911014 -1.569997 
25 2  -0.871775 -1.580189 
25 3  -0.833122 -1.589648 
25 4  -0.795029 -1.598404 
25 5  -0.757472 -1.606487 
25 6  -0.720427 -1.613922 
25 7  -0.683872 -1.620733 
25 8  -0.647788 -1.626943 
25 9  -0.612154 -1.632573 
25 10  -0.576954 -1.637642 
25 11  -0.542170 -1.642169 
25 12  -0.507786 -1.646170 
25 13  -0.473788 -1.649662 
25 14  -0.440160 -1.652659 
25 15  -0.406891 -1.655175 
25 16  -0.373967 -1.657223 
25 17  -0.341375 -1.658815 
25 18  -0.309106 -1.659962 
25 19  -0.277147 -1.660675 
25 20  -0.245489 -1.660964 
25 21  -0.214122 -1.660838 
25 22  -0.183037 -1.660305 
25 23  -0.152224 -1.659374 
25 24  -0.121675 -1.658053 
25 25  -0.091382 -1.656347 
25 26  -0.061338 -1.654264 
25 27  -0.031535 -1.651811 
25 28  -0.001965 -1.648991 
25 29  0.027377 -1.645812 
25 30  0.056498 -1.642277 
25 31  0.085405 -1.638391 
25 32  0.114104 -1.634159 
25 33  0.142600 -1.629583 
25 34  0.170898 -1.624669 
25 35  0.199005 -1.619417 
25 36  0.226925 -1.613833 
25 37  0.254663 -1.607917 
25 38  0.282223 -1.601672 
25 39  0.309611 -1.595101 
25 40  0.336830 -1.588205 
25 41  0.363885 -1.580985 
25 42  0.390780 -1.573442 
25 43  0.417519 -1.565578 
25 44  0.444105 -1.557393 
25 45  0.470543 -1.548887 
25 46  0.496836 -1.540062 
25 47  0.522986 -1.530915 
25 48  0.548998 -1.521448 
25 49  0.574875 -1.511660 
25 50  0.600620 -1.501550 
25 51  0.626235 -1.491116 
25 52  0.651724 -1.480358 
25 53  0.677090 -1.469274 
25 54  0.702334 -1.457862 
25 55  0.727460 -1.446121 
25 56  0.752471 -1.434047 
25 57  0.777368 -1.421638 
25 58  0.802154 -1.408893 
25 59  0.826831 -1.395806 
25 60  0.851402 -1.382376 
25 61  0.875869 -1.368598 
25 62  0.900233 -1.354468 
25 63  0.924497 -1.339983 
25 64  0.948663 -1.325137 
25 65  0.972732 -1.309926 
25 66  0.996707 -1.294345 
25 67  1.020589 -1.278388 
25 68  1.044379 -1.262049 
25 69  1.068080 -1.245322 
25 70  1.091692 -1.228199 
25 71  1.115218 -1.210675 
25 72  1.138659 -1.192742 
25 73  1.162015 -1.174391 
25 74  1.185289 -1.155613 
25 75  1.208482 -1.136401 
25 76  1.231594 -1.116745 
25 77  1.254627 -1.096634 
25 78  1.277582 -1.076058 
25 79  1.300459 -1.055005 
25 80  1.323260 -1.033464 
25 81  1.345986 -1.011422 
25 82  1.368637 -0.988865 
25 83  1.391213 -0.965779 
25 84  1.413716 -0.942150 
25 85  1.436145 -0.917960 
25 86  1.458501 -0.893194 
25 87  1.480785 -0.867833 
25 88  1.502997 -0.841857 
25 89  1.525136 -0.815246 
25 90  1.547202 -0.787979 
25 91  1.569196 -0.760032 
25 92  1.591117 -0.731381 
25 93  1.612964 -0.701998 
25 94  1.634738 -0.671856 
25 95  1.656436 -0.640924 
25 96  1.678059 -0.609169 
25 97  1.699604 -0.576557 
25 98  1.721070 -0.543051 
25 99  1.742457 -0.508609 
25 100  1.763761 -0.473188 
26 0  -0.954570 -1.600426 
26 1  -0.914353 -1.611144 
26 2  -0.874750 -1.621107 
26 3  -0.835734 -1.630346 
26 4  -0.797277 -1.638891 
26 5  -0.759356 -1.646770 
26 6  -0.721947 -1.654008 
26 7  -0.685029 -1.660629 
26 8  -0.648581 -1.666654 
26 9  -0.612586 -1.672104 
26 10  -0.577024 -1.676999 
26 11  -0.541879 -1.681356 
26 12  -0.507136 -1.685191 
26 13  -0.472779 -1.688521 
26 14  -0.438794 -1.691359 
26 15  -0.405168 -1.693719 
26 16  -0.371889 -1.695613 
26 17  -0.338944 -1.697055 
26 18  -0.306322 -1.698054 
26 19  -0.274012 -1.698621 
26 20  -0.242004 -1.698766 
26 21  -0.210288 -1.698497 
26 22  -0.178854 -1.697824 
26 23  -0.147695 -1.696754 
26 24  -0.116801 -1.695295 
26 25  -0.086164 -1.693453 
26 26  -0.055777 -1.691235 
26 27  -0.025632 -1.688647 
26 28  0.004278 -1.685694 
26 29  0.033960 -1.682381 
26 30  0.063421 -1.678714 
26 31  0.092665 -1.674697 
26 32  0.121701 -1.670334 
26 33  0.150532 -1.665628 
26 34  0.179166 -1.660583 
26 35  0.207606 -1.655202 
26 36  0.235859 -1.649488 
26 37  0.263929 -1.643442 
26 38  0.291821 -1.637069 
26 39  0.319540 -1.630368 
26 40  0.347090 -1.623343 
26 41  0.374474 -1.615994 
26 42  0.401699 -1.608323 
26 43  0.428766 -1.600329 
26 44  0.455681 -1.592015 
26 45  0.482446 -1.583381 
26 46  0.509066 -1.574425 
26 47  0.535544 -1.565149 
26 48  0.561883 -1.555552 
26 49  0.588086 -1.545634 
26 50  0.614157 -1.535393 
26 51  0.640099 -1.524829 
26 52  0.665914 -1.513940 
26 53  0.691606 -1.502725 
26 54  0.717176 -1.491181 
26 55  0.742629 -1.479307 
26 56  0.767966 -1.467101 
26 57  0.793190 -1.454560 
26 58  0.818303 -1.441681 
26 59  0.843308 -1.428461 
26 60  0.868206 -1.414896 
26 61  0.893001 -1.400984 
26 62  0.917694 -1.386720 
26 63  0.942287 -1.372099 
26 64  0.966783 -1.357118 
26 65  0.991183 -1.341771 
26 66  1.015489 -1.326054 
26 67  1.039703 -1.309960 
26 68  1.063826 -1.293484 
26 69  1.087861 -1.276619 
26 70  1.111809 -1.259359 
26 71  1.135671 -1.241697 
26 72  1.159449 -1.223625 
26 73  1.183145 -1.205136 
26 74  1.206759 -1.186221 
26 75  1.230293 -1.166870 
26 76  1.253749 -1.147075 
26 77  1.277127 -1.126826 
26 78  1.300428 -1.106111 
26 79  1.323655 -1.084921 
26 80  1.346807 -1.063242 
26 81  1.369885 -1.041062 
26 82  1.392891 -1.018369 
26 83  1.415825 -0.995147 
26 84  1.438687 -0.971383 
26 85  1.461480 -0.947059 
26 86  1.484202 -0.922160 
26 87  1.506854 -0.896667 
26 88  1.529437 -0.870562 
26 89  1.551951 -0.843824 
26 90  1.574396 -0.816431 
26 91  1.596772 -0.788361 
26 92  1.619079 -0.759590 
26 93  1.641316 -0.730091 
26 94  1.663484 -0.699835 
26 95  1.685582 -0.668795 
26 96  1.707608 -0.636937 
26 97  1.729563 -0.604227 
26 98  1.751445 -0.570629 
26 99  1.773252 -0.536102 
26 100  1.794983 -0.500605 
27 0  -0.958770 -1.642212 
27 1  -0.918169 -1.652702 
27 2  -0.878181 -1.662446 
27 3  -0.838780 -1.671475 
27 4  -0.799939 -1.679817 
27 5  -0.761634 -1.687500 
27 6  -0.723842 -1.694548 
27 7  -0.686542 -1.700985 
27 8  -0.649713 -1.706832 
27 9  -0.613338 -1.712108 
27 10  -0.577398 -1.716833 
27 11  -0.541876 -1.721024 
27 12  -0.506756 -1.724697 
27 13  -0.472025 -1.727868 
27 14  -0.437668 -1.730550 
27 15  -0.403670 -1.732757 
27 16  -0.370021 -1.734501 
27 17  -0.336708 -1.735794 
27 18  -0.303719 -1.736647 
27 19  -0.271043 -1.737070 
27 20  -0.238671 -1.737072 
27 21  -0.206593 -1.736662 
27 22  -0.174799 -1.735849 
27 23  -0.143280 -1.734640 
27 24  -0.112028 -1.733043 
27 25  -0.081034 -1.731065 
27 26  -0.050292 -1.728711 
27 27  -0.019793 -1.725988 
27 28  0.010470 -1.722901 
27 29  0.040504 -1.719455 
27 30  0.070314 -1.715655 
27 31  0.099908 -1.711506 
27 32  0.129291 -1.707010 
27 33  0.158470 -1.702172 
27 34  0.187449 -1.696996 
27 35  0.216235 -1.691483 
27 36  0.244832 -1.685637 
27 37  0.273245 -1.679461 
27 38  0.301480 -1.672956 
27 39  0.329540 -1.666124 
27 40  0.357430 -1.658967 
27 41  0.385155 -1.651487 
27 42  0.412719 -1.643684 
27 43  0.440125 -1.635559 
27 44  0.467378 -1.627112 
27 45  0.494482 -1.618345 
27 46  0.521439 -1.609257 
27 47  0.548254 -1.599848 
27 48  0.574929 -1.590118 
27 49  0.601469 -1.580066 
27 50  0.627876 -1.569691 
27 51  0.654154 -1.558992 
27 52  0.680305 -1.547968 
27 53  0.706332 -1.536617 
27 54  0.732239 -1.524937 
27 55  0.758027 -1.512927 
27 56  0.783700 -1.500584 
27 57  0.809260 -1.487905 
27 58  0.834710 -1.474887 
27 59  0.860051 -1.461529 
27 60  0.885287 -1.447825 
27 61  0.910419 -1.433773 
27 62  0.935450 -1.419368 
27 63  0.960382 -1.404606 
27 64  0.985216 -1.389484 
27 65  1.009956 -1.373995 
27 66  1.034603 -1.358134 
27 67  1.059158 -1.341897 
27 68  1.083623 -1.325277 
27 69  1.108001 -1.308268 
27 70  1.132293 -1.290864 
27 71  1.156501 -1.273056 
27 72  1.180626 -1.254839 
27 73  1.204669 -1.236203 
27 74  1.228633 -1.217141 
27 75  1.252518 -1.197644 
27 76  1.276326 -1.177702 
27 77  1.300058 -1.157305 
27 78  1.323716 -1.136443 
27 79  1.347300 -1.115105 
27 80  1.370812 -1.093278 
27 81  1.394252 -1.070951 
27 82  1.417622 -1.048111 
27 83  1.440922 -1.024742 
27 84  1.464154 -1.000831 
27 85  1.487318 -0.976362 
27 86  1.510415 -0.951317 
27 87  1.533444 -0.925680 
27 88  1.556408 -0.899432 
27 89  1.579306 -0.872552 
27 90  1.602138 -0.845019 
27 91  1.624906 -0.816811 
27 92  1.647608 -0.787903 
27 93  1.670244 -0.758271 
27 94  1.692816 -0.727885 
27 95  1.715321 -0.696718 
27 96  1.737761 -0.664737 
27 97  1.760133 -0.631909 
27 98  1.782439 -0.598198 
27 99  1.804675 -0.563564 
27 100  1.826842 -0.527967 
28 0  -0.963476 -1.684448 
28 1  -0.922467 -1.694720 
28 2  -0.882073 -1.704255 
28 3  -0.842265 -1.713082 
28 4  -0.803019 -1.721229 
28 5  -0.764311 -1.728724 
28 6  -0.726116 -1.735589 
28 7  -0.688415 -1.741848 
28 8  -0.651188 -1.747521 
28 9  -0.614414 -1.752628 
28 10  -0.578078 -1.757188 
28 11  -0.542162 -1.761217 
28 12  -0.506651 -1.764731 
28 13  -0.471529 -1.767746 
28 14  -0.436782 -1.770275 
28 15  -0.402398 -1.772331 
28 16  -0.368364 -1.773927 
28 17  -0.334667 -1.775073 
28 18  -0.301297 -1.775781 
28 19  -0.268242 -1.776060 
28 20  -0.235492 -1.775920 
28 21  -0.203038 -1.775370 
28 22  -0.170869 -1.774417 
28 23  -0.138977 -1.773070 
28 24  -0.107354 -1.771336 
28 25  -0.075991 -1.769221 
28 26  -0.044880 -1.766731 
28 27  -0.014014 -1.763873 
28 28  0.016614 -1.760651 
28 29  0.047011 -1.757070 
28 30  0.077184 -1.753136 
28 31  0.107139 -1.748853 
28 32  0.136882 -1.744223 
28 33  0.166420 -1.739252 
28 34  0.195757 -1.733942 
28 35  0.224899 -1.728296 
28 36  0.253851 -1.722317 
28 37  0.282618 -1.716007 
28 38  0.311206 -1.709368 
28 39  0.339619 -1.702403 
28 40  0.367861 -1.695112 
28 41  0.395937 -1.687497 
28 42  0.423851 -1.679559 
28 43  0.451607 -1.671299 
28 44  0.479209 -1.662718 
28 45  0.506660 -1.653815 
28 46  0.533965 -1.644591 
28 47  0.561127 -1.635045 
28 48  0.588150 -1.625178 
28 49  0.615036 -1.614988 
28 50  0.641790 -1.604475 
28 51  0.668414 -1.593637 
28 52  0.694910 -1.582473 
28 53  0.721284 -1.570982 
28 54  0.747536 -1.559162 
28 55  0.773670 -1.547011 
28 56  0.799689 -1.534526 
28 57  0.825595 -1.521704 
28 58  0.851390 -1.508544 
28 59  0.877078 -1.495041 
28 60  0.902661 -1.481192 
28 61  0.928140 -1.466994 
28 62  0.953518 -1.452443 
28 63  0.978798 -1.437535 
28 64  1.003982 -1.422265 
28 65  1.029071 -1.406627 
28 66  1.054067 -1.390618 
28 67  1.078973 -1.374231 
28 68  1.103791 -1.357460 
28 69  1.128522 -1.340300 
28 70  1.153168 -1.322743 
28 71  1.177730 -1.304783 
28 72  1.202211 -1.286412 
28 73  1.226612 -1.267622 
28 74  1.250934 -1.248405 
28 75  1.275180 -1.228753 
28 76  1.299350 -1.208655 
28 77  1.323446 -1.188101 
28 78  1.347469 -1.167082 
28 79  1.371420 -1.145587 
28 80  1.395301 -1.123603 
28 81  1.419113 -1.101118 
28 82  1.442857 -1.078119 
28 83  1.466534 -1.054593 
28 84  1.490144 -1.030523 
28 85  1.513689 -1.005896 
28 86  1.537170 -0.980694 
28 87  1.560587 -0.954900 
28 88  1.583941 -0.928495 
28 89  1.607232 -0.901459 
28 90  1.630462 -0.873772 
28 91  1.653630 -0.845410 
28 92  1.676736 -0.816351 
28 93  1.699782 -0.786569 
28 94  1.722766 -0.756036 
28 95  1.745690 -0.724724 
28 96  1.768552 -0.692601 
28 97  1.791352 -0.659635 
28 98  1.814090 -0.625790 
28 99  1.836766 -0.591027 
28 100  1.859378 -0.555306 
29 0  -0.968696 -1.727185 
29 1  -0.927256 -1.737250 
29 2  -0.886432 -1.746584 
29 3  -0.846197 -1.755217 
29 4  -0.806525 -1.763177 
29 5  -0.767392 -1.770488 
29 6  -0.728776 -1.777176 
29 7  -0.690655 -1.783262 
29 8  -0.653009 -1.788767 
29 9  -0.615820 -1.793709 
29 10  -0.579070 -1.798107 
29 11  -0.542742 -1.801978 
29 12  -0.506821 -1.805336 
29 13  -0.471292 -1.808198 
29 14  -0.436141 -1.810576 
29 15  -0.401354 -1.812483 
29 16  -0.366919 -1.813931 
29 17  -0.332824 -1.814932 
29 18  -0.299057 -1.815496 
29 19  -0.265607 -1.815633 
29 20  -0.232465 -1.815352 
29 21  -0.199620 -1.814662 
29 22  -0.167063 -1.813570 
29 23  -0.134784 -1.812084 
29 24  -0.102776 -1.810212 
29 25  -0.071030 -1.807959 
29 26  -0.039538 -1.805333 
29 27  -0.008292 -1.802338 
29 28  0.022714 -1.798980 
29 29  0.053487 -1.795264 
29 30  0.084035 -1.791195 
29 31  0.114364 -1.786776 
29 32  0.144479 -1.782011 
29 33  0.174387 -1.776904 
29 34  0.204094 -1.771459 
29 35  0.233604 -1.765677 
29 36  0.262923 -1.759562 
29 37  0.292057 -1.753117 
29 38  0.321010 -1.746342 
29 39  0.349786 -1.739240 
29 40  0.378391 -1.731812 
29 41  0.406829 -1.724060 
29 42  0.435104 -1.715984 
29 43  0.463221 -1.707586 
29 44  0.491182 -1.698866 
29 45  0.518993 -1.689824 
29 46  0.546657 -1.680460 
29 47  0.574177 -1.670774 
29 48  0.601557 -1.660765 
29 49  0.628801 -1.650434 
29 50  0.655911 -1.639778 
29 51  0.682892 -1.628798 
29 52  0.709745 -1.617490 
29 53  0.736474 -1.605855 
29 54  0.763083 -1.593889 
29 55  0.789573 -1.581592 
29 56  0.815948 -1.568960 
29 57  0.842210 -1.555990 
29 58  0.868362 -1.542681 
29 59  0.894406 -1.529029 
29 60  0.920345 -1.515030 
29 61  0.946182 -1.500681 
29 62  0.971918 -1.485978 
29 63  0.997556 -1.470917 
29 64  1.023099 -1.455492 
29 65  1.048547 -1.439700 
29 66  1.073904 -1.423535 
29 67  1.099171 -1.406991 
29 68  1.124350 -1.390063 
29 69  1.149444 -1.372744 
29 70  1.174454 -1.355027 
29 71  1.199381 -1.336907 
29 72  1.224228 -1.318375 
29 73  1.248997 -1.299423 
29 74  1.273688 -1.280043 
29 75  1.298304 -1.260226 
29 76  1.322846 -1.239963 
29 77  1.347316 -1.219244 
29 78  1.371714 -1.198059 
29 79  1.396043 -1.176396 
29 80  1.420304 -1.154245 
29 81  1.444497 -1.131592 
29 82  1.468625 -1.108424 
29 83  1.492688 -1.084728 
29 84  1.516687 -1.060489 
29 85  1.540624 -1.035692 
29 86  1.564499 -1.010320 
29 87  1.588313 -0.984356 
29 88  1.612068 -0.957781 
29 89  1.635763 -0.930576 
29 90  1.659400 -0.902719 
29 91  1.682979 -0.874189 
29 92  1.706501 -0.844963 
29 93  1.729965 -0.815014 
29 94  1.753373 -0.784317 
29 95  1.776724 -0.752842 
29 96  1.800019 -0.720559 
29 97  1.823258 -0.687435 
29 98  1.846440 -0.653435 
29 99  1.869564 -0.618522 
29 100  1.892632 -0.582654 
30 0  -0.974439 -1.770477 
30 1  -0.932544 -1.780342 
30 2  -0.891268 -1.789483 
30 3  -0.850583 -1.797929 
30 4  -0.810464 -1.805707 
30 5  -0.770886 -1.812843 
30 6  -0.731827 -1.819358 
30 7  -0.693266 -1.825276 
30 8  -0.655183 -1.830616 
30 9  -0.617559 -1.835397 
30 10  -0.580376 -1.839637 
30 11  -0.543619 -1.843352 
30 12  -0.507272 -1.846557 
30 13  -0.471318 -1.849268 
30 14  -0.435745 -1.851497 
30 15  -0.400539 -1.853256 
30 16  -0.365687 -1.854559 
30 17  -0.331178 -1.855416 
30 18  -0.296999 -1.855837 
30 19  -0.263139 -1.855831 
30 20  -0.229590 -1.855409 
30 21  -0.196339 -1.854578 
30 22  -0.163379 -1.853347 
30 23  -0.130700 -1.851722 
30 24  -0.098293 -1.849712 
30 25  -0.066150 -1.847321 
30 26  -0.034263 -1.844557 
30 27  -0.002624 -1.841425 
30 28  0.028773 -1.837930 
30 29  0.059937 -1.834076 
30 30  0.090873 -1.829870 
30 31  0.121588 -1.825313 
30 32  0.152088 -1.820411 
30 33  0.182379 -1.815167 
30 34  0.212467 -1.809584 
30 35  0.242358 -1.803665 
30 36  0.272057 -1.797412 
30 37  0.301568 -1.790827 
30 38  0.330898 -1.783913 
30 39  0.360051 -1.776672 
30 40  0.389030 -1.769104 
30 41  0.417842 -1.761211 
30 42  0.446490 -1.752995 
30 43  0.474978 -1.744455 
30 44  0.503311 -1.735593 
30 45  0.531493 -1.726408 
30 46  0.559526 -1.716900 
30 47  0.587416 -1.707070 
30 48  0.615165 -1.696916 
30 49  0.642776 -1.686439 
30 50  0.670255 -1.675637 
30 51  0.697603 -1.664509 
30 52  0.724823 -1.653053 
30 53  0.751920 -1.641268 
30 54  0.778895 -1.629153 
30 55  0.805752 -1.616704 
30 56  0.832494 -1.603920 
30 57  0.859123 -1.590798 
30 58  0.885642 -1.577334 
30 59  0.912053 -1.563527 
30 60  0.938360 -1.549372 
30 61  0.964565 -1.534866 
30 62  0.990669 -1.520005 
30 63  1.016676 -1.504784 
30 64  1.042588 -1.489199 
30 65  1.068406 -1.473245 
30 66  1.094133 -1.456918 
30 67  1.119772 -1.440210 
30 68  1.145324 -1.423117 
30 69  1.170791 -1.405632 
30 70  1.196175 -1.387749 
30 71  1.221478 -1.369460 
30 72  1.246702 -1.350758 
30 73  1.271848 -1.331636 
30 74  1.296919 -1.312084 
30 75  1.321916 -1.292095 
30 76  1.346841 -1.271658 
30 77  1.371695 -1.250765 
30 78  1.396479 -1.229403 
30 79  1.421196 -1.207564 
30 80  1.445847 -1.185234 
30 81  1.470433 -1.162402 
30 82  1.494955 -1.139055 
30 83  1.519415 -1.115179 
30 84  1.543814 -1.090759 
30 85  1.568153 -1.065779 
30 86  1.592434 -1.040225 
30 87  1.616656 -1.014078 
30 88  1.640822 -0.987320 
30 89  1.664932 -0.959931 
30 90  1.688988 -0.931891 
30 91  1.712989 -0.903178 
30 92  1.736936 -0.873768 
30 93  1.760831 -0.843637 
30 94  1.784673 -0.812758 
30 95  1.808464 -0.781103 
30 96  1.832203 -0.748641 
30 97  1.855891 -0.715340 
30 98  1.879528 -0.681165 
30 99  1.903113 -0.646079 
30 100  1.926647 -0.610043 
31 0  -0.980715 -1.814377 
31 1  -0.938343 -1.824050 
31 2  -0.896591 -1.833005 
31 3  -0.855434 -1.841271 
31 4  -0.814845 -1.848873 
31 5  -0.774800 -1.855837 
31 6  -0.735278 -1.862185 
31 7  -0.696256 -1.867938 
31 8  -0.657716 -1.873117 
31 9  -0.619638 -1.877740 
31 10  -0.582005 -1.881824 
31 11  -0.544800 -1.885386 
31 12  -0.508007 -1.888441 
31 13  -0.471612 -1.891002 
31 14  -0.435599 -1.893083 
31 15  -0.399957 -1.894697 
31 16  -0.364672 -1.895854 
31 17  -0.329731 -1.896567 
31 18  -0.295124 -1.896845 
31 19  -0.260840 -1.896698 
31 20  -0.226867 -1.896135 
31 21  -0.193196 -1.895163 
31 22  -0.159818 -1.893792 
31 23  -0.126723 -1.892028 
31 24  -0.093902 -1.889878 
31 25  -0.061348 -1.887348 
31 26  -0.029051 -1.884445 
31 27  0.002994 -1.881174 
31 28  0.034797 -1.877540 
31 29  0.066364 -1.873548 
31 30  0.097701 -1.869202 
31 31  0.128815 -1.864506 
31 32  0.159714 -1.859465 
31 33  0.190401 -1.854081 
31 34  0.220884 -1.848358 
31 35  0.251169 -1.842298 
31 36  0.281259 -1.835904 
31 37  0.311161 -1.829178 
31 38  0.340880 -1.822122 
31 39  0.370421 -1.814738 
31 40  0.399788 -1.807027 
31 41  0.428985 -1.798990 
31 42  0.458018 -1.790629 
31 43  0.486891 -1.781944 
31 44  0.515607 -1.772936 
31 45  0.544170 -1.763604 
31 46  0.572586 -1.753949 
31 47  0.600856 -1.743970 
31 48  0.628985 -1.733667 
31 49  0.656977 -1.723040 
31 50  0.684835 -1.712086 
31 51  0.712561 -1.700806 
31 52  0.740161 -1.689197 
31 53  0.767635 -1.677258 
31 54  0.794989 -1.664987 
31 55  0.822224 -1.652382 
31 56  0.849344 -1.639441 
31 57  0.876351 -1.626160 
31 58  0.903248 -1.612537 
31 59  0.930038 -1.598569 
31 60  0.956724 -1.584252 
31 61  0.983307 -1.569583 
31 62  1.009791 -1.554557 
31 63  1.036178 -1.539171 
31 64  1.062470 -1.523419 
31 65  1.088669 -1.507297 
31 66  1.114779 -1.490800 
31 67  1.140800 -1.473922 
31 68  1.166735 -1.456656 
31 69  1.192586 -1.438998 
31 70  1.218356 -1.420940 
31 71  1.244045 -1.402475 
31 72  1.269657 -1.383596 
31 73  1.295193 -1.364294 
31 74  1.320654 -1.344563 
31 75  1.346044 -1.324392 
31 76  1.371362 -1.303772 
31 77  1.396611 -1.282694 
31 78  1.421794 -1.261147 
31 79  1.446910 -1.239121 
31 80  1.471962 -1.216603 
31 81  1.496952 -1.193582 
31 82  1.521880 -1.170044 
31 83  1.546748 -1.145975 
31 84  1.571558 -1.121362 
31 85  1.596311 -1.096189 
31 86  1.621008 -1.070440 
31 87  1.645651 -1.044097 
31 88  1.670240 -1.017142 
31 89  1.694776 -0.989556 
31 90  1.719262 -0.961318 
31 91  1.743697 -0.932406 
31 92  1.768082 -0.902798 
31 93  1.792419 -0.872468 
31 94  1.816708 -0.841390 
31 95  1.840949 -0.809537 
31 96  1.865145 -0.776877 
31 97  1.889294 -0.743380 
31 98  1.913397 -0.709010 
31 99  1.937455 -0.673731 
31 100  1.961468 -0.637504 
32 0  -0.987540 -1.858940 
32 1  -0.944664 -1.868428 
32 2  -0.902412 -1.877203 
32 3  -0.860759 -1.885294 
32 4  -0.819678 -1.892725 
32 5  -0.779145 -1.899522 
32 6  -0.739137 -1.905706 
32 7  -0.699635 -1.911299 
32 8  -0.660617 -1.916320 
32 9  -0.622065 -1.920788 
32 10  -0.583961 -1.924719 
32 11  -0.546289 -1.928130 
32 12  -0.509033 -1.931034 
32 13  -0.472177 -1.933448 
32 14  -0.435708 -1.935382 
32 15  -0.399611 -1.936850 
32 16  -0.363875 -1.937864 
32 17  -0.328487 -1.938433 
32 18  -0.293436 -1.938568 
32 19  -0.258709 -1.938279 
32 20  -0.224297 -1.937574 
32 21  -0.190190 -1.936461 
32 22  -0.156378 -1.934949 
32 23  -0.122852 -1.933044 
32 24  -0.089603 -1.930754 
32 25  -0.056622 -1.928084 
32 26  -0.023902 -1.925040 
32 27  0.008566 -1.921628 
32 28  0.040788 -1.917854 
32 29  0.072772 -1.913721 
32 30  0.104525 -1.909234 
32 31  0.136053 -1.904397 
32 32  0.167363 -1.899213 
32 33  0.198460 -1.893687 
32 34  0.229352 -1.887821 
32 35  0.260043 -1.881617 
32 36  0.290538 -1.875079 
32 37  0.320844 -1.868209 
32 38  0.350966 -1.861008 
32 39  0.380907 -1.853478 
32 40  0.410674 -1.845620 
32 41  0.440270 -1.837436 
32 42  0.469700 -1.828927 
32 43  0.498969 -1.820093 
32 44  0.528081 -1.810934 
32 45  0.557039 -1.801452 
32 46  0.585848 -1.791645 
32 47  0.614512 -1.781513 
32 48  0.643033 -1.771057 
32 49  0.671417 -1.760274 
32 50  0.699666 -1.749165 
32 51  0.727784 -1.737727 
32 52  0.755774 -1.725961 
32 53  0.783639 -1.713862 
32 54  0.811382 -1.701431 
32 55  0.839007 -1.688664 
32 56  0.866517 -1.675560 
32 57  0.893914 -1.662115 
32 58  0.921201 -1.648327 
32 59  0.948381 -1.634192 
32 60  0.975457 -1.619707 
32 61  1.002431 -1.604868 
32 62  1.029306 -1.589672 
32 63  1.056084 -1.574113 
32 64  1.082768 -1.558187 
32 65  1.109360 -1.541890 
32 66  1.135863 -1.525216 
32 67  1.162278 -1.508160 
32 68  1.188608 -1.490715 
32 69  1.214856 -1.472875 
32 70  1.241022 -1.454634 
32 71  1.267110 -1.435985 
32 72  1.293122 -1.416920 
32 73  1.319058 -1.397431 
32 74  1.344922 -1.377511 
32 75  1.370715 -1.357149 
32 76  1.396439 -1.336337 
32 77  1.422096 -1.315065 
32 78  1.447687 -1.293323 
32 79  1.473215 -1.271099 
32 80  1.498680 -1.248383 
32 81  1.524085 -1.225161 
32 82  1.549432 -1.201422 
32 83  1.574721 -1.177150 
32 84  1.599954 -1.152332 
32 85  1.625133 -1.126953 
32 86  1.650259 -1.100996 
32 87  1.675333 -1.074444 
32 88  1.700358 -1.047278 
32 89  1.725333 -1.019481 
32 90  1.750261 -0.991030 
32 91  1.775142 -0.961905 
32 92  1.799978 -0.932083 
32 93  1.824769 -0.901538 
32 94  1.849518 -0.870244 
32 95  1.874223 -0.838175 
32 96  1.898887 -0.805299 
32 97  1.923511 -0.771586 
32 98  1.948094 -0.737001 
32 99  1.972638 -0.701507 
32 100  1.997142 -0.665067 
33 0  -0.994926 -1.904222 
33 1  -0.951521 -1.913532 
33 2  -0.908746 -1.922133 
33 3  -0.866572 -1.930053 
33 4  -0.824975 -1.937318 
33 5  -0.783931 -1.943952 
33 6  -0.743416 -1.949976 
33 7  -0.703411 -1.955412 
33 8  -0.663894 -1.960277 
33 9  -0.624848 -1.964592 
33 10  -0.586253 -1.968372 
33 11  -0.548094 -1.971633 
33 12  -0.510355 -1.974389 
33 13  -0.473020 -1.976655 
33 14  -0.436075 -1.978444 
33 15  -0.399507 -1.979767 
33 16  -0.363302 -1.980636 
33 17  -0.327449 -1.981062 
33 18  -0.291935 -1.981054 
33 19  -0.256750 -1.980622 
33 20  -0.221882 -1.979775 
33 21  -0.187322 -1.978520 
33 22  -0.153060 -1.976866 
33 23  -0.119087 -1.974819 
33 24  -0.085393 -1.972386 
33 25  -0.051971 -1.969574 
33 26  -0.018811 -1.966388 
33 27  0.014093 -1.962834 
33 28  0.046750 -1.958916 
33 29  0.079166 -1.954640 
33 30  0.111349 -1.950009 
33 31  0.143305 -1.945028 
33 32  0.175041 -1.939700 
33 33  0.206563 -1.934029 
33 34  0.237877 -1.928017 
33 35  0.268988 -1.921667 
33 36  0.299903 -1.914982 
33 37  0.330626 -1.907963 
33 38  0.361163 -1.900613 
33 39  0.391519 -1.892934 
33 40  0.421699 -1.884926 
33 41  0.451707 -1.876591 
33 42  0.481548 -1.867929 
33 43  0.511226 -1.858942 
33 44  0.540746 -1.849629 
33 45  0.570112 -1.839992 
33 46  0.599328 -1.830028 
33 47  0.628397 -1.819739 
33 48  0.657324 -1.809124 
33 49  0.686112 -1.798182 
33 50  0.714765 -1.786912 
33 51  0.743286 -1.775312 
33 52  0.771679 -1.763382 
33 53  0.799947 -1.751119 
33 54  0.828093 -1.738522 
33 55  0.856120 -1.725588 
33 56  0.884032 -1.712315 
33 57  0.911831 -1.698700 
33 58  0.939520 -1.684740 
33 59  0.967103 -1.670433 
33 60  0.994581 -1.655773 
33 61  1.021958 -1.640758 
33 62  1.049236 -1.625384 
33 63  1.076418 -1.609646 
33 64  1.103506 -1.593540 
33 65  1.130503 -1.577061 
33 66  1.157411 -1.560203 
33 67  1.184233 -1.542961 
33 68  1.210970 -1.525329 
33 69  1.237626 -1.507300 
33 70  1.264202 -1.488868 
33 71  1.290700 -1.470026 
33 72  1.317123 -1.450767 
33 73  1.343473 -1.431082 
33 74  1.369752 -1.410963 
33 75  1.395961 -1.390401 
33 76  1.422103 -1.369388 
33 77  1.448179 -1.347912 
33 78  1.474192 -1.325965 
33 79  1.500144 -1.303534 
33 80  1.526035 -1.280608 
33 81  1.551868 -1.257175 
33 82  1.577645 -1.233222 
33 83  1.603368 -1.208735 
33 84  1.629037 -1.183701 
33 85  1.654655 -1.158103 
33 86  1.680223 -1.131925 
33 87  1.705742 -1.105150 
33 88  1.731215 -1.077761 
33 89  1.756642 -1.049738 
33 90  1.782026 -1.021060 
33 91  1.807367 -0.991706 
33 92  1.832666 -0.961653 
33 93  1.857926 -0.930877 
33 94  1.883147 -0.899351 
33 95  1.908330 -0.867047 
33 96  1.933477 -0.833937 
33 97  1.958589 -0.799989 
33 98  1.983666 -0.765168 
33 99  2.008709 -0.729440 
33 100  2.033720 -0.692764 
34 0  -1.002890 -1.950283 
34 1  -0.958931 -1.959419 
34 2  -0.915605 -1.967851 
34 3  -0.872887 -1.975606 
34 4  -0.830750 -1.982709 
34 5  -0.789171 -1.989182 
34 6  -0.748127 -1.995049 
34 7  -0.707596 -2.000330 
34 8  -0.667558 -2.005043 
34 9  -0.627996 -2.009206 
34 10  -0.588890 -2.012836 
34 11  -0.550223 -2.015948 
34 12  -0.511981 -2.018557 
34 13  -0.474147 -2.020677 
34 14  -0.436707 -2.022320 
34 15  -0.399648 -2.023498 
34 16  -0.362956 -2.024222 
34 17  -0.326619 -2.024504 
34 18  -0.290625 -2.024352 
34 19  -0.254963 -2.023777 
34 20  -0.219623 -2.022786 
34 21  -0.184593 -2.021388 
34 22  -0.149864 -2.019590 
34 23  -0.115427 -2.017400 
34 24  -0.081273 -2.014823 
34 25  -0.047392 -2.011867 
34 26  -0.013777 -2.008537 
34 27  0.019580 -2.004837 
34 28  0.052687 -2.000775 
34 29  0.085551 -1.996353 
34 30  0.118179 -1.991576 
34 31  0.150578 -1.986447 
34 32  0.182755 -1.980972 
34 33  0.214716 -1.975152 
34 34  0.246466 -1.968991 
34 35  0.278013 -1.962491 
34 36  0.309361 -1.955656 
34 37  0.340515 -1.948486 
34 38  0.371482 -1.940983 
34 39  0.402267 -1.933151 
34 40  0.432873 -1.924988 
34 41  0.463307 -1.916498 
34 42  0.493572 -1.907680 
34 43  0.523674 -1.898535 
34 44  0.553616 -1.889064 
34 45  0.583402 -1.879266 
34 46  0.613038 -1.869142 
34 47  0.642527 -1.858691 
34 48  0.671872 -1.847912 
34 49  0.701078 -1.836805 
34 50  0.730148 -1.825369 
34 51  0.759085 -1.813602 
34 52  0.787894 -1.801503 
34 53  0.816578 -1.789070 
34 54  0.845139 -1.776302 
34 55  0.873582 -1.763194 
34 56  0.901909 -1.749747 
34 57  0.930123 -1.735956 
34 58  0.958227 -1.721818 
34 59  0.986225 -1.707331 
34 60  1.014118 -1.692490 
34 61  1.041911 -1.677293 
34 62  1.069605 -1.661734 
34 63  1.097203 -1.645811 
34 64  1.124708 -1.629517 
34 65  1.152123 -1.612847 
34 66  1.179449 -1.595798 
34 67  1.206690 -1.578362 
34 68  1.233848 -1.560535 
34 69  1.260924 -1.542309 
34 70  1.287923 -1.523678 
34 71  1.314844 -1.504635 
34 72  1.341692 -1.485172 
34 73  1.368468 -1.465282 
34 74  1.395174 -1.444956 
34 75  1.421813 -1.424185 
34 76  1.448386 -1.402960 
34 77  1.474895 -1.381271 
34 78  1.501343 -1.359107 
34 79  1.527731 -1.336458 
34 80  1.554062 -1.313312 
34 81  1.580337 -1.289657 
34 82  1.606558 -1.265479 
34 83  1.632727 -1.240766 
34 84  1.658846 -1.215502 
34 85  1.684916 -1.189672 
34 86  1.710939 -1.163261 
34 87  1.736918 -1.136251 
34 88  1.762853 -1.108623 
34 89  1.788747 -1.080360 
34 90  1.814600 -1.051440 
34 91  1.840415 -1.021842 
34 92  1.866192 -0.991542 
34 93  1.891935 -0.960518 
34 94  1.917643 -0.928742 
34 95  1.943319 -0.896187 
34 96  1.968963 -0.862823 
34 97  1.994577 -0.828620 
34 98  2.020163 -0.793544 
34 99  2.045722 -0.757559 
34 100  2.071254 -0.720626 
35 0  -1.011452 -1.997184 
35 1  -0.966910 -2.006152 
35 2  -0.923008 -2.014419 
35 3  -0.879719 -2.022012 
35 4  -0.837018 -2.028955 
35 5  -0.794879 -2.035272 
35 6  -0.753281 -2.040984 
35 7  -0.712201 -2.046112 
35 8  -0.671621 -2.050673 
35 9  -0.631520 -2.054686 
35 10  -0.591880 -2.058167 
35 11  -0.552685 -2.061131 
35 12  -0.513919 -2.063593 
35 13  -0.475566 -2.065566 
35 14  -0.437611 -2.067064 
35 15  -0.400041 -2.068096 
35 16  -0.362842 -2.068676 
35 17  -0.326003 -2.068812 
35 18  -0.289510 -2.068516 
35 19  -0.253353 -2.067796 
35 20  -0.217521 -2.066660 
35 21  -0.182004 -2.065117 
35 22  -0.146791 -2.063174 
35 23  -0.111872 -2.060838 
35 24  -0.077240 -2.058115 
35 25  -0.042885 -2.055013 
35 26  -0.008798 -2.051536 
35 27  0.025028 -2.047689 
35 28  0.058601 -2.043478 
35 29  0.091929 -2.038908 
35 30  0.125019 -2.033981 
35 31  0.157877 -2.028703 
35 32  0.190510 -2.023077 
35 33  0.222925 -2.017105 
35 34  0.255128 -2.010792 
35 35  0.287125 -2.004139 
35 36  0.318921 -1.997148 
35 37  0.350522 -1.989823 
35 38  0.381934 -1.982164 
35 39  0.413161 -1.974174 
35 40  0.444209 -1.965853 
35 41  0.475083 -1.957203 
35 42  0.505786 -1.948224 
35 43  0.536325 -1.938918 
35 44  0.566703 -1.929283 
35 45  0.596925 -1.919321 
35 46  0.626995 -1.909031 
35 47  0.656917 -1.898412 
35 48  0.686694 -1.887465 
35 49  0.716331 -1.876188 
35 50  0.745832 -1.864580 
35 51  0.775200 -1.852641 
35 52  0.804439 -1.840367 
35 53  0.833552 -1.827758 
35 54  0.862542 -1.814812 
35 55  0.891413 -1.801526 
35 56  0.920168 -1.787897 
35 57  0.948811 -1.773923 
35 58  0.977344 -1.759601 
35 59  1.005770 -1.744928 
35 60  1.034092 -1.729900 
35 61  1.062314 -1.714513 
35 62  1.090437 -1.698763 
35 63  1.118466 -1.682646 
35 64  1.146401 -1.666156 
35 65  1.174247 -1.649290 
35 66  1.202005 -1.632041 
35 67  1.229679 -1.614404 
35 68  1.257270 -1.596373 
35 69  1.284781 -1.577941 
35 70  1.312215 -1.559103 
35 71  1.339574 -1.539850 
35 72  1.366860 -1.520175 
35 73  1.394075 -1.500070 
35 74  1.421223 -1.479527 
35 75  1.448304 -1.458537 
35 76  1.475322 -1.437090 
35 77  1.502278 -1.415177 
35 78  1.529175 -1.392787 
35 79  1.556014 -1.369909 
35 80  1.582798 -1.346532 
35 81  1.609529 -1.322643 
35 82  1.636208 -1.298229 
35 83  1.662838 -1.273276 
35 84  1.689421 -1.247771 
35 85  1.715958 -1.221697 
35 86  1.742452 -1.195039 
35 87  1.768904 -1.167779 
35 88  1.795316 -1.139899 
35 89  1.821690 -1.111381 
35 90  1.848028 -1.082203 
35 91  1.874332 -1.052345 
35 92  1.900603 -1.021783 
35 93  1.926843 -0.990494 
35 94  1.953054 -0.958450 
35 95  1.979238 -0.925625 
35 96  2.005396 -0.891990 
35 97  2.031529 -0.857512 
35 98  2.057640 -0.822160 
35 99  2.083729 -0.785896 
35 100  2.109799 -0.748684 
36 0  -1.020631 -2.044988 
36 1  -0.975478 -2.053792 
36 2  -0.930973 -2.061898 
36 3  -0.887087 -2.069332 
36 4  -0.843794 -2.076119 
36 5  -0.801071 -2.082281 
36 6  -0.758894 -2.087840 
36 7  -0.717242 -2.092816 
36 8  -0.676094 -2.097228 
36 9  -0.635431 -2.101091 
36 10  -0.595236 -2.104424 
36 11  -0.555490 -2.107241 
36 12  -0.516178 -2.109555 
36 13  -0.477284 -2.111382 
36 14  -0.438793 -2.112733 
36 15  -0.400692 -2.113619 
36 16  -0.362967 -2.114053 
36 17  -0.325605 -2.114043 
36 18  -0.288594 -2.113601 
36 19  -0.251923 -2.112734 
36 20  -0.215581 -2.111451 
36 21  -0.179557 -2.109761 
36 22  -0.143841 -2.107671 
36 23  -0.108423 -2.105187 
36 24  -0.073295 -2.102316 
36 25  -0.038447 -2.099065 
36 26  -0.003871 -2.095438 
36 27  0.030441 -2.091441 
36 28  0.064498 -2.087079 
36 29  0.098306 -2.082357 
36 30  0.131874 -2.077278 
36 31  0.165207 -2.071846 
36 32  0.198313 -2.066066 
36 33  0.231199 -2.059939 
36 34  0.263869 -2.053469 
36 35  0.296332 -2.046659 
36 36  0.328592 -2.039510 
36 37  0.360655 -2.032025 
36 38  0.392527 -2.024206 
36 39  0.424213 -2.016054 
36 40  0.455717 -2.007570 
36 41  0.487046 -1.998755 
36 42  0.518204 -1.989611 
36 43  0.549195 -1.980137 
36 44  0.580024 -1.970334 
36 45  0.610696 -1.960202 
36 46  0.641214 -1.949741 
36 47  0.671583 -1.938950 
36 48  0.701807 -1.927829 
36 49  0.731891 -1.916377 
36 50  0.761837 -1.904592 
36 51  0.791649 -1.892473 
36 52  0.821332 -1.880019 
36 53  0.850888 -1.867228 
36 54  0.880322 -1.854098 
36 55  0.909636 -1.840626 
36 56  0.938834 -1.826810 
36 57  0.967919 -1.812647 
36 58  0.996895 -1.798135 
36 59  1.025763 -1.783268 
36 60  1.054529 -1.768045 
36 61  1.083193 -1.752461 
36 62  1.111760 -1.736512 
36 63  1.140233 -1.720194 
36 64  1.168613 -1.703502 
36 65  1.196903 -1.686430 
36 66  1.225108 -1.668974 
36 67  1.253228 -1.651127 
36 68  1.281267 -1.632884 
36 69  1.309227 -1.614239 
36 70  1.337111 -1.595183 
36 71  1.364921 -1.575711 
36 72  1.392660 -1.555815 
36 73  1.420329 -1.535486 
36 74  1.447933 -1.514716 
36 75  1.475472 -1.493497 
36 76  1.502949 -1.471819 
36 77  1.530366 -1.449671 
36 78  1.557726 -1.427044 
36 79  1.585031 -1.403926 
36 80  1.612283 -1.380306 
36 81  1.639485 -1.356171 
36 82  1.666637 -1.331508 
36 83  1.693743 -1.306304 
36 84  1.720805 -1.280544 
36 85  1.747825 -1.254213 
36 86  1.774804 -1.227294 
36 87  1.801745 -1.199770 
36 88  1.828650 -1.171624 
36 89  1.855521 -1.142836 
36 90  1.882360 -1.113386 
36 91  1.909168 -1.083251 
36 92  1.935949 -1.052410 
36 93  1.962704 -1.020838 
36 94  1.989434 -0.988509 
36 95  2.016142 -0.955396 
36 96  2.042829 -0.921469 
36 97  2.069499 -0.886698 
36 98  2.096151 -0.851048 
36 99  2.122789 -0.814485 
36 100  2.149414 -0.776970 
37 0  -1.030450 -2.093763 
37 1  -0.984657 -2.102407 
37 2  -0.939520 -2.110354 
37 3  -0.895008 -2.117632 
37 4  -0.851098 -2.124265 
37 5  -0.807763 -2.130275 
37 6  -0.764982 -2.135682 
37 7  -0.722731 -2.140508 
37 8  -0.680992 -2.144769 
37 9  -0.639744 -2.148484 
37 10  -0.598969 -2.151668 
37 11  -0.558649 -2.154337 
37 12  -0.518769 -2.156505 
37 13  -0.479311 -2.158184 
37 14  -0.440263 -2.159387 
37 15  -0.401609 -2.160126 
37 16  -0.363335 -2.160412 
37 17  -0.325430 -2.160255 
37 18  -0.287881 -2.159664 
37 19  -0.250676 -2.158649 
37 20  -0.213803 -2.157218 
37 21  -0.177253 -2.155379 
37 22  -0.141016 -2.153138 
37 23  -0.105080 -2.150504 
37 24  -0.069437 -2.147482 
37 25  -0.034078 -2.144079 
37 26  0.001005 -2.140299 
37 27  0.035822 -2.136149 
37 28  0.070380 -2.131633 
37 29  0.104686 -2.126755 
37 30  0.138749 -2.121520 
37 31  0.172575 -2.115932 
37 32  0.206170 -2.109993 
37 33  0.239543 -2.103707 
37 34  0.272699 -2.097076 
37 35  0.305644 -2.090104 
37 36  0.338384 -2.082793 
37 37  0.370926 -2.075144 
37 38  0.403274 -2.067160 
37 39  0.435434 -2.058841 
37 40  0.467411 -2.050189 
37 41  0.499211 -2.041205 
37 42  0.530838 -2.031890 
37 43  0.562296 -2.022245 
37 44  0.593592 -2.012268 
37 45  0.624729 -2.001961 
37 46  0.655711 -1.991323 
37 47  0.686544 -1.980354 
37 48  0.717230 -1.969053 
37 49  0.747774 -1.957420 
37 50  0.778181 -1.945452 
37 51  0.808453 -1.933148 
37 52  0.838594 -1.920508 
37 53  0.868609 -1.907528 
37 54  0.898501 -1.894208 
37 55  0.928273 -1.880544 
37 56  0.957929 -1.866534 
37 57  0.987471 -1.852175 
37 58  1.016904 -1.837464 
37 59  1.046231 -1.822397 
37 60  1.075454 -1.806972 
37 61  1.104576 -1.791184 
37 62  1.133602 -1.775028 
37 63  1.162533 -1.758501 
37 64  1.191372 -1.741598 
37 65  1.220123 -1.724313 
37 66  1.248788 -1.706641 
37 67  1.277370 -1.688576 
37 68  1.305871 -1.670112 
37 69  1.334295 -1.651243 
37 70  1.362644 -1.631962 
37 71  1.390921 -1.612262 
37 72  1.419127 -1.592134 
37 73  1.447266 -1.571572 
37 74  1.475341 -1.550565 
37 75  1.503352 -1.529106 
37 76  1.531304 -1.507186 
37 77  1.559199 -1.484793 
37 78  1.587038 -1.461917 
37 79  1.614824 -1.438548 
37 80  1.642560 -1.414673 
37 81  1.670247 -1.390280 
37 82  1.697889 -1.365356 
37 83  1.725487 -1.339888 
37 84  1.753044 -1.313860 
37 85  1.780562 -1.287258 
37 86  1.808043 -1.260064 
37 87  1.835490 -1.232263 
37 88  1.862904 -1.203835 
37 89  1.890289 -1.174762 
37 90  1.917645 -1.145023 
37 91  1.944976 -1.114596 
37 92  1.972283 -1.083459 
37 93  1.999569 -1.051587 
37 94  2.026837 -1.018955 
37 95  2.054087 -0.985535 
37 96  2.081322 -0.951297 
37 97  2.108546 -0.916211 
37 98  2.135759 -0.880243 
37 99  2.162963 -0.843358 
37 100  2.190163 -0.805518 
38 0  -1.040933 -2.143580 
38 1  -0.994471 -2.152066 
38 2  -0.948671 -2.159858 
38 3  -0.903505 -2.166982 
38 4  -0.858948 -2.173462 
38 5  -0.814975 -2.179320 
38 6  -0.771562 -2.184577 
38 7  -0.728687 -2.189252 
38 8  -0.686330 -2.193364 
38 9  -0.644471 -2.196930 
38 10  -0.603092 -2.199966 
38 11  -0.562174 -2.202486 
38 12  -0.521701 -2.204505 
38 13  -0.481658 -2.206035 
38 14  -0.442029 -2.207090 
38 15  -0.402799 -2.207680 
38 16  -0.363956 -2.207817 
38 17  -0.325486 -2.207510 
38 18  -0.287377 -2.206769 
38 19  -0.249616 -2.205604 
38 20  -0.212193 -2.204021 
38 21  -0.175097 -2.202030 
38 22  -0.138317 -2.199637 
38 23  -0.101843 -2.196849 
38 24  -0.065667 -2.193673 
38 25  -0.029778 -2.190114 
38 26  0.005833 -2.186179 
38 27  0.041172 -2.181872 
38 28  0.076250 -2.177198 
38 29  0.111073 -2.172161 
38 30  0.145649 -2.166766 
38 31  0.179985 -2.161016 
38 32  0.214089 -2.154914 
38 33  0.247966 -2.148465 
38 34  0.281624 -2.141670 
38 35  0.315069 -2.134532 
38 36  0.348307 -2.127053 
38 37  0.381344 -2.119235 
38 38  0.414185 -2.111081 
38 39  0.446836 -2.102591 
38 40  0.479303 -2.093766 
38 41  0.511590 -2.084608 
38 42  0.543703 -2.075117 
38 43  0.575646 -2.065294 
38 44  0.607424 -2.055138 
38 45  0.639043 -2.044650 
38 46  0.670505 -2.033830 
38 47  0.701816 -2.022677 
38 48  0.732981 -2.011190 
38 49  0.764002 -1.999369 
38 50  0.794885 -1.987212 
38 51  0.825632 -1.974717 
38 52  0.856249 -1.961883 
38 53  0.886738 -1.948709 
38 54  0.917103 -1.935191 
38 55  0.947349 -1.921328 
38 56  0.977478 -1.907117 
38 57  1.007493 -1.892555 
38 58  1.037399 -1.877638 
38 59  1.067199 -1.862364 
38 60  1.096895 -1.846729 
38 61  1.126491 -1.830729 
38 62  1.155991 -1.814359 
38 63  1.185396 -1.797614 
38 64  1.214711 -1.780492 
38 65  1.243937 -1.762985 
38 66  1.273079 -1.745088 
38 67  1.302138 -1.726796 
38 68  1.331118 -1.708103 
38 69  1.360022 -1.689001 
38 70  1.388851 -1.669485 
38 71  1.417610 -1.649546 
38 72  1.446300 -1.629178 
38 73  1.474925 -1.608371 
38 74  1.503486 -1.587118 
38 75  1.531987 -1.565409 
38 76  1.560430 -1.543234 
38 77  1.588817 -1.520585 
38 78  1.617151 -1.497449 
38 79  1.645435 -1.473817 
38 80  1.673672 -1.449675 
38 81  1.701862 -1.425012 
38 82  1.730010 -1.399815 
38 83  1.758118 -1.374069 
38 84  1.786187 -1.347760 
38 85  1.814220 -1.320872 
38 86  1.842221 -1.293390 
38 87  1.870191 -1.265296 
38 88  1.898132 -1.236571 
38 89  1.926047 -1.207197 
38 90  1.953939 -1.177153 
38 91  1.981810 -1.146417 
38 92  2.009663 -1.114967 
38 93  2.037499 -1.082777 
38 94  2.065322 -1.049823 
38 95  2.093133 -1.016076 
38 96  2.120936 -0.981508 
38 97  2.148733 -0.946087 
38 98  2.176525 -0.909779 
38 99  2.204317 -0.872551 
38 100  2.232110 -0.834362 
39 0  -1.052109 -2.194512 
39 1  -1.004944 -2.202843 
39 2  -0.958451 -2.210481 
39 3  -0.912601 -2.217453 
39 4  -0.867368 -2.223781 
39 5  -0.822727 -2.229488 
39 6  -0.778654 -2.234594 
39 7  -0.735128 -2.239120 
39 8  -0.692126 -2.243082 
39 9  -0.649630 -2.246499 
39 10  -0.607620 -2.249385 
39 11  -0.566079 -2.251755 
39 12  -0.524989 -2.253624 
39 13  -0.484335 -2.255005 
39 14  -0.444101 -2.255909 
39 15  -0.404273 -2.256348 
39 16  -0.364837 -2.256334 
39 17  -0.325779 -2.255875 
39 18  -0.287087 -2.254981 
39 19  -0.248749 -2.253662 
39 20  -0.210754 -2.251925 
39 21  -0.173090 -2.249779 
39 22  -0.135747 -2.247230 
39 23  -0.098715 -2.244286 
39 24  -0.061984 -2.240952 
39 25  -0.025544 -2.237234 
39 26  0.010613 -2.233139 
39 27  0.046496 -2.228671 
39 28  0.082112 -2.223835 
39 29  0.117471 -2.218635 
39 30  0.152580 -2.213076 
39 31  0.187445 -2.207160 
39 32  0.222075 -2.200892 
39 33  0.256476 -2.194274 
39 34  0.290655 -2.187309 
39 35  0.324618 -2.180000 
39 36  0.358371 -2.172349 
39 37  0.391921 -2.164358 
39 38  0.425273 -2.156028 
39 39  0.458433 -2.147361 
39 40  0.491407 -2.138358 
39 41  0.524199 -2.129020 
39 42  0.556814 -2.119347 
39 43  0.589259 -2.109341 
39 44  0.621537 -2.099000 
39 45  0.653654 -2.088326 
39 46  0.685614 -2.077317 
39 47  0.717421 -2.065974 
39 48  0.749080 -2.054295 
39 49  0.780595 -2.042279 
39 50  0.811970 -2.029926 
39 51  0.843210 -2.017233 
39 52  0.874318 -2.004200 
39 53  0.905298 -1.990823 
39 54  0.936154 -1.977101 
39 55  0.966889 -1.963032 
39 56  0.997508 -1.948612 
39 57  1.028013 -1.933839 
39 58  1.058408 -1.918710 
39 59  1.088697 -1.903220 
39 60  1.118883 -1.887367 
39 61  1.148970 -1.871146 
39 62  1.178959 -1.854553 
39 63  1.208856 -1.837584 
39 64  1.238662 -1.820233 
39 65  1.268380 -1.802495 
39 66  1.298015 -1.784365 
39 67  1.327568 -1.765837 
39 68  1.357043 -1.746904 
39 69  1.386443 -1.727561 
39 70  1.415770 -1.707799 
39 71  1.445028 -1.687612 
39 72  1.474219 -1.666992 
39 73  1.503345 -1.645931 
39 74  1.532411 -1.624420 
39 75  1.561418 -1.602450 
39 76  1.590369 -1.580011 
39 77  1.619266 -1.557093 
39 78  1.648113 -1.533686 
39 79  1.676913 -1.509778 
39 80  1.705667 -1.485357 
39 81  1.734379 -1.460411 
39 82  1.763050 -1.434926 
39 83  1.791684 -1.408889 
39 84  1.820284 -1.382285 
39 85  1.848852 -1.355099 
39 86  1.877390 -1.327313 
39 87  1.905901 -1.298911 
39 88  1.934388 -1.269874 
39 89  1.962854 -1.240182 
39 90  1.991301 -1.209817 
39 91  2.019731 -1.178754 
39 92  2.048148 -1.146973 
39 93  2.076554 -1.114447 
39 94  2.104953 -1.081152 
39 95  2.133345 -1.047059 
39 96  2.161736 -1.012139 
39 97  2.190126 -0.976362 
39 98  2.218520 -0.939693 
39 99  2.246920 -0.902097 
39 100  2.275329 -0.863537 
40 0  -1.064007 -2.246639 
40 1  -1.016106 -2.254816 
40 2  -0.968886 -2.262302 
40 3  -0.922320 -2.269122 
40 4  -0.876380 -2.275299 
40 5  -0.831041 -2.280855 
40 6  -0.786279 -2.285811 
40 7  -0.742072 -2.290186 
40 8  -0.698398 -2.293998 
40 9  -0.655236 -2.297264 
40 10  -0.612569 -2.299999 
40 11  -0.570378 -2.302218 
40 12  -0.528645 -2.303936 
40 13  -0.487355 -2.305164 
40 14  -0.446491 -2.305915 
40 15  -0.406040 -2.306201 
40 16  -0.365986 -2.306032 
40 17  -0.326317 -2.305419 
40 18  -0.287019 -2.304369 
40 19  -0.248081 -2.302894 
40 20  -0.209491 -2.300999 
40 21  -0.171237 -2.298695 
40 22  -0.133308 -2.295986 
40 23  -0.095696 -2.292881 
40 24  -0.058388 -2.289386 
40 25  -0.021377 -2.285506 
40 26  0.015347 -2.281247 
40 27  0.051794 -2.276613 
40 28  0.087970 -2.271611 
40 29  0.123885 -2.266243 
40 30  0.159546 -2.260515 
40 31  0.194961 -2.254429 
40 32  0.230137 -2.247989 
40 33  0.265081 -2.241197 
40 34  0.299799 -2.234058 
40 35  0.334300 -2.226573 
40 36  0.368587 -2.218744 
40 37  0.402669 -2.210574 
40 38  0.436551 -2.202063 
40 39  0.470238 -2.193214 
40 40  0.503737 -2.184026 
40 41  0.537052 -2.174502 
40 42  0.570189 -2.164642 
40 43  0.603153 -2.154446 
40 44  0.635949 -2.143915 
40 45  0.668582 -2.133047 
40 46  0.701057 -2.121844 
40 47  0.733378 -2.110304 
40 48  0.765549 -2.098426 
40 49  0.797576 -2.086209 
40 50  0.829461 -2.073653 
40 51  0.861210 -2.060756 
40 52  0.892827 -2.047515 
40 53  0.924315 -2.033929 
40 54  0.955679 -2.019995 
40 55  0.986921 -2.005712 
40 56  1.018047 -1.991076 
40 57  1.049059 -1.976084 
40 58  1.079961 -1.960733 
40 59  1.110757 -1.945020 
40 60  1.141450 -1.928941 
40 61  1.172044 -1.912491 
40 62  1.202541 -1.895667 
40 63  1.232945 -1.878463 
40 64  1.263260 -1.860875 
40 65  1.293489 -1.842897 
40 66  1.323634 -1.824524 
40 67  1.353699 -1.805750 
40 68  1.383686 -1.786569 
40 69  1.413600 -1.766973 
40 70  1.443442 -1.746956 
40 71  1.473217 -1.726511 
40 72  1.502926 -1.705629 
40 73  1.532572 -1.684302 
40 74  1.562160 -1.662522 
40 75  1.591691 -1.640279 
40 76  1.621168 -1.617563 
40 77  1.650594 -1.594365 
40 78  1.679972 -1.570674 
40 79  1.709306 -1.546478 
40 80  1.738596 -1.521765 
40 81  1.767847 -1.496522 
40 82  1.797062 -1.470737 
40 83  1.826242 -1.444395 
40 84  1.855391 -1.417481 
40 85  1.884512 -1.389981 
40 86  1.913608 -1.361876 
40 87  1.942680 -1.333150 
40 88  1.971733 -1.303784 
40 89  2.000769 -1.273760 
40 90  2.029791 -1.243055 
40 91  2.058801 -1.211649 
40 92  2.087804 -1.179518 
40 93  2.116801 -1.146637 
40 94  2.145796 -1.112981 
40 95  2.174792 -1.078522 
40 96  2.203792 -1.043230 
40 97  2.232799 -1.007074 
40 98  2.261816 -0.970021 
40 99  2.290846 -0.932036 
40 100  2.319894 -0.893079 
41 0  -1.076659 -2.300044 
41 1  -1.027986 -2.308069 
41 2  -0.980007 -2.315403 
41 3  -0.932691 -2.322071 
41 4  -0.886012 -2.328097 
41 5  -0.839943 -2.333502 
41 6  -0.794461 -2.338307 
41 7  -0.749542 -2.342530 
41 8  -0.705165 -2.346190 
41 9  -0.661310 -2.349304 
41 10  -0.617957 -2.351886 
41 11  -0.575088 -2.353952 
41 12  -0.532684 -2.355516 
41 13  -0.490731 -2.356589 
41 14  -0.449211 -2.357185 
41 15  -0.408110 -2.357315 
41 16  -0.367414 -2.356988 
41 17  -0.327108 -2.356217 
41 18  -0.287180 -2.355008 
41 19  -0.247617 -2.353372 
41 20  -0.208408 -2.351317 
41 21  -0.169540 -2.348850 
41 22  -0.131004 -2.345978 
41 23  -0.092787 -2.342708 
41 24  -0.054881 -2.339047 
41 25  -0.017276 -2.334999 
41 26  0.020038 -2.330572 
41 27  0.057069 -2.325769 
41 28  0.093827 -2.320595 
41 29  0.130319 -2.315055 
41 30  0.166554 -2.309152 
41 31  0.202539 -2.302890 
41 32  0.238281 -2.296273 
41 33  0.273788 -2.289304 
41 34  0.309067 -2.281984 
41 35  0.344125 -2.274317 
41 36  0.378967 -2.266305 
41 37  0.413601 -2.257950 
41 38  0.448032 -2.249252 
41 39  0.482266 -2.240214 
41 40  0.516309 -2.230837 
41 41  0.550166 -2.221121 
41 42  0.583844 -2.211067 
41 43  0.617346 -2.200675 
41 44  0.650679 -2.189946 
41 45  0.683847 -2.178878 
41 46  0.716856 -2.167473 
41 47  0.749709 -2.155729 
41 48  0.782411 -2.143645 
41 49  0.814967 -2.131221 
41 50  0.847382 -2.118455 
41 51  0.879659 -2.105344 
41 52  0.911803 -2.091889 
41 53  0.943817 -2.078086 
41 54  0.975707 -2.063933 
41 55  1.007475 -2.049427 
41 56  1.039126 -2.034567 
41 57  1.070663 -2.019348 
41 58  1.102090 -2.003768 
41 59  1.133411 -1.987823 
41 60  1.164629 -1.971509 
41 61  1.195748 -1.954821 
41 62  1.226772 -1.937756 
41 63  1.257703 -1.920309 
41 64  1.288545 -1.902474 
41 65  1.319301 -1.884247 
41 66  1.349975 -1.865621 
41 67  1.380570 -1.846591 
41 68  1.411088 -1.827150 
41 69  1.441534 -1.807292 
41 70  1.471911 -1.787009 
41 71  1.502220 -1.766294 
41 72  1.532466 -1.745139 
41 73  1.562652 -1.723535 
41 74  1.592781 -1.701474 
41 75  1.622855 -1.678947 
41 76  1.652877 -1.655943 
41 77  1.682852 -1.632452 
41 78  1.712780 -1.608464 
41 79  1.742667 -1.583967 
41 80  1.772514 -1.558948 
41 81  1.802325 -1.533395 
41 82  1.832102 -1.507296 
41 83  1.861848 -1.480634 
41 84  1.891568 -1.453396 
41 85  1.921262 -1.425566 
41 86  1.950936 -1.397126 
41 87  1.980591 -1.368061 
41 88  2.010231 -1.338350 
41 89  2.039858 -1.307974 
41 90  2.069477 -1.276913 
41 91  2.099089 -1.245144 
41 92  2.128699 -1.212645 
41 93  2.158310 -1.179390 
41 94  2.187924 -1.145353 
41 95  2.217546 -1.110506 
41 96  2.247179 -1.074821 
41 97  2.276825 -1.038265 
41 98  2.306490 -1.000805 
41 99  2.336176 -0.962404 
41 100  2.365887 -0.923026 
42 0  -1.090101 -2.354817 
42 1  -1.040620 -2.362690 
42 2  -0.991845 -2.369872 
42 3  -0.943744 -2.376388 
42 4  -0.896291 -2.382262 
42 5  -0.849459 -2.387515 
42 6  -0.803223 -2.392167 
42 7  -0.757562 -2.396237 
42 8  -0.712451 -2.399743 
42 9  -0.667871 -2.402702 
42 10  -0.623803 -2.405130 
42 11  -0.580226 -2.407040 
42 12  -0.537123 -2.408446 
42 13  -0.494478 -2.409362 
42 14  -0.452275 -2.409799 
42 15  -0.410497 -2.409769 
42 16  -0.369131 -2.409282 
42 17  -0.328163 -2.408348 
42 18  -0.287578 -2.406977 
42 19  -0.247366 -2.405177 
42 20  -0.207512 -2.402956 
42 21  -0.168006 -2.400322 
42 22  -0.128836 -2.397282 
42 23  -0.089993 -2.393843 
42 24  -0.051464 -2.390011 
42 25  -0.013241 -2.385791 
42 26  0.024685 -2.381190 
42 27  0.062325 -2.376212 
42 28  0.099687 -2.370862 
42 29  0.136779 -2.365144 
42 30  0.173609 -2.359061 
42 31  0.210186 -2.352619 
42 32  0.246517 -2.345819 
42 33  0.282609 -2.338665 
42 34  0.318469 -2.331160 
42 35  0.354105 -2.323305 
42 36  0.389523 -2.315103 
42 37  0.424729 -2.306556 
42 38  0.459730 -2.297666 
42 39  0.494531 -2.288433 
42 40  0.529139 -2.278859 
42 41  0.563559 -2.268944 
42 42  0.597797 -2.258689 
42 43  0.631858 -2.248095 
42 44  0.665748 -2.237161 
42 45  0.699471 -2.225887 
42 46  0.733032 -2.214272 
42 47  0.766437 -2.202317 
42 48  0.799690 -2.190020 
42 49  0.832795 -2.177380 
42 50  0.865758 -2.164396 
42 51  0.898583 -2.151065 
42 52  0.931273 -2.137387 
42 53  0.963833 -2.123359 
42 54  0.996268 -2.108978 
42 55  1.028581 -2.094242 
42 56  1.060776 -2.079149 
42 57  1.092858 -2.063695 
42 58  1.124829 -2.047876 
42 59  1.156695 -2.031690 
42 60  1.188457 -2.015131 
42 61  1.220121 -1.998197 
42 62  1.251690 -1.980882 
42 63  1.283166 -1.963181 
42 64  1.314555 -1.945090 
42 65  1.345858 -1.926604 
42 66  1.377081 -1.907715 
42 67  1.408225 -1.888419 
42 68  1.439294 -1.868708 
42 69  1.470292 -1.848576 
42 70  1.501222 -1.828016 
42 71  1.532087 -1.807020 
42 72  1.562890 -1.785580 
42 73  1.593635 -1.763688 
42 74  1.624324 -1.741334 
42 75  1.654962 -1.718510 
42 76  1.685550 -1.695205 
42 77  1.716093 -1.671408 
42 78  1.746593 -1.647110 
42 79  1.777054 -1.622298 
42 80  1.807478 -1.596960 
42 81  1.837869 -1.571083 
42 82  1.868230 -1.544653 
42 83  1.898565 -1.517657 
42 84  1.928876 -1.490079 
42 85  1.959166 -1.461903 
42 86  1.989440 -1.433113 
42 87  2.019700 -1.403691 
42 88  2.049949 -1.373617 
42 89  2.080191 -1.342873 
42 90  2.110429 -1.311437 
42 91  2.140667 -1.279287 
42 92  2.170908 -1.246400 
42 93  2.201156 -1.212750 
42 94  2.231415 -1.178311 
42 95  2.261687 -1.143056 
42 96  2.291977 -1.106955 
42 97  2.322289 -1.069975 
42 98  2.352627 -1.032084 
42 99  2.382994 -0.993244 
42 100  2.413395 -0.953419 
43 0  -1.104371 -2.411052 
43 1  -1.054044 -2.418773 
43 2  -1.004434 -2.425803 
43 3  -0.955512 -2.432166 
43 4  -0.907249 -2.437886 
43 5  -0.859618 -2.442985 
43 6  -0.812596 -2.447482 
43 7  -0.766157 -2.451397 
43 8  -0.720280 -2.454747 
43 9  -0.674943 -2.457549 
43 10  -0.630127 -2.459818 
43 11  -0.585812 -2.461569 
43 12  -0.541980 -2.462815 
43 13  -0.498614 -2.463569 
43 14  -0.455697 -2.463844 
43 15  -0.413214 -2.463650 
43 16  -0.371150 -2.462998 
43 17  -0.329491 -2.461898 
43 18  -0.288223 -2.460359 
43 19  -0.247333 -2.458390 
43 20  -0.206809 -2.455999 
43 21  -0.166638 -2.453194 
43 22  -0.126810 -2.449981 
43 23  -0.087314 -2.446367 
43 24  -0.048138 -2.442359 
43 25  -0.009273 -2.437962 
43 26  0.029291 -2.433182 
43 27  0.067563 -2.428024 
43 28  0.105553 -2.422491 
43 29  0.143268 -2.416589 
43 30  0.180717 -2.410322 
43 31  0.217909 -2.403692 
43 32  0.254851 -2.396703 
43 33  0.291551 -2.389359 
43 34  0.328015 -2.381661 
43 35  0.364252 -2.373612 
43 36  0.400267 -2.365214 
43 37  0.436068 -2.356470 
43 38  0.471660 -2.347379 
43 39  0.507050 -2.337945 
43 40  0.542244 -2.328167 
43 41  0.577248 -2.318046 
43 42  0.612068 -2.307583 
43 43  0.646709 -2.296779 
43 44  0.681176 -2.285633 
43 45  0.715475 -2.274144 
43 46  0.749610 -2.262314 
43 47  0.783588 -2.250139 
43 48  0.817412 -2.237621 
43 49  0.851087 -2.224758 
43 50  0.884619 -2.211547 
43 51  0.918011 -2.197988 
43 52  0.951268 -2.184079 
43 53  0.984395 -2.169817 
43 54  1.017395 -2.155200 
43 55  1.050273 -2.140225 
43 56  1.083033 -2.124890 
43 57  1.115679 -2.109191 
43 58  1.148215 -2.093125 
43 59  1.180645 -2.076687 
43 60  1.212973 -2.059875 
43 61  1.245201 -2.042684 
43 62  1.277336 -2.025109 
43 63  1.309378 -2.007145 
43 64  1.341334 -1.988788 
43 65  1.373205 -1.970031 
43 66  1.404996 -1.950869 
43 67  1.436711 -1.931295 
43 68  1.468351 -1.911303 
43 69  1.499922 -1.890887 
43 70  1.531426 -1.870038 
43 71  1.562868 -1.848749 
43 72  1.594249 -1.827013 
43 73  1.625574 -1.804819 
43 74  1.656846 -1.782160 
43 75  1.688068 -1.759026 
43 76  1.719244 -1.735406 
43 77  1.750377 -1.711291 
43 78  1.781470 -1.686669 
43 79  1.812527 -1.661528 
43 80  1.843551 -1.635855 
43 81  1.874545 -1.609639 
43 82  1.905513 -1.582865 
43 83  1.936458 -1.555519 
43 84  1.967383 -1.527585 
43 85  1.998293 -1.499047 
43 86  2.029190 -1.469889 
43 87  2.060078 -1.440092 
43 88  2.090961 -1.409638 
43 89  2.121842 -1.378507 
43 90  2.152725 -1.346677 
43 91  2.183613 -1.314126 
43 92  2.214511 -1.280831 
43 93  2.245422 -1.246765 
43 94  2.276350 -1.211904 
43 95  2.307299 -1.176218 
43 96  2.338274 -1.139677 
43 97  2.369278 -1.102250 
43 98  2.400316 -1.063902 
43 99  2.431393 -1.024598 
43 100  2.462512 -0.984299 
44 0  -1.119514 -2.468852 
44 1  -1.068298 -2.476419 
44 2  -1.017814 -2.483295 
44 3  -0.968031 -2.489504 
44 4  -0.918920 -2.495068 
44 5  -0.870454 -2.500011 
44 6  -0.822607 -2.504351 
44 7  -0.775356 -2.508107 
44 8  -0.728678 -2.511298 
44 9  -0.682550 -2.513939 
44 10  -0.636953 -2.516046 
44 11  -0.591867 -2.517634 
44 12  -0.547273 -2.518716 
44 13  -0.503155 -2.519305 
44 14  -0.459494 -2.519413 
44 15  -0.416275 -2.519050 
44 16  -0.373484 -2.518229 
44 17  -0.331105 -2.516958 
44 18  -0.289124 -2.515247 
44 19  -0.247529 -2.513104 
44 20  -0.206306 -2.510537 
44 21  -0.165443 -2.507555 
44 22  -0.124930 -2.504163 
44 23  -0.084753 -2.500370 
44 24  -0.044904 -2.496180 
44 25  -0.005370 -2.491600 
44 26  0.033856 -2.486635 
44 27  0.072786 -2.481290 
44 28  0.111429 -2.475569 
44 29  0.149792 -2.469477 
44 30  0.187885 -2.463017 
44 31  0.225717 -2.456194 
44 32  0.263294 -2.449010 
44 33  0.300625 -2.441468 
44 34  0.337717 -2.433571 
44 35  0.374578 -2.425321 
44 36  0.411214 -2.416720 
44 37  0.447632 -2.407771 
44 38  0.483839 -2.398473 
44 39  0.519840 -2.388829 
44 40  0.555644 -2.378840 
44 41  0.591254 -2.368506 
44 42  0.626678 -2.357828 
44 43  0.661920 -2.346806 
44 44  0.696987 -2.335440 
44 45  0.731884 -2.323729 
44 46  0.766615 -2.311673 
44 47  0.801187 -2.299272 
44 48  0.835604 -2.286524 
44 49  0.869871 -2.273429 
44 50  0.903993 -2.259984 
44 51  0.937975 -2.246187 
44 52  0.971821 -2.232038 
44 53  1.005535 -2.217533 
44 54  1.039122 -2.202671 
44 55  1.072587 -2.187448 
44 56  1.105933 -2.171861 
44 57  1.139165 -2.155908 
44 58  1.172287 -2.139584 
44 59  1.205303 -2.122887 
44 60  1.238217 -2.105811 
44 61  1.271032 -2.088353 
44 62  1.303754 -2.070507 
44 63  1.336384 -2.052270 
44 64  1.368928 -2.033635 
44 65  1.401389 -2.014597 
44 66  1.433771 -1.995150 
44 67  1.466077 -1.975287 
44 68  1.498311 -1.955003 
44 69  1.530477 -1.934290 
44 70  1.562578 -1.913140 
44 71  1.594617 -1.891547 
44 72  1.626599 -1.869501 
44 73  1.658527 -1.846993 
44 74  1.690404 -1.824016 
44 75  1.722234 -1.800558 
44 76  1.754020 -1.776611 
44 77  1.785766 -1.752162 
44 78  1.817475 -1.727201 
44 79  1.849152 -1.701716 
44 80  1.880799 -1.675695 
44 81  1.912420 -1.649124 
44 82  1.944019 -1.621989 
44 83  1.975599 -1.594277 
44 84  2.007164 -1.565970 
44 85  2.038717 -1.537053 
44 86  2.070263 -1.507510 
44 87  2.101805 -1.477321 
44 88  2.133347 -1.446468 
44 89  2.164892 -1.414930 
44 90  2.196446 -1.382686 
44 91  2.228011 -1.349714 
44 92  2.259592 -1.315990 
44 93  2.291194 -1.281487 
44 94  2.322819 -1.246180 
44 95  2.354474 -1.210040 
44 96  2.386161 -1.173036 
44 97  2.417887 -1.135137 
44 98  2.449655 -1.096307 
44 99  2.481471 -1.056512 
44 100  2.513339 -1.015711 
45 0  -1.135573 -2.528325 
45 1  -1.083426 -2.535737 
45 2  -1.032025 -2.542457 
45 3  -0.981340 -2.548508 
45 4  -0.931341 -2.553915 
45 5  -0.881999 -2.558698 
45 6  -0.833291 -2.562877 
45 7  -0.785190 -2.566471 
45 8  -0.737673 -2.569498 
45 9  -0.690719 -2.571975 
45 10  -0.644306 -2.573916 
45 11  -0.598414 -2.575337 
45 12  -0.553025 -2.576250 
45 13  -0.508120 -2.576668 
45 14  -0.463683 -2.576604 
45 15  -0.419697 -2.576069 
45 16  -0.376147 -2.575072 
45 17  -0.333017 -2.573625 
45 18  -0.290293 -2.571736 
45 19  -0.247962 -2.569413 
45 20  -0.206011 -2.566665 
45 21  -0.164428 -2.563500 
45 22  -0.123199 -2.559924 
45 23  -0.082315 -2.555944 
45 24  -0.041764 -2.551566 
45 25  -0.001535 -2.546797 
45 26  0.038382 -2.541640 
45 27  0.077997 -2.536102 
45 28  0.117319 -2.530186 
45 29  0.156357 -2.523897 
45 30  0.195120 -2.517239 
45 31  0.233616 -2.510215 
45 32  0.271854 -2.502828 
45 33  0.309842 -2.495082 
45 34  0.347587 -2.486978 
45 35  0.385096 -2.478520 
45 36  0.422377 -2.469709 
45 37  0.459437 -2.460546 
45 38  0.496283 -2.451034 
45 39  0.532921 -2.441173 
45 40  0.569357 -2.430965 
45 41  0.605597 -2.420410 
45 42  0.641649 -2.409508 
45 43  0.677516 -2.398260 
45 44  0.713206 -2.386665 
45 45  0.748724 -2.374723 
45 46  0.784075 -2.362435 
45 47  0.819264 -2.349798 
45 48  0.854297 -2.336811 
45 49  0.889179 -2.323474 
45 50  0.923914 -2.309786 
45 51  0.958508 -2.295743 
45 52  0.992965 -2.281344 
45 53  1.027290 -2.266587 
45 54  1.061487 -2.251470 
45 55  1.095561 -2.235989 
45 56  1.129516 -2.220141 
45 57  1.163357 -2.203923 
45 58  1.197087 -2.187332 
45 59  1.230712 -2.170364 
45 60  1.264235 -2.153014 
45 61  1.297660 -2.135278 
45 62  1.330991 -2.117151 
45 63  1.364232 -2.098628 
45 64  1.397388 -2.079704 
45 65  1.430461 -2.060374 
45 66  1.463457 -2.040630 
45 67  1.496378 -2.020467 
45 68  1.529229 -1.999878 
45 69  1.562012 -1.978856 
45 70  1.594733 -1.957393 
45 71  1.627395 -1.935482 
45 72  1.660001 -1.913113 
45 73  1.692555 -1.890278 
45 74  1.725061 -1.866969 
45 75  1.757523 -1.843174 
45 76  1.789944 -1.818884 
45 77  1.822328 -1.794087 
45 78  1.854678 -1.768773 
45 79  1.886999 -1.742929 
45 80  1.919295 -1.716543 
45 81  1.951568 -1.689601 
45 82  1.983823 -1.662089 
45 83  2.016064 -1.633993 
45 84  2.048294 -1.605296 
45 85  2.080518 -1.575983 
45 86  2.112739 -1.546035 
45 87  2.144962 -1.515435 
45 88  2.177190 -1.484164 
45 89  2.209429 -1.452199 
45 90  2.241681 -1.419522 
45 91  2.273952 -1.386107 
45 92  2.306245 -1.351931 
45 93  2.338566 -1.316969 
45 94  2.370919 -1.281193 
45 95  2.403308 -1.244574 
45 96  2.435740 -1.207083 
45 97  2.468217 -1.168685 
45 98  2.500747 -1.129348 
45 99  2.533334 -1.089033 
45 100  2.565984 -1.047702 
46 0  -1.152601 -2.589589 
46 1  -1.099476 -2.596844 
46 2  -1.047114 -2.603404 
46 3  -0.995482 -2.609295 
46 4  -0.944552 -2.614540 
46 5  -0.894294 -2.619159 
46 6  -0.844683 -2.623173 
46 7  -0.795692 -2.626602 
46 8  -0.747298 -2.629461 
46 9  -0.699479 -2.631768 
46 10  -0.652213 -2.633538 
46 11  -0.605479 -2.634786 
46 12  -0.559259 -2.635525 
46 13  -0.513533 -2.635768 
46 14  -0.468285 -2.635526 
46 15  -0.423497 -2.634812 
46 16  -0.379154 -2.633634 
46 17  -0.335240 -2.632004 
46 18  -0.291741 -2.629931 
46 19  -0.248644 -2.627422 
46 20  -0.205933 -2.624487 
46 21  -0.163598 -2.621132 
46 22  -0.121625 -2.617365 
46 23  -0.080003 -2.613192 
46 24  -0.038720 -2.608619 
46 25  0.002234 -2.603653 
46 26  0.042870 -2.598298 
46 27  0.083198 -2.592559 
46 28  0.123227 -2.586441 
46 29  0.162967 -2.579948 
46 30  0.202427 -2.573083 
46 31  0.241616 -2.565851 
46 32  0.280542 -2.558254 
46 33  0.319213 -2.550296 
46 34  0.357637 -2.541978 
46 35  0.395821 -2.533303 
46 36  0.433774 -2.524273 
46 37  0.471502 -2.514890 
46 38  0.509012 -2.505154 
46 39  0.546310 -2.495068 
46 40  0.583405 -2.484632 
46 41  0.620301 -2.473847 
46 42  0.657004 -2.462713 
46 43  0.693522 -2.451230 
46 44  0.729860 -2.439398 
46 45  0.766024 -2.427217 
46 46  0.802018 -2.414685 
46 47  0.837850 -2.401803 
46 48  0.873523 -2.388569 
46 49  0.909043 -2.374982 
46 50  0.944416 -2.361040 
46 51  0.979646 -2.346741 
46 52  1.014738 -2.332083 
46 53  1.049697 -2.317064 
46 54  1.084528 -2.301681 
46 55  1.119236 -2.285932 
46 56  1.153824 -2.269812 
46 57  1.188297 -2.253320 
46 58  1.222661 -2.236450 
46 59  1.256918 -2.219200 
46 60  1.291074 -2.201564 
46 61  1.325133 -2.183539 
46 62  1.359098 -2.165120 
46 63  1.392974 -2.146300 
46 64  1.426766 -2.127076 
46 65  1.460476 -2.107441 
46 66  1.494110 -2.087388 
46 67  1.527671 -2.066912 
46 68  1.561162 -2.046006 
46 69  1.594589 -2.024662 
46 70  1.627955 -2.002872 
46 71  1.661264 -1.980629 
46 72  1.694519 -1.957924 
46 73  1.727725 -1.934748 
46 74  1.760886 -1.911091 
46 75  1.794005 -1.886945 
46 76  1.827087 -1.862297 
46 77  1.860134 -1.837137 
46 78  1.893152 -1.811454 
46 79  1.926145 -1.785235 
46 80  1.959115 -1.758467 
46 81  1.992068 -1.731138 
46 82  2.025006 -1.703232 
46 83  2.057936 -1.674734 
46 84  2.090859 -1.645629 
46 85  2.123782 -1.615900 
46 86  2.156707 -1.585530 
46 87  2.189639 -1.554499 
46 88  2.222584 -1.522788 
46 89  2.255544 -1.490377 
46 90  2.288525 -1.457243 
46 91  2.321532 -1.423364 
46 92  2.354568 -1.388714 
46 93  2.387640 -1.353269 
46 94  2.420752 -1.317000 
46 95  2.453909 -1.279878 
46 96  2.487117 -1.241872 
46 97  2.520381 -1.202950 
46 98  2.553706 -1.163076 
46 99  2.587099 -1.122214 
46 100  2.620566 -1.080323 
47 0  -1.170652 -2.652771 
47 1  -1.116501 -2.659864 
47 2  -1.063129 -2.666262 
47 3  -1.010505 -2.671988 
47 4  -0.958598 -2.677066 
47 5  -0.907380 -2.681517 
47 6  -0.856822 -2.685362 
47 7  -0.806899 -2.688619 
47 8  -0.757587 -2.691305 
47 9  -0.708863 -2.693437 
47 10  -0.660703 -2.695030 
47 11  -0.613089 -2.696100 
47 12  -0.565999 -2.696658 
47 13  -0.519415 -2.696719 
47 14  -0.473319 -2.696293 
47 15  -0.427694 -2.695393 
47 16  -0.382523 -2.694029 
47 17  -0.337791 -2.692209 
47 18  -0.293483 -2.689945 
47 19  -0.249585 -2.687243 
47 20  -0.206082 -2.684113 
47 21  -0.162962 -2.680561 
47 22  -0.120212 -2.676596 
47 23  -0.077821 -2.672222 
47 24  -0.035775 -2.667447 
47 25  0.005934 -2.662277 
47 26  0.047320 -2.656715 
47 27  0.088390 -2.650768 
47 28  0.129157 -2.644440 
47 29  0.169629 -2.637734 
47 30  0.209815 -2.630655 
47 31  0.249725 -2.623207 
47 32  0.289367 -2.615391 
47 33  0.328750 -2.607212 
47 34  0.367881 -2.598671 
47 35  0.406768 -2.589771 
47 36  0.445420 -2.580514 
47 37  0.483843 -2.570901 
47 38  0.522044 -2.560934 
47 39  0.560031 -2.550614 
47 40  0.597810 -2.539941 
47 41  0.635388 -2.528917 
47 42  0.672771 -2.517541 
47 43  0.709965 -2.505814 
47 44  0.746977 -2.493735 
47 45  0.783812 -2.481305 
47 46  0.820476 -2.468521 
47 47  0.856976 -2.455384 
47 48  0.893315 -2.441893 
47 49  0.929500 -2.428045 
47 50  0.965536 -2.413839 
47 51  1.001428 -2.399274 
47 52  1.037181 -2.384346 
47 53  1.072800 -2.369055 
47 54  1.108290 -2.353396 
47 55  1.143656 -2.337367 
47 56  1.178903 -2.320965 
47 57  1.214035 -2.304186 
47 58  1.249056 -2.287027 
47 59  1.283972 -2.269483 
47 60  1.318787 -2.251551 
47 61  1.353504 -2.233224 
47 62  1.388130 -2.214500 
47 63  1.422667 -2.195372 
47 64  1.457120 -2.175834 
47 65  1.491493 -2.155882 
47 66  1.525791 -2.135507 
47 67  1.560017 -2.114705 
47 68  1.594177 -2.093468 
47 69  1.628273 -2.071788 
47 70  1.662310 -2.049658 
47 71  1.696292 -2.027069 
47 72  1.730224 -2.004013 
47 73  1.764109 -1.980481 
47 74  1.797952 -1.956462 
47 75  1.831756 -1.931948 
47 76  1.865525 -1.906927 
47 77  1.899265 -1.881388 
47 78  1.932978 -1.855319 
47 79  1.966670 -1.828709 
47 80  2.000344 -1.801542 
47 81  2.034005 -1.773807 
47 82  2.067657 -1.745489 
47 83  2.101304 -1.716571 
47 84  2.134950 -1.687039 
47 85  2.168601 -1.656875 
47 86  2.202261 -1.626061 
47 87  2.235934 -1.594579 
47 88  2.269626 -1.562408 
47 89  2.303340 -1.529528 
47 90  2.337082 -1.495916 
47 91  2.370857 -1.461549 
47 92  2.404670 -1.426402 
47 93  2.438526 -1.390448 
47 94  2.472431 -1.353661 
47 95  2.506391 -1.316009 
47 96  2.540410 -1.277463 
47 97  2.574495 -1.237988 
47 98  2.608653 -1.197549 
47 99  2.642889 -1.156108 
47 100  2.677211 -1.113626 
48 0  -1.189787 -2.718007 
48 1  -1.134557 -2.724935 
48 2  -1.080125 -2.731164 
48 3  -1.026459 -2.736721 
48 4  -0.973528 -2.741627 
48 5  -0.921302 -2.745905 
48 6  -0.869752 -2.749574 
48 7  -0.818852 -2.752653 
48 8  -0.768578 -2.755159 
48 9  -0.718905 -2.757110 
48 10  -0.669811 -2.758520 
48 11  -0.621274 -2.759404 
48 12  -0.573275 -2.759776 
48 13  -0.525793 -2.759647 
48 14  -0.478811 -2.759031 
48 15  -0.432310 -2.757938 
48 16  -0.386274 -2.756378 
48 17  -0.340687 -2.754362 
48 18  -0.295533 -2.751898 
48 19  -0.250798 -2.748996 
48 20  -0.206468 -2.745663 
48 21  -0.162529 -2.741907 
48 22  -0.118968 -2.737735 
48 23  -0.075774 -2.733153 
48 24  -0.032933 -2.728167 
48 25  0.009565 -2.722784 
48 26  0.051732 -2.717008 
48 27  0.093578 -2.710844 
48 28  0.135114 -2.704297 
48 29  0.176348 -2.697370 
48 30  0.217292 -2.690068 
48 31  0.257953 -2.682394 
48 32  0.298342 -2.674351 
48 33  0.338466 -2.665942 
48 34  0.378334 -2.657170 
48 35  0.417953 -2.648036 
48 36  0.457333 -2.638542 
48 37  0.496480 -2.628690 
48 38  0.535401 -2.618481 
48 39  0.574105 -2.607917 
48 40  0.612597 -2.596998 
48 41  0.650885 -2.585725 
48 42  0.688975 -2.574098 
48 43  0.726874 -2.562116 
48 44  0.764588 -2.549781 
48 45  0.802122 -2.537091 
48 46  0.839484 -2.524045 
48 47  0.876678 -2.510643 
48 48  0.913711 -2.496883 
48 49  0.950587 -2.482764 
48 50  0.987313 -2.468284 
48 51  1.023895 -2.453441 
48 52  1.060336 -2.438233 
48 53  1.096642 -2.422657 
48 54  1.132819 -2.406711 
48 55  1.168871 -2.390391 
48 56  1.204803 -2.373695 
48 57  1.240620 -2.356618 
48 58  1.276327 -2.339157 
48 59  1.311928 -2.321308 
48 60  1.347428 -2.303066 
48 61  1.382832 -2.284426 
48 62  1.418145 -2.265384 
48 63  1.453370 -2.245934 
48 64  1.488512 -2.226070 
48 65  1.523575 -2.205787 
48 66  1.558565 -2.185077 
48 67  1.593485 -2.163935 
48 68  1.628340 -2.142352 
48 69  1.663133 -2.120322 
48 70  1.697870 -2.097837 
48 71  1.732555 -2.074888 
48 72  1.767191 -2.051466 
48 73  1.801784 -2.027562 
48 74  1.836337 -2.003166 
48 75  1.870855 -1.978268 
48 76  1.905343 -1.952857 
48 77  1.939803 -1.926922 
48 78  1.974242 -1.900450 
48 79  2.008664 -1.873430 
48 80  2.043072 -1.845847 
48 81  2.077472 -1.817688 
48 82  2.111868 -1.788938 
48 83  2.146264 -1.759582 
48 84  2.180666 -1.729602 
48 85  2.215078 -1.698983 
48 86  2.249505 -1.667705 
48 87  2.283952 -1.635749 
48 88  2.318423 -1.603096 
48 89  2.352926 -1.569724 
48 90  2.387463 -1.535611 
48 91  2.422041 -1.500731 
48 92  2.456666 -1.465062 
48 93  2.491343 -1.428575 
48 94  2.526078 -1.391242 
48 95  2.560877 -1.353033 
48 96  2.595746 -1.313917 
48 97  2.630692 -1.273860 
48 98  2.665721 -1.232826 
48 99  2.700841 -1.190776 
48 100  2.736058 -1.147669 
49 0  -1.210072 -2.785447 
49 1  -1.153707 -2.792202 
49 2  -1.098161 -2.798258 
49 3  -1.043401 -2.803639 
49 4  -0.989394 -2.808367 
49 5  -0.936109 -2.812464 
49 6  -0.883519 -2.815951 
49 7  -0.831594 -2.818845 
49 8  -0.780311 -2.821165 
49 9  -0.729644 -2.822927 
49 10  -0.679570 -2.824146 
49 11  -0.630068 -2.824837 
49 12  -0.581116 -2.825014 
49 13  -0.532694 -2.824688 
49 14  -0.484784 -2.823873 
49 15  -0.437367 -2.822578 
49 16  -0.390426 -2.820816 
49 17  -0.343945 -2.818594 
49 18  -0.297907 -2.815924 
49 19  -0.252298 -2.812812 
49 20  -0.207103 -2.809268 
49 21  -0.162308 -2.805298 
49 22  -0.117900 -2.800910 
49 23  -0.073867 -2.796111 
49 24  -0.030195 -2.790906 
49 25  0.013126 -2.785300 
49 26  0.056109 -2.779300 
49 27  0.098764 -2.772910 
49 28  0.141101 -2.766135 
49 29  0.183132 -2.758978 
49 30  0.224865 -2.751444 
49 31  0.266311 -2.743535 
49 32  0.307478 -2.735255 
49 33  0.348375 -2.726606 
49 34  0.389011 -2.717592 
49 35  0.429394 -2.708213 
49 36  0.469533 -2.698473 
49 37  0.509435 -2.688372 
49 38  0.549107 -2.677912 
49 39  0.588557 -2.667094 
49 40  0.627793 -2.655918 
49 41  0.666821 -2.644386 
49 42  0.705648 -2.632496 
49 43  0.744280 -2.620250 
49 44  0.782725 -2.607647 
49 45  0.820988 -2.594686 
49 46  0.859076 -2.581367 
49 47  0.896995 -2.567689 
49 48  0.934750 -2.553649 
49 49  0.972347 -2.539248 
49 50  1.009793 -2.524482 
49 51  1.047092 -2.509350 
49 52  1.084250 -2.493849 
49 53  1.121272 -2.477978 
49 54  1.158163 -2.461732 
49 55  1.194930 -2.445110 
49 56  1.231576 -2.428107 
49 57  1.268107 -2.410719 
49 58  1.304528 -2.392944 
49 59  1.340844 -2.374776 
49 60  1.377059 -2.356212 
49 61  1.413178 -2.337245 
49 62  1.449207 -2.317872 
49 63  1.485149 -2.298086 
49 64  1.521009 -2.277882 
49 65  1.556793 -2.257254 
49 66  1.592504 -2.236195 
49 67  1.628147 -2.214698 
49 68  1.663726 -2.192755 
49 69  1.699247 -2.170360 
49 70  1.734714 -2.147504 
49 71  1.770131 -2.124179 
49 72  1.805502 -2.100375 
49 73  1.840833 -2.076083 
49 74  1.876128 -2.051293 
49 75  1.911392 -2.025994 
49 76  1.946628 -2.000176 
49 77  1.981842 -1.973827 
49 78  2.017038 -1.946935 
49 79  2.052222 -1.919486 
49 80  2.087397 -1.891468 
49 81  2.122569 -1.862865 
49 82  2.157742 -1.833664 
49 83  2.192921 -1.803848 
49 84  2.228112 -1.773400 
49 85  2.263320 -1.742304 
49 86  2.298549 -1.710540 
49 87  2.333805 -1.678088 
49 88  2.369093 -1.644930 
49 89  2.404420 -1.611042 
49 90  2.439790 -1.576402 
49 91  2.475209 -1.540986 
49 92  2.510684 -1.504767 
49 93  2.546220 -1.467719 
49 94  2.581824 -1.429813 
49 95  2.617503 -1.391019 
49 96  2.653262 -1.351304 
49 97  2.689110 -1.310634 
49 98  2.725053 -1.268972 
49 99  2.761100 -1.226280 
49 100  2.797257 -1.182515 
50 0  -1.231579 -2.855250 
50 1  -1.174020 -2.861827 
50 2  -1.117303 -2.867702 
50 3  -1.061392 -2.872899 
50 4  -1.006254 -2.877442 
50 5  -0.951858 -2.881351 
50 6  -0.898174 -2.884647 
50 7  -0.845174 -2.887349 
50 8  -0.792832 -2.889474 
50 9  -0.741122 -2.891038 
50 10  -0.690021 -2.892058 
50 11  -0.639507 -2.892548 
50 12  -0.589556 -2.892520 
50 13  -0.540150 -2.891989 
50 14  -0.491267 -2.890965 
50 15  -0.442891 -2.889461 
50 16  -0.395003 -2.887485 
50 17  -0.347585 -2.885050 
50 18  -0.300623 -2.882162 
50 19  -0.254099 -2.878832 
50 20  -0.208000 -2.875067 
50 21  -0.162310 -2.870874 
50 22  -0.117017 -2.866261 
50 23  -0.072107 -2.861234 
50 24  -0.027567 -2.855800 
50 25  0.016615 -2.849963 
50 26  0.060450 -2.843729 
50 27  0.103949 -2.837103 
50 28  0.147125 -2.830089 
50 29  0.189987 -2.822691 
50 30  0.232545 -2.814914 
50 31  0.274809 -2.806760 
50 32  0.316788 -2.798232 
50 33  0.358492 -2.789334 
50 34  0.399930 -2.780067 
50 35  0.441110 -2.770434 
50 36  0.482040 -2.760436 
50 37  0.522729 -2.750075 
50 38  0.563185 -2.739352 
50 39  0.603414 -2.728269 
50 40  0.643425 -2.716826 
50 41  0.683225 -2.705022 
50 42  0.722820 -2.692860 
50 43  0.762218 -2.680337 
50 44  0.801426 -2.667455 
50 45  0.840449 -2.654212 
50 46  0.879294 -2.640608 
50 47  0.917968 -2.626641 
50 48  0.956476 -2.612311 
50 49  0.994825 -2.597614 
50 50  1.033020 -2.582551 
50 51  1.071068 -2.567117 
50 52  1.108973 -2.551312 
50 53  1.146742 -2.535132 
50 54  1.184379 -2.518574 
50 55  1.221891 -2.501636 
50 56  1.259282 -2.484313 
50 57  1.296557 -2.466602 
50 58  1.333723 -2.448499 
50 59  1.370784 -2.429999 
50 60  1.407744 -2.411098 
50 61  1.444610 -2.391791 
50 62  1.481385 -2.372072 
50 63  1.518075 -2.351937 
50 64  1.554685 -2.331378 
50 65  1.591219 -2.310390 
50 66  1.627683 -2.288966 
50 67  1.664081 -2.267098 
50 68  1.700417 -2.244781 
50 69  1.736697 -2.222004 
50 70  1.772926 -2.198761 
50 71  1.809107 -2.175043 
50 72  1.845247 -2.150840 
50 73  1.881349 -2.126143 
50 74  1.917418 -2.100941 
50 75  1.953460 -2.075224 
50 76  1.989479 -2.048981 
50 77  2.025480 -2.022199 
50 78  2.061468 -1.994867 
50 79  2.097448 -1.966971 
50 80  2.133425 -1.938497 
50 81  2.169404 -1.909431 
50 82  2.205390 -1.879757 
50 83  2.241389 -1.849460 
50 84  2.277406 -1.818522 
50 85  2.313446 -1.786926 
50 86  2.349515 -1.754652 
50 87  2.385618 -1.721682 
50 88  2.421761 -1.687993 
50 89  2.457951 -1.653564 
50 90  2.494194 -1.618372 
50 91  2.530494 -1.582392 
50 92  2.566860 -1.545597 
50 93  2.603298 -1.507960 
50 94  2.639814 -1.469452 
50 95  2.676415 -1.430042 
50 96  2.713109 -1.389696 
50 97  2.749904 -1.348381 
50 98  2.786807 -1.306058 
50 99  2.823826 -1.262688 
50 100  2.860971 -1.218230 
51 0  -1.254388 -2.927592 
51 1  -1.195572 -2.933983 
51 2  -1.137621 -2.939668 
51 3  -1.080499 -2.944674 
51 4  -1.024172 -2.949022 
51 5  -0.968607 -2.952734 
51 6  -0.913774 -2.955830 
51 7  -0.859644 -2.958330 
51 8  -0.806190 -2.960251 
51 9  -0.753386 -2.961609 
51 10  -0.701207 -2.962419 
51 11  -0.649629 -2.962697 
51 12  -0.598632 -2.962456 
51 13  -0.548193 -2.961709 
51 14  -0.498292 -2.960467 
51 15  -0.448910 -2.958742 
51 16  -0.400029 -2.956544 
51 17  -0.351631 -2.953884 
51 18  -0.303700 -2.950769 
51 19  -0.256219 -2.947210 
51 20  -0.209173 -2.943213 
51 21  -0.162547 -2.938787 
51 22  -0.116327 -2.933938 
51 23  -0.070500 -2.928673 
51 24  -0.025052 -2.922998 
51 25  0.020029 -2.916918 
51 26  0.064755 -2.910440 
51 27  0.109138 -2.903566 
51 28  0.153189 -2.896303 
51 29  0.196920 -2.888654 
51 30  0.240339 -2.880622 
51 31  0.283458 -2.872212 
51 32  0.326287 -2.863425 
51 33  0.368834 -2.854265 
51 34  0.411109 -2.844735 
51 35  0.453121 -2.834835 
51 36  0.494878 -2.824568 
51 37  0.536389 -2.813936 
51 38  0.577662 -2.802939 
51 39  0.618705 -2.791578 
51 40  0.659525 -2.779855 
51 41  0.700130 -2.767770 
51 42  0.740528 -2.755321 
51 43  0.780724 -2.742511 
51 44  0.820727 -2.729337 
51 45  0.860544 -2.715800 
51 46  0.900179 -2.701898 
51 47  0.939641 -2.687630 
51 48  0.978936 -2.672995 
51 49  1.018069 -2.657992 
51 50  1.057047 -2.642617 
51 51  1.095875 -2.626869 
51 52  1.134561 -2.610746 
51 53  1.173108 -2.594244 
51 54  1.211524 -2.577360 
51 55  1.249813 -2.560092 
51 56  1.287982 -2.542435 
51 57  1.326035 -2.524387 
51 58  1.363978 -2.505941 
51 59  1.401816 -2.487095 
51 60  1.439555 -2.467843 
51 61  1.477199 -2.448181 
51 62  1.514754 -2.428102 
51 63  1.552226 -2.407601 
51 64  1.589618 -2.386672 
51 65  1.626937 -2.365308 
51 66  1.664186 -2.343503 
51 67  1.701372 -2.321250 
51 68  1.738500 -2.298540 
51 69  1.775573 -2.275366 
51 70  1.812597 -2.251719 
51 71  1.849578 -2.227590 
51 72  1.886520 -2.202971 
51 73  1.923428 -2.177850 
51 74  1.960308 -2.152218 
51 75  1.997164 -2.126064 
51 76  2.034002 -2.099376 
51 77  2.070826 -2.072143 
51 78  2.107642 -2.044350 
51 79  2.144456 -2.015986 
51 80  2.181272 -1.987035 
51 81  2.218096 -1.957484 
51 82  2.254934 -1.927316 
51 83  2.291791 -1.896515 
51 84  2.328672 -1.865064 
51 85  2.365585 -1.832944 
51 86  2.402533 -1.800137 
51 87  2.439525 -1.766622 
51 88  2.476565 -1.732378 
51 89  2.513661 -1.697381 
51 90  2.550818 -1.661609 
51 91  2.588044 -1.625037 
51 92  2.625345 -1.587637 
51 93  2.662729 -1.549381 
51 94  2.700202 -1.510240 
51 95  2.737773 -1.470182 
51 96  2.775450 -1.429173 
51 97  2.813240 -1.387178 
51 98  2.851152 -1.344159 
51 99  2.889195 -1.300076 
51 100  2.927379 -1.254885 
52 0  -1.278586 -3.002665 
52 1  -1.218445 -3.008859 
52 2  -1.159194 -3.014346 
52 3  -1.100797 -3.019149 
52 4  -1.043217 -3.023292 
52 5  -0.986423 -3.026797 
52 6  -0.930381 -3.029684 
52 7  -0.875063 -3.031971 
52 8  -0.820440 -3.033676 
52 9  -0.766485 -3.034817 
52 10  -0.713173 -3.035407 
52 11  -0.660480 -3.035463 
52 12  -0.608383 -3.034997 
52 13  -0.556860 -3.034023 
52 14  -0.505890 -3.032551 
52 15  -0.455454 -3.030595 
52 16  -0.405532 -3.028163 
52 17  -0.356107 -3.025266 
52 18  -0.307160 -3.021913 
52 19  -0.258675 -3.018112 
52 20  -0.210638 -3.013873 
52 21  -0.163031 -3.009201 
52 22  -0.115841 -3.004104 
52 23  -0.069054 -2.998589 
52 24  -0.022655 -2.992662 
52 25  0.023367 -2.986328 
52 26  0.069026 -2.979593 
52 27  0.114333 -2.972460 
52 28  0.159300 -2.964936 
52 29  0.203939 -2.957023 
52 30  0.248259 -2.948725 
52 31  0.292272 -2.940045 
52 32  0.335988 -2.930988 
52 33  0.379417 -2.921554 
52 34  0.422567 -2.911747 
52 35  0.465448 -2.901568 
52 36  0.508070 -2.891020 
52 37  0.550440 -2.880104 
52 38  0.592567 -2.868820 
52 39  0.634460 -2.857170 
52 40  0.676125 -2.845154 
52 41  0.717572 -2.832773 
52 42  0.758808 -2.820026 
52 43  0.799839 -2.806914 
52 44  0.840673 -2.793436 
52 45  0.881318 -2.779591 
52 46  0.921779 -2.765378 
52 47  0.962064 -2.750796 
52 48  1.002180 -2.735843 
52 49  1.042132 -2.720518 
52 50  1.081927 -2.704819 
52 51  1.121572 -2.688742 
52 52  1.161072 -2.672286 
52 53  1.200433 -2.655448 
52 54  1.239662 -2.638225 
52 55  1.278763 -2.620612 
52 56  1.317744 -2.602607 
52 57  1.356609 -2.584206 
52 58  1.395364 -2.565404 
52 59  1.434015 -2.546196 
52 60  1.472567 -2.526577 
52 61  1.511026 -2.506543 
52 62  1.549396 -2.486088 
52 63  1.587684 -2.465206 
52 64  1.625894 -2.443890 
52 65  1.664033 -2.422135 
52 66  1.702105 -2.399932 
52 67  1.740115 -2.377275 
52 68  1.778069 -2.354155 
52 69  1.815972 -2.330566 
52 70  1.853829 -2.306497 
52 71  1.891646 -2.281940 
52 72  1.929428 -2.256885 
52 73  1.967180 -2.231322 
52 74  2.004907 -2.205240 
52 75  2.042616 -2.178629 
52 76  2.080310 -2.151476 
52 77  2.117997 -2.123769 
52 78  2.155681 -2.095496 
52 79  2.193368 -2.066641 
52 80  2.231063 -2.037192 
52 81  2.268773 -2.007133 
52 82  2.306504 -1.976447 
52 83  2.344260 -1.945119 
52 84  2.382049 -1.913130 
52 85  2.419877 -1.880462 
52 86  2.457749 -1.847096 
52 87  2.495673 -1.813009 
52 88  2.533655 -1.778182 
52 89  2.571702 -1.742590 
52 90  2.609820 -1.706210 
52 91  2.648018 -1.669016 
52 92  2.686302 -1.630980 
52 93  2.724681 -1.592074 
52 94  2.763161 -1.552267 
52 95  2.801752 -1.511527 
52 96  2.840463 -1.469820 
52 97  2.879301 -1.427110 
52 98  2.918276 -1.383358 
52 99  2.957397 -1.338522 
52 100  2.996676 -1.292560 
53 0  -1.304269 -3.080677 
53 1  -1.242730 -3.086664 
53 2  -1.182108 -3.091940 
53 3  -1.122366 -3.096530 
53 4  -1.063467 -3.100457 
53 5  -1.005377 -3.103742 
53 6  -0.948062 -3.106407 
53 7  -0.891493 -3.108469 
53 8  -0.835640 -3.109948 
53 9  -0.780475 -3.110858 
53 10  -0.725972 -3.111216 
53 11  -0.672107 -3.111037 
53 12  -0.618855 -3.110334 
53 13  -0.566193 -3.109120 
53 14  -0.514101 -3.107406 
53 15  -0.462557 -3.105205 
53 16  -0.411543 -3.102527 
53 17  -0.361038 -3.099381 
53 18  -0.311026 -3.095776 
53 19  -0.261490 -3.091722 
53 20  -0.212412 -3.087226 
53 21  -0.163777 -3.082296 
53 22  -0.115570 -3.076939 
53 23  -0.067776 -3.071162 
53 24  -0.020382 -3.064969 
53 25  0.026626 -3.058368 
53 26  0.073262 -3.051362 
53 27  0.119537 -3.043958 
53 28  0.165463 -3.036158 
53 29  0.211052 -3.027968 
53 30  0.256316 -3.019391 
53 31  0.301265 -3.010430 
53 32  0.345910 -3.001087 
53 33  0.390260 -2.991367 
53 34  0.434326 -2.981270 
53 35  0.478117 -2.970799 
53 36  0.521642 -2.959956 
53 37  0.564911 -2.948741 
53 38  0.607932 -2.937157 
53 39  0.650713 -2.925203 
53 40  0.693263 -2.912881 
53 41  0.735590 -2.900191 
53 42  0.777701 -2.887132 
53 43  0.819605 -2.873704 
53 44  0.861309 -2.859907 
53 45  0.902819 -2.845740 
53 46  0.944144 -2.831202 
53 47  0.985290 -2.816291 
53 48  1.026264 -2.801006 
53 49  1.067072 -2.785345 
53 50  1.107722 -2.769306 
53 51  1.148220 -2.752886 
53 52  1.188572 -2.736083 
53 53  1.228784 -2.718893 
53 54  1.268862 -2.701314 
53 55  1.308814 -2.683342 
53 56  1.348643 -2.664973 
53 57  1.388358 -2.646203 
53 58  1.427962 -2.627027 
53 59  1.467463 -2.607441 
53 60  1.506865 -2.587440 
53 61  1.546176 -2.567018 
53 62  1.585399 -2.546170 
53 63  1.624541 -2.524889 
53 64  1.663608 -2.503170 
53 65  1.702604 -2.481004 
53 66  1.741536 -2.458386 
53 67  1.780409 -2.435307 
53 68  1.819229 -2.411760 
53 69  1.858001 -2.387735 
53 70  1.896730 -2.363225 
53 71  1.935423 -2.338220 
53 72  1.974084 -2.312710 
53 73  2.012720 -2.286684 
53 74  2.051336 -2.260132 
53 75  2.089938 -2.233043 
53 76  2.128531 -2.205404 
53 77  2.167122 -2.177202 
53 78  2.205716 -2.148425 
53 79  2.244319 -2.119058 
53 80  2.282937 -2.089087 
53 81  2.321577 -2.058495 
53 82  2.360244 -2.027268 
53 83  2.398945 -1.995387 
53 84  2.437687 -1.962835 
53 85  2.476476 -1.929592 
53 86  2.515319 -1.895639 
53 87  2.554222 -1.860954 
53 88  2.593194 -1.825515 
53 89  2.632241 -1.789298 
53 90  2.671371 -1.752279 
53 91  2.710591 -1.714432 
53 92  2.749910 -1.675728 
53 93  2.789336 -1.636138 
53 94  2.828878 -1.595631 
53 95  2.868543 -1.554174 
53 96  2.908343 -1.511733 
53 97  2.948286 -1.468269 
53 98  2.988382 -1.423744 
53 99  3.028642 -1.378116 
53 100  3.069076 -1.331339 
54 0  -1.331544 -3.161859 
54 1  -1.268527 -3.167625 
54 2  -1.206458 -3.172678 
54 3  -1.145297 -3.177040 
54 4  -1.085006 -3.180737 
54 5  -1.025549 -3.183790 
54 6  -0.966893 -3.186219 
54 7  -0.909006 -3.188043 
54 8  -0.851857 -3.189280 
54 9  -0.795418 -3.189947 
54 10  -0.739662 -3.190059 
54 11  -0.684562 -3.189630 
54 12  -0.630095 -3.188676 
54 13  -0.576236 -3.187208 
54 14  -0.522963 -3.185239 
54 15  -0.470256 -3.182779 
54 16  -0.418093 -3.179839 
54 17  -0.366456 -3.176430 
54 18  -0.315326 -3.172560 
54 19  -0.264684 -3.168238 
54 20  -0.214515 -3.163472 
54 21  -0.164801 -3.158270 
54 22  -0.115527 -3.152638 
54 23  -0.066678 -3.146583 
54 24  -0.018239 -3.140112 
54 25  0.029803 -3.133228 
54 26  0.077463 -3.125939 
54 27  0.124752 -3.118248 
54 28  0.171684 -3.110159 
54 29  0.218270 -3.101678 
54 30  0.264522 -3.092806 
54 31  0.310451 -3.083549 
54 32  0.356068 -3.073907 
54 33  0.401384 -3.063885 
54 34  0.446409 -3.053484 
54 35  0.491153 -3.042706 
54 36  0.535625 -3.031553 
54 37  0.579834 -3.020026 
54 38  0.623790 -3.008127 
54 39  0.667502 -2.995855 
54 40  0.710977 -2.983211 
54 41  0.754225 -2.970196 
54 42  0.797254 -2.956810 
54 43  0.840071 -2.943052 
54 44  0.882684 -2.928921 
54 45  0.925101 -2.914416 
54 46  0.967329 -2.899538 
54 47  1.009376 -2.884282 
54 48  1.051248 -2.868650 
54 49  1.092953 -2.852637 
54 50  1.134497 -2.836242 
54 51  1.175887 -2.819463 
54 52  1.217131 -2.802297 
54 53  1.258233 -2.784739 
54 54  1.299201 -2.766789 
54 55  1.340042 -2.748440 
54 56  1.380761 -2.729690 
54 57  1.421364 -2.710534 
54 58  1.461858 -2.690969 
54 59  1.502248 -2.670987 
54 60  1.542541 -2.650586 
54 61  1.582743 -2.629758 
54 62  1.622860 -2.608499 
54 63  1.662897 -2.586801 
54 64  1.702860 -2.564659 
54 65  1.742756 -2.542065 
54 66  1.782589 -2.519012 
54 67  1.822366 -2.495492 
54 68  1.862093 -2.471497 
54 69  1.901776 -2.447019 
54 70  1.941420 -2.422047 
54 71  1.981031 -2.396573 
54 72  2.020615 -2.370587 
54 73  2.060178 -2.344077 
54 74  2.099726 -2.317033 
54 75  2.139265 -2.289444 
54 76  2.178802 -2.261295 
54 77  2.218341 -2.232576 
54 78  2.257891 -2.203271 
54 79  2.297456 -2.173367 
54 80  2.337043 -2.142849 
54 81  2.376660 -2.111701 
54 82  2.416312 -2.079905 
54 83  2.456006 -2.047445 
54 84  2.495750 -2.014302 
54 85  2.535550 -1.980456 
54 86  2.575414 -1.945888 
54 87  2.615349 -1.910574 
54 88  2.655362 -1.874493 
54 89  2.695462 -1.837621 
54 90  2.735657 -1.799931 
54 91  2.775956 -1.761397 
54 92  2.816365 -1.721991 
54 93  2.856896 -1.681682 
54 94  2.897556 -1.640439 
54 95  2.938356 -1.598228 
54 96  2.979306 -1.555013 
54 97  3.020415 -1.510755 
54 98  3.061696 -1.465416 
54 99  3.103158 -1.418951 
54 100  3.144814 -1.371316 
55 0  -1.360528 -3.246463 
55 1  -1.295949 -3.251993 
55 2  -1.232349 -3.256806 
55 3  -1.169688 -3.260927 
55 4  -1.107927 -3.264378 
55 5  -1.047028 -3.267182 
55 6  -0.986956 -3.269360 
55 7  -0.927678 -3.270930 
55 8  -0.869163 -3.271910 
55 9  -0.811381 -3.272317 
55 10  -0.754303 -3.272167 
55 11  -0.697904 -3.271474 
55 12  -0.642157 -3.270253 
55 13  -0.587037 -3.268515 
55 14  -0.532523 -3.266274 
55 15  -0.478591 -3.263540 
55 16  -0.425221 -3.260324 
55 17  -0.372393 -3.256636 
55 18  -0.320087 -3.252485 
55 19  -0.268284 -3.247879 
55 20  -0.216967 -3.242828 
55 21  -0.166120 -3.237337 
55 22  -0.115725 -3.231415 
55 23  -0.065768 -3.225067 
55 24  -0.016232 -3.218300 
55 25  0.032895 -3.211119 
55 26  0.081629 -3.203530 
55 27  0.129983 -3.195536 
55 28  0.177969 -3.187143 
55 29  0.225601 -3.178355 
55 30  0.272889 -3.169174 
55 31  0.319846 -3.159604 
55 32  0.366484 -3.149648 
55 33  0.412812 -3.139308 
55 34  0.458842 -3.128587 
55 35  0.504584 -3.117486 
55 36  0.550048 -3.106008 
55 37  0.595243 -3.094153 
55 38  0.640180 -3.081922 
55 39  0.684866 -3.069315 
55 40  0.729311 -3.056335 
55 41  0.773524 -3.042979 
55 42  0.817514 -3.029249 
55 43  0.861287 -3.015144 
55 44  0.904853 -3.000663 
55 45  0.948220 -2.985805 
55 46  0.991394 -2.970569 
55 47  1.034385 -2.954953 
55 48  1.077198 -2.938955 
55 49  1.119842 -2.922574 
55 50  1.162323 -2.905807 
55 51  1.204649 -2.888651 
55 52  1.246826 -2.871104 
55 53  1.288861 -2.853162 
55 54  1.330762 -2.834822 
55 55  1.372534 -2.816079 
55 56  1.414184 -2.796931 
55 57  1.455719 -2.777371 
55 58  1.497145 -2.757397 
55 59  1.538468 -2.737002 
55 60  1.579695 -2.716181 
55 61  1.620832 -2.694929 
55 62  1.661885 -2.673240 
55 63  1.702860 -2.651106 
55 64  1.743764 -2.628522 
55 65  1.784602 -2.605479 
55 66  1.825381 -2.581972 
55 67  1.866107 -2.557990 
55 68  1.906786 -2.533527 
55 69  1.947424 -2.508573 
55 70  1.988028 -2.483118 
55 71  2.028603 -2.457154 
55 72  2.069156 -2.430669 
55 73  2.109693 -2.403653 
55 74  2.150220 -2.376094 
55 75  2.190744 -2.347980 
55 76  2.231272 -2.319298 
55 77  2.271809 -2.290036 
55 78  2.312363 -2.260179 
55 79  2.352940 -2.229713 
55 80  2.393547 -2.198622 
55 81  2.434191 -2.166889 
55 82  2.474880 -2.134498 
55 83  2.515620 -2.101431 
55 84  2.556418 -2.067668 
55 85  2.597284 -2.033190 
55 86  2.638223 -1.997976 
55 87  2.679245 -1.962003 
55 88  2.720357 -1.925247 
55 89  2.761568 -1.887686 
55 90  2.802887 -1.849291 
55 91  2.844322 -1.810036 
55 92  2.885883 -1.769891 
55 93  2.927580 -1.728826 
55 94  2.969423 -1.686808 
55 95  3.011422 -1.643803 
55 96  3.053587 -1.599772 
55 97  3.095931 -1.554679 
55 98  3.138464 -1.508481 
55 99  3.181199 -1.461134 
55 100  3.224150 -1.412592 
56 0  -1.391350 -3.334767 
56 1  -1.325116 -3.340044 
56 2  -1.259897 -3.344600 
56 3  -1.195650 -3.348460 
56 4  -1.132333 -3.351648 
56 5  -1.069910 -3.354186 
56 6  -1.008342 -3.356094 
56 7  -0.947595 -3.357392 
56 8  -0.887638 -3.358098 
56 9  -0.828438 -3.358228 
56 10  -0.769967 -3.357798 
56 11  -0.712197 -3.356823 
56 12  -0.655100 -3.355317 
56 13  -0.598653 -3.353292 
56 14  -0.542830 -3.350762 
56 15  -0.487609 -3.347736 
56 16  -0.432967 -3.344226 
56 17  -0.378885 -3.340241 
56 18  -0.325341 -3.335791 
56 19  -0.272316 -3.330885 
56 20  -0.219793 -3.325530 
56 21  -0.167754 -3.319734 
56 22  -0.116181 -3.313504 
56 23  -0.065058 -3.306846 
56 24  -0.014370 -3.299766 
56 25  0.035898 -3.292271 
56 26  0.085761 -3.284364 
56 27  0.135233 -3.276052 
56 28  0.184326 -3.267337 
56 29  0.233055 -3.258224 
56 30  0.281432 -3.248716 
56 31  0.329469 -3.238816 
56 32  0.377177 -3.228528 
56 33  0.424568 -3.217854 
56 34  0.471653 -3.206796 
56 35  0.518442 -3.195355 
56 36  0.564947 -3.183534 
56 37  0.611177 -3.171333 
56 38  0.657141 -3.158753 
56 39  0.702850 -3.145795 
56 40  0.748313 -3.132460 
56 41  0.793538 -3.118747 
56 42  0.838535 -3.104656 
56 43  0.883311 -3.090186 
56 44  0.927877 -3.075337 
56 45  0.972239 -3.060107 
56 46  1.016406 -3.044496 
56 47  1.060386 -3.028501 
56 48  1.104186 -3.012121 
56 49  1.147815 -2.995354 
56 50  1.191278 -2.978196 
56 51  1.234585 -2.960645 
56 52  1.277742 -2.942699 
56 53  1.320756 -2.924353 
56 54  1.363634 -2.905605 
56 55  1.406384 -2.886450 
56 56  1.449011 -2.866883 
56 57  1.491523 -2.846901 
56 58  1.533927 -2.826499 
56 59  1.576229 -2.805670 
56 60  1.618436 -2.784411 
56 61  1.660554 -2.762714 
56 62  1.702590 -2.740574 
56 63  1.744550 -2.717984 
56 64  1.786441 -2.694936 
56 65  1.828269 -2.671424 
56 66  1.870042 -2.647440 
56 67  1.911764 -2.622976 
56 68  1.953443 -2.598022 
56 69  1.995086 -2.572570 
56 70  2.036698 -2.546609 
56 71  2.078286 -2.520131 
56 72  2.119858 -2.493124 
56 73  2.161419 -2.465577 
56 74  2.202976 -2.437478 
56 75  2.244537 -2.408816 
56 76  2.286107 -2.379576 
56 77  2.327694 -2.349745 
56 78  2.369306 -2.319309 
56 79  2.410948 -2.288253 
56 80  2.452629 -2.256561 
56 81  2.494357 -2.224216 
56 82  2.536137 -2.191200 
56 83  2.577979 -2.157496 
56 84  2.619891 -2.123083 
56 85  2.661879 -2.087941 
56 86  2.703954 -2.052048 
56 87  2.746123 -2.015382 
56 88  2.788395 -1.977919 
56 89  2.830779 -1.939633 
56 90  2.873285 -1.900497 
56 91  2.915923 -1.860483 
56 92  2.958702 -1.819562 
56 93  3.001633 -1.777701 
56 94  3.044726 -1.734867 
56 95  3.087994 -1.691025 
56 96  3.131447 -1.646136 
56 97  3.175098 -1.600161 
56 98  3.218960 -1.553057 
56 99  3.263045 -1.504779 
56 100  3.307369 -1.455279 
57 0  -1.424155 -3.427079 
57 1  -1.356167 -3.432082 
57 2  -1.289231 -3.436360 
57 3  -1.223303 -3.439940 
57 4  -1.158340 -3.442844 
57 5  -1.094303 -3.445096 
57 6  -1.031152 -3.446715 
57 7  -0.968853 -3.447721 
57 8  -0.907370 -3.448131 
57 9  -0.846673 -3.447964 
57 10  -0.786730 -3.447235 
57 11  -0.727512 -3.445957 
57 12  -0.668991 -3.444147 
57 13  -0.611142 -3.441815 
57 14  -0.553939 -3.438975 
57 15  -0.497357 -3.435638 
57 16  -0.441375 -3.431814 
57 17  -0.385971 -3.427514 
57 18  -0.331123 -3.422746 
57 19  -0.276812 -3.417519 
57 20  -0.223018 -3.411841 
57 21  -0.169723 -3.405721 
57 22  -0.116910 -3.399163 
57 23  -0.064561 -3.392176 
57 24  -0.012661 -3.384766 
57 25  0.038807 -3.376936 
57 26  0.089857 -3.368694 
57 27  0.140505 -3.360042 
57 28  0.190763 -3.350987 
57 29  0.240646 -3.341530 
57 30  0.290167 -3.331677 
57 31  0.339337 -3.321429 
57 32  0.388170 -3.310791 
57 33  0.436678 -3.299763 
57 34  0.484871 -3.288349 
57 35  0.532761 -3.276549 
57 36  0.580359 -3.264366 
57 37  0.627675 -3.251801 
57 38  0.674719 -3.238854 
57 39  0.721502 -3.225526 
57 40  0.768033 -3.211817 
57 41  0.814321 -3.197727 
57 42  0.860375 -3.183255 
57 43  0.906206 -3.168402 
57 44  0.951820 -3.153166 
57 45  0.997228 -3.137546 
57 46  1.042437 -3.121541 
57 47  1.087456 -3.105148 
57 48  1.132292 -3.088366 
57 49  1.176954 -3.071192 
57 50  1.221450 -3.053624 
57 51  1.265786 -3.035659 
57 52  1.309972 -3.017294 
57 53  1.354013 -2.998525 
57 54  1.397919 -2.979348 
57 55  1.441694 -2.959760 
57 56  1.485348 -2.939755 
57 57  1.528887 -2.919330 
57 58  1.572318 -2.898478 
57 59  1.615648 -2.877196 
57 60  1.658884 -2.855476 
57 61  1.702034 -2.833313 
57 62  1.745103 -2.810701 
57 63  1.788098 -2.787632 
57 64  1.831027 -2.764099 
57 65  1.873897 -2.740095 
57 66  1.916713 -2.715612 
57 67  1.959484 -2.690641 
57 68  2.002215 -2.665173 
57 69  2.044914 -2.639199 
57 70  2.087588 -2.612708 
57 71  2.130243 -2.585692 
57 72  2.172886 -2.558137 
57 73  2.215526 -2.530034 
57 74  2.258168 -2.501370 
57 75  2.300820 -2.472131 
57 76  2.343489 -2.442306 
57 77  2.386183 -2.411879 
57 78  2.428910 -2.380836 
57 79  2.471676 -2.349161 
57 80  2.514490 -2.316838 
57 81  2.557360 -2.283850 
57 82  2.600293 -2.250179 
57 83  2.643299 -2.215806 
57 84  2.686385 -2.180710 
57 85  2.729561 -2.144871 
57 86  2.772835 -2.108266 
57 87  2.816217 -2.070872 
57 88  2.859716 -2.032664 
57 89  2.903341 -1.993616 
57 90  2.947104 -1.953701 
57 91  2.991014 -1.912889 
57 92  3.035083 -1.871150 
57 93  3.079321 -1.828451 
57 94  3.123741 -1.784757 
57 95  3.168354 -1.740033 
57 96  3.213174 -1.694239 
57 97  3.258212 -1.647334 
57 98  3.303485 -1.599274 
57 99  3.349004 -1.550013 
57 100  3.394787 -1.499502 
58 0  -1.459103 -3.523740 
58 1  -1.389251 -3.528445 
58 2  -1.320494 -3.532423 
58 3  -1.252783 -3.535699 
58 4  -1.186075 -3.538296 
58 5  -1.120327 -3.540238 
58 6  -1.055499 -3.541544 
58 7  -0.991555 -3.542235 
58 8  -0.928459 -3.542328 
58 9  -0.866177 -3.541841 
58 10  -0.804676 -3.540789 
58 11  -0.743928 -3.539187 
58 12  -0.683902 -3.537050 
58 13  -0.624572 -3.534389 
58 14  -0.565910 -3.531218 
58 15  -0.507893 -3.527547 
58 16  -0.450496 -3.523387 
58 17  -0.393697 -3.518749 
58 18  -0.337473 -3.513641 
58 19  -0.281805 -3.508073 
58 20  -0.226671 -3.502051 
58 21  -0.172053 -3.495584 
58 22  -0.117933 -3.488679 
58 23  -0.064292 -3.481342 
58 24  -0.011114 -3.473578 
58 25  0.041617 -3.465394 
58 26  0.093918 -3.456795 
58 27  0.145803 -3.447784 
58 28  0.197288 -3.438367 
58 29  0.248385 -3.428547 
58 30  0.299109 -3.418327 
58 31  0.349473 -3.407711 
58 32  0.399490 -3.396700 
58 33  0.449172 -3.385299 
58 34  0.498531 -3.373508 
58 35  0.547578 -3.361329 
58 36  0.596326 -3.348764 
58 37  0.644784 -3.335814 
58 38  0.692963 -3.322479 
58 39  0.740875 -3.308760 
58 40  0.788529 -3.294657 
58 41  0.835934 -3.280170 
58 42  0.883101 -3.265298 
58 43  0.930038 -3.250041 
58 44  0.976756 -3.234397 
58 45  1.023262 -3.218366 
58 46  1.069567 -3.201946 
58 47  1.115677 -3.185134 
58 48  1.161603 -3.167929 
58 49  1.207352 -3.150329 
58 50  1.252932 -3.132329 
58 51  1.298351 -3.113929 
58 52  1.343618 -3.095123 
58 53  1.388740 -3.075909 
58 54  1.433725 -3.056282 
58 55  1.478580 -3.036239 
58 56  1.523313 -3.015774 
58 57  1.567931 -2.994883 
58 58  1.612443 -2.973561 
58 59  1.656855 -2.951801 
58 60  1.701174 -2.929599 
58 61  1.745408 -2.906947 
58 62  1.789564 -2.883839 
58 63  1.833649 -2.860268 
58 64  1.877671 -2.836226 
58 65  1.921636 -2.811706 
58 66  1.965552 -2.786699 
58 67  2.009427 -2.761197 
58 68  2.053266 -2.735190 
58 69  2.097078 -2.708668 
58 70  2.140870 -2.681622 
58 71  2.184650 -2.654041 
58 72  2.228424 -2.625912 
58 73  2.272200 -2.597225 
58 74  2.315987 -2.567967 
58 75  2.359790 -2.538125 
58 76  2.403619 -2.507685 
58 77  2.447482 -2.476632 
58 78  2.491385 -2.444952 
58 79  2.535338 -2.412628 
58 80  2.579349 -2.379643 
58 81  2.623426 -2.345980 
58 82  2.667578 -2.311621 
58 83  2.711815 -2.276545 
58 84  2.756144 -2.240731 
58 85  2.800576 -2.204159 
58 86  2.845120 -2.166806 
58 87  2.889786 -2.128646 
58 88  2.934584 -2.089655 
58 89  2.979525 -2.049806 
58 90  3.024620 -2.009070 
58 91  3.069880 -1.967418 
58 92  3.115317 -1.924818 
58 93  3.160944 -1.881236 
58 94  3.206772 -1.836636 
58 95  3.252814 -1.790982 
58 96  3.299086 -1.744232 
58 97  3.345601 -1.696345 
58 98  3.392373 -1.647276 
58 99  3.439420 -1.596977 
58 100  3.486758 -1.545396 
59 0  -1.496373 -3.625131 
59 1  -1.424540 -3.629511 
59 2  -1.353845 -3.633161 
59 3  -1.284240 -3.636106 
59 4  -1.215678 -3.638370 
59 5  -1.148115 -3.639975 
59 6  -1.081508 -3.640943 
59 7  -1.015820 -3.641292 
59 8  -0.951013 -3.641042 
59 9  -0.887051 -3.640209 
59 10  -0.823902 -3.638808 
59 11  -0.761533 -3.636857 
59 12  -0.699914 -3.634367 
59 13  -0.639016 -3.631352 
59 14  -0.578813 -3.627824 
59 15  -0.519277 -3.623795 
59 16  -0.460385 -3.619276 
59 17  -0.402112 -3.614276 
59 18  -0.344435 -3.608804 
59 19  -0.287333 -3.602869 
59 20  -0.230784 -3.596480 
59 21  -0.174770 -3.589643 
59 22  -0.119270 -3.582366 
59 23  -0.064266 -3.574655 
59 24  -0.009741 -3.566515 
59 25  0.044323 -3.557953 
59 26  0.097943 -3.548974 
59 27  0.151133 -3.539581 
59 28  0.203909 -3.529779 
59 29  0.256286 -3.519572 
59 30  0.308279 -3.508963 
59 31  0.359900 -3.497956 
59 32  0.411163 -3.486552 
59 33  0.462082 -3.474754 
59 34  0.512669 -3.462564 
59 35  0.562935 -3.449984 
59 36  0.612892 -3.437014 
59 37  0.662553 -3.423657 
59 38  0.711928 -3.409912 
59 39  0.761028 -3.395779 
59 40  0.809863 -3.381260 
59 41  0.858445 -3.366353 
59 42  0.906782 -3.351058 
59 43  0.954885 -3.335375 
59 44  1.002763 -3.319302 
59 45  1.050426 -3.302837 
59 46  1.097883 -3.285979 
59 47  1.145143 -3.268726 
59 48  1.192215 -3.251076 
59 49  1.239108 -3.233026 
59 50  1.285829 -3.214573 
59 51  1.332388 -3.195714 
59 52  1.378793 -3.176445 
59 53  1.425052 -3.156763 
59 54  1.471174 -3.136663 
59 55  1.517165 -3.116141 
59 56  1.563035 -3.095193 
59 57  1.608790 -3.073813 
59 58  1.654440 -3.051995 
59 59  1.699990 -3.029735 
59 60  1.745451 -3.007025 
59 61  1.790828 -2.983859 
59 62  1.836129 -2.960231 
59 63  1.881363 -2.936133 
59 64  1.926536 -2.911557 
59 65  1.971657 -2.886495 
59 66  2.016732 -2.860938 
59 67  2.061771 -2.834878 
59 68  2.106779 -2.808305 
59 69  2.151766 -2.781209 
59 70  2.196738 -2.753579 
59 71  2.241705 -2.725405 
59 72  2.286672 -2.696674 
59 73  2.331649 -2.667374 
59 74  2.376644 -2.637493 
59 75  2.421665 -2.607017 
59 76  2.466719 -2.575931 
59 77  2.511817 -2.544221 
59 78  2.556965 -2.511872 
59 79  2.602173 -2.478866 
59 80  2.647451 -2.445186 
59 81  2.692806 -2.410814 
59 82  2.738249 -2.375730 
59 83  2.783788 -2.339916 
59 84  2.829434 -2.303348 
59 85  2.875198 -2.266005 
59 86  2.921088 -2.227864 
59 87  2.967116 -2.188899 
59 88  3.013294 -2.149084 
59 89  3.059632 -2.108391 
59 90  3.106142 -2.066791 
59 91  3.152836 -2.024254 
59 92  3.199728 -1.980745 
59 93  3.246830 -1.936232 
59 94  3.294156 -1.890677 
59 95  3.341721 -1.844041 
59 96  3.389539 -1.796283 
59 97  3.437626 -1.747359 
59 98  3.485999 -1.697223 
59 99  3.534674 -1.645826 
59 100  3.583671 -1.593114 
60 0  -1.536164 -3.731675 
60 1  -1.462220 -3.735699 
60 2  -1.389464 -3.738989 
60 3  -1.317843 -3.741572 
60 4  -1.247309 -3.743472 
60 5  -1.177816 -3.744710 
60 6  -1.109319 -3.745309 
60 7  -1.041779 -3.745287 
60 8  -0.975155 -3.744664 
60 9  -0.909411 -3.743455 
60 10  -0.844512 -3.741678 
60 11  -0.780424 -3.739348 
60 12  -0.717117 -3.736477 
60 13  -0.654559 -3.733080 
60 14  -0.592722 -3.729168 
60 15  -0.531579 -3.724753 
60 16  -0.471103 -3.719846 
60 17  -0.411270 -3.714456 
60 18  -0.352056 -3.708593 
60 19  -0.293438 -3.702266 
60 20  -0.235394 -3.695482 
60 21  -0.177903 -3.688249 
60 22  -0.120946 -3.680574 
60 23  -0.064502 -3.672462 
60 24  -0.008553 -3.663921 
60 25  0.046918 -3.654955 
60 26  0.101930 -3.645570 
60 27  0.156497 -3.635770 
60 28  0.210637 -3.625558 
60 29  0.264365 -3.614939 
60 30  0.317695 -3.603916 
60 31  0.370643 -3.592492 
60 32  0.423221 -3.580670 
60 33  0.475444 -3.568451 
60 34  0.527325 -3.555837 
60 35  0.578876 -3.542831 
60 36  0.630110 -3.529433 
60 37  0.681039 -3.515643 
60 38  0.731673 -3.501464 
60 39  0.782026 -3.486894 
60 40  0.832107 -3.471934 
60 41  0.881927 -3.456583 
60 42  0.931498 -3.440842 
60 43  0.980829 -3.424708 
60 44  1.029931 -3.408180 
60 45  1.078813 -3.391258 
60 46  1.127484 -3.373938 
60 47  1.175955 -3.356220 
60 48  1.224235 -3.338100 
60 49  1.272333 -3.319575 
60 50  1.320257 -3.300644 
60 51  1.368018 -3.281301 
60 52  1.415622 -3.261545 
60 53  1.463080 -3.241370 
60 54  1.510400 -3.220772 
60 55  1.557589 -3.199747 
60 56  1.604657 -3.178290 
60 57  1.651612 -3.156395 
60 58  1.698461 -3.134057 
60 59  1.745214 -3.111269 
60 60  1.791877 -3.088026 
60 61  1.838460 -3.064320 
60 62  1.884970 -3.040145 
60 63  1.931416 -3.015492 
60 64  1.977805 -2.990355 
60 65  2.024145 -2.964723 
60 66  2.070445 -2.938589 
60 67  2.116713 -2.911943 
60 68  2.162957 -2.884776 
60 69  2.209184 -2.857076 
60 70  2.255404 -2.828833 
60 71  2.301625 -2.800035 
60 72  2.347855 -2.770671 
60 73  2.394102 -2.740728 
60 74  2.440375 -2.710192 
60 75  2.486684 -2.679049 
60 76  2.533036 -2.647286 
60 77  2.579441 -2.614885 
60 78  2.625908 -2.581832 
60 79  2.672446 -2.548109 
60 80  2.719066 -2.513698 
60 81  2.765776 -2.478580 
60 82  2.812588 -2.442736 
60 83  2.859510 -2.406144 
60 84  2.906554 -2.368783 
60 85  2.953731 -2.330629 
60 86  3.001052 -2.291658 
60 87  3.048528 -2.251845 
60 88  3.096172 -2.211162 
60 89  3.143995 -2.169580 
60 90  3.192011 -2.127069 
60 91  3.240232 -2.083598 
60 92  3.288673 -2.039132 
60 93  3.337348 -1.993637 
60 94  3.386272 -1.947072 
60 95  3.435460 -1.899400 
60 96  3.484928 -1.850577 
60 97  3.534695 -1.800557 
60 98  3.584777 -1.749293 
60 99  3.635193 -1.696734 
60 100  3.685964 -1.642824 
61 0  -1.578702 -3.843847 
61 1  -1.502506 -3.847478 
61 2  -1.427550 -3.850373 
61 3  -1.353780 -3.852558 
61 4  -1.281145 -3.854058 
61 5  -1.209597 -3.854895 
61 6  -1.139088 -3.855090 
61 7  -1.069577 -3.854663 
61 8  -1.001021 -3.853633 
61 9  -0.933383 -3.852016 
61 10  -0.866625 -3.849829 
61 11  -0.800712 -3.847087 
61 12  -0.735611 -3.843803 
61 13  -0.671291 -3.839991 
61 14  -0.607722 -3.835664 
61 15  -0.544874 -3.830832 
61 16  -0.482720 -3.825506 
61 17  -0.421234 -3.819696 
61 18  -0.360391 -3.813412 
61 19  -0.300167 -3.806662 
61 20  -0.240540 -3.799453 
61 21  -0.181486 -3.791794 
61 22  -0.122986 -3.783691 
61 23  -0.065018 -3.775151 
61 24  -0.007564 -3.766179 
61 25  0.049395 -3.756781 
61 26  0.105878 -3.746962 
61 27  0.161902 -3.736726 
61 28  0.217483 -3.726076 
61 29  0.272638 -3.715018 
61 30  0.327382 -3.703553 
61 31  0.381730 -3.691685 
61 32  0.435698 -3.679416 
61 33  0.489298 -3.666749 
61 34  0.542546 -3.653685 
61 35  0.595454 -3.640225 
61 36  0.648035 -3.626371 
61 37  0.700301 -3.612124 
61 38  0.752266 -3.597483 
61 39  0.803940 -3.582449 
61 40  0.855336 -3.567022 
61 41  0.906465 -3.551201 
61 42  0.957337 -3.534986 
61 43  1.007964 -3.518375 
61 44  1.058356 -3.501367 
61 45  1.108524 -3.483960 
61 46  1.158478 -3.466152 
61 47  1.208227 -3.447942 
61 48  1.257782 -3.429325 
61 49  1.307151 -3.410300 
61 50  1.356345 -3.390864 
61 51  1.405373 -3.371011 
61 52  1.454245 -3.350740 
61 53  1.502968 -3.330045 
61 54  1.551552 -3.308922 
61 55  1.600006 -3.287367 
61 56  1.648340 -3.265373 
61 57  1.696560 -3.242936 
61 58  1.744677 -3.220050 
61 59  1.792699 -3.196707 
61 60  1.840634 -3.172903 
61 61  1.888491 -3.148629 
61 62  1.936278 -3.123878 
61 63  1.984005 -3.098642 
61 64  2.031679 -3.072913 
61 65  2.079310 -3.046683 
61 66  2.126905 -3.019942 
61 67  2.174473 -2.992679 
61 68  2.222023 -2.964886 
61 69  2.269564 -2.936552 
61 70  2.317105 -2.907664 
61 71  2.364654 -2.878211 
61 72  2.412220 -2.848181 
61 73  2.459813 -2.817561 
61 74  2.507441 -2.786337 
61 75  2.555115 -2.754494 
61 76  2.602843 -2.722017 
61 77  2.650635 -2.688890 
61 78  2.698501 -2.655097 
61 79  2.746452 -2.620619 
61 80  2.794496 -2.585439 
61 81  2.842646 -2.549536 
61 82  2.890912 -2.512891 
61 83  2.939305 -2.475481 
61 84  2.987836 -2.437284 
61 85  3.036517 -2.398276 
61 86  3.085360 -2.358431 
61 87  3.134378 -2.317724 
61 88  3.183583 -2.276125 
61 89  3.232989 -2.233606 
61 90  3.282610 -2.190135 
61 91  3.332461 -2.145679 
61 92  3.382555 -2.100202 
61 93  3.432909 -2.053669 
61 94  3.483540 -2.006039 
61 95  3.534463 -1.957271 
61 96  3.585697 -1.907321 
61 97  3.637260 -1.856142 
61 98  3.689173 -1.803684 
61 99  3.741454 -1.749894 
61 100  3.794127 -1.694715 
62 0  -1.624239 -3.962179 
62 1  -1.545634 -3.965375 
62 2  -1.468328 -3.967833 
62 3  -1.392264 -3.969580 
62 4  -1.317386 -3.970639 
62 5  -1.243645 -3.971035 
62 6  -1.170991 -3.970787 
62 7  -1.099379 -3.969916 
62 8  -1.028765 -3.968440 
62 9  -0.959110 -3.966377 
62 10  -0.890373 -3.963742 
62 11  -0.822519 -3.960551 
62 12  -0.755512 -3.956818 
62 13  -0.689318 -3.952556 
62 14  -0.623907 -3.947777 
62 15  -0.559248 -3.942492 
62 16  -0.495312 -3.936713 
62 17  -0.432072 -3.930448 
62 18  -0.369501 -3.923708 
62 19  -0.307574 -3.916501 
62 20  -0.246266 -3.908835 
62 21  -0.185556 -3.900717 
62 22  -0.125421 -3.892154 
62 23  -0.065839 -3.883152 
62 24  -0.006790 -3.873717 
62 25  0.051746 -3.863855 
62 26  0.109787 -3.853570 
62 27  0.167352 -3.842866 
62 28  0.224459 -3.831748 
62 29  0.281124 -3.820219 
62 30  0.337364 -3.808282 
62 31  0.393194 -3.795939 
62 32  0.448631 -3.783195 
62 33  0.503688 -3.770049 
62 34  0.558381 -3.756504 
62 35  0.612723 -3.742562 
62 36  0.666728 -3.728222 
62 37  0.720410 -3.713487 
62 38  0.773780 -3.698355 
62 39  0.826852 -3.682828 
62 40  0.879637 -3.666905 
62 41  0.932148 -3.650585 
62 42  0.984396 -3.633867 
62 43  1.036393 -3.616750 
62 44  1.088149 -3.599232 
62 45  1.139676 -3.581313 
62 46  1.190984 -3.562988 
62 47  1.242084 -3.544257 
62 48  1.292986 -3.525115 
62 49  1.343700 -3.505561 
62 50  1.394236 -3.485590 
62 51  1.444604 -3.465199 
62 52  1.494814 -3.444384 
62 53  1.544875 -3.423140 
62 54  1.594796 -3.401463 
62 55  1.644588 -3.379348 
62 56  1.694259 -3.356788 
62 57  1.743819 -3.333779 
62 58  1.793277 -3.310315 
62 59  1.842641 -3.286387 
62 60  1.891921 -3.261991 
62 61  1.941127 -3.237118 
62 62  1.990267 -3.211761 
62 63  2.039349 -3.185911 
62 64  2.088384 -3.159560 
62 65  2.137381 -3.132699 
62 66  2.186347 -3.105318 
62 67  2.235294 -3.077407 
62 68  2.284229 -3.048955 
62 69  2.333162 -3.019952 
62 70  2.382103 -2.990386 
62 71  2.431061 -2.960244 
62 72  2.480046 -2.929513 
62 73  2.529066 -2.898180 
62 74  2.578133 -2.866231 
62 75  2.627257 -2.833651 
62 76  2.676446 -2.800423 
62 77  2.725712 -2.766532 
62 78  2.775066 -2.731959 
62 79  2.824518 -2.696687 
62 80  2.874079 -2.660697 
62 81  2.923761 -2.623967 
62 82  2.973575 -2.586478 
62 83  3.023534 -2.548206 
62 84  3.073649 -2.509128 
62 85  3.123933 -2.469220 
62 86  3.174400 -2.428454 
62 87  3.225062 -2.386804 
62 88  3.275935 -2.344240 
62 89  3.327032 -2.300731 
62 90  3.378368 -2.256246 
62 91  3.429960 -2.210749 
62 92  3.481823 -2.164205 
62 93  3.533975 -2.116575 
62 94  3.586432 -2.067818 
62 95  3.639215 -2.017891 
62 96  3.692341 -1.966748 
62 97  3.745832 -1.914341 
62 98  3.799709 -1.860618 
62 99  3.853994 -1.805524 
62 100  3.908710 -1.748999 
63 0  -1.673061 -4.087273 
63 1  -1.591875 -4.089985 
63 2  -1.512053 -4.091958 
63 3  -1.433533 -4.093219 
63 4  -1.356257 -4.093791 
63 5  -1.280171 -4.093699 
63 6  -1.205225 -4.092963 
63 7  -1.131370 -4.091603 
63 8  -1.058560 -4.089637 
63 9  -0.986753 -4.087084 
63 10  -0.915907 -4.083959 
63 11  -0.845983 -4.080277 
63 12  -0.776945 -4.076053 
63 13  -0.708757 -4.071299 
63 14  -0.641385 -4.066027 
63 15  -0.574799 -4.060250 
63 16  -0.508967 -4.053977 
63 17  -0.443861 -4.047219 
63 18  -0.379453 -4.039985 
63 19  -0.315716 -4.032283 
63 20  -0.252625 -4.024121 
63 21  -0.190155 -4.015507 
63 22  -0.128284 -4.006447 
63 23  -0.066989 -3.996947 
63 24  -0.006247 -3.987013 
63 25  0.053960 -3.976651 
63 26  0.113654 -3.965865 
63 27  0.172854 -3.954659 
63 28  0.231578 -3.943037 
63 29  0.289843 -3.931003 
63 30  0.347668 -3.918559 
63 31  0.405069 -3.905709 
63 32  0.462062 -3.892454 
63 33  0.518663 -3.878797 
63 34  0.574887 -3.864739 
63 35  0.630748 -3.850280 
63 36  0.686261 -3.835423 
63 37  0.741440 -3.820167 
63 38  0.796298 -3.804513 
63 39  0.850849 -3.788460 
63 40  0.905106 -3.772009 
63 41  0.959080 -3.755158 
63 42  1.012784 -3.737905 
63 43  1.066230 -3.720251 
63 44  1.119430 -3.702193 
63 45  1.172396 -3.683728 
63 46  1.225138 -3.664855 
63 47  1.277667 -3.645571 
63 48  1.329995 -3.625874 
63 49  1.382132 -3.605758 
63 50  1.434089 -3.585222 
63 51  1.485876 -3.564261 
63 52  1.537503 -3.542871 
63 53  1.588980 -3.521046 
63 54  1.640318 -3.498783 
63 55  1.691526 -3.476076 
63 56  1.742614 -3.452919 
63 57  1.793593 -3.429306 
63 58  1.844471 -3.405231 
63 59  1.895258 -3.380686 
63 60  1.945964 -3.355665 
63 61  1.996599 -3.330161 
63 62  2.047172 -3.304164 
63 63  2.097693 -3.277666 
63 64  2.148172 -3.250659 
63 65  2.198617 -3.223133 
63 66  2.249040 -3.195077 
63 67  2.299449 -3.166483 
63 68  2.349854 -3.137338 
63 69  2.400266 -3.107630 
63 70  2.450695 -3.077349 
63 71  2.501150 -3.046480 
63 72  2.551642 -3.015012 
63 73  2.602181 -2.982928 
63 74  2.652778 -2.950216 
63 75  2.703443 -2.916858 
63 76  2.754188 -2.882839 
63 77  2.805024 -2.848142 
63 78  2.855962 -2.812748 
63 79  2.907014 -2.776639 
63 80  2.958191 -2.739795 
63 81  3.009507 -2.702194 
63 82  3.060973 -2.663815 
63 83  3.112603 -2.624634 
63 84  3.164409 -2.584627 
63 85  3.216406 -2.543768 
63 86  3.268608 -2.502030 
63 87  3.321030 -2.459384 
63 88  3.373686 -2.415801 
63 89  3.426593 -2.371247 
63 90  3.479766 -2.325690 
63 91  3.533224 -2.279093 
63 92  3.586983 -2.231420 
63 93  3.641063 -2.182630 
63 94  3.695482 -2.132680 
63 95  3.750261 -2.081526 
63 96  3.805421 -2.029120 
63 97  3.860985 -1.975412 
63 98  3.916975 -1.920347 
63 99  3.973417 -1.863868 
63 100  4.030336 -1.805915 
64 0  -1.725491 -4.219810 
64 1  -1.641535 -4.221981 
64 2  -1.559012 -4.223413 
64 3  -1.477858 -4.224132 
64 4  -1.398011 -4.224163 
64 5  -1.319415 -4.223530 
64 6  -1.242015 -4.222253 
64 7  -1.165760 -4.220352 
64 8  -1.090601 -4.217847 
64 9  -1.016494 -4.214754 
64 10  -0.943394 -4.211089 
64 11  -0.871260 -4.206868 
64 12  -0.800054 -4.202105 
64 13  -0.729737 -4.196812 
64 14  -0.660276 -4.191002 
64 15  -0.591635 -4.184687 
64 16  -0.523783 -4.177876 
64 17  -0.456690 -4.170580 
64 18  -0.390325 -4.162808 
64 19  -0.324662 -4.154568 
64 20  -0.259672 -4.145868 
64 21  -0.195331 -4.136715 
64 22  -0.131613 -4.127117 
64 23  -0.068496 -4.117078 
64 24  -0.005956 -4.106605 
64 25  0.056028 -4.095703 
64 26  0.117478 -4.084376 
64 27  0.178414 -4.072628 
64 28  0.238855 -4.060464 
64 29  0.298820 -4.047887 
64 30  0.358328 -4.034899 
64 31  0.417395 -4.021503 
64 32  0.476040 -4.007701 
64 33  0.534278 -3.993495 
64 34  0.592125 -3.978886 
64 35  0.649598 -3.963876 
64 36  0.706711 -3.948464 
64 37  0.763478 -3.932652 
64 38  0.819914 -3.916440 
64 39  0.876034 -3.899826 
64 40  0.931849 -3.882811 
64 41  0.987375 -3.865394 
64 42  1.042623 -3.847572 
64 43  1.097606 -3.829346 
64 44  1.152336 -3.810712 
64 45  1.206827 -3.791668 
64 46  1.261089 -3.772213 
64 47  1.315134 -3.752342 
64 48  1.368974 -3.732053 
64 49  1.422620 -3.711343 
64 50  1.476083 -3.690207 
64 51  1.529374 -3.668641 
64 52  1.582504 -3.646641 
64 53  1.635484 -3.624202 
64 54  1.688324 -3.601319 
64 55  1.741034 -3.577985 
64 56  1.793626 -3.554196 
64 57  1.846110 -3.529944 
64 58  1.898496 -3.505223 
64 59  1.950793 -3.480026 
64 60  2.003013 -3.454346 
64 61  2.055166 -3.428173 
64 62  2.107262 -3.401501 
64 63  2.159311 -3.374319 
64 64  2.211323 -3.346619 
64 65  2.263309 -3.318391 
64 66  2.315279 -3.289625 
64 67  2.367243 -3.260309 
64 68  2.419213 -3.230431 
64 69  2.471198 -3.199981 
64 70  2.523210 -3.168946 
64 71  2.575259 -3.137311 
64 72  2.627356 -3.105064 
64 73  2.679513 -3.072189 
64 74  2.731740 -3.038671 
64 75  2.784050 -3.004494 
64 76  2.836455 -2.969641 
64 77  2.888965 -2.934094 
64 78  2.941594 -2.897834 
64 79  2.994354 -2.860842 
64 80  3.047258 -2.823096 
64 81  3.100319 -2.784576 
64 82  3.153551 -2.745257 
64 83  3.206969 -2.705117 
64 84  3.260585 -2.664129 
64 85  3.314416 -2.622266 
64 86  3.368477 -2.579501 
64 87  3.422784 -2.535804 
64 88  3.477352 -2.491142 
64 89  3.532201 -2.445484 
64 90  3.587347 -2.398793 
64 91  3.642808 -2.351033 
64 92  3.698606 -2.302164 
64 93  3.754759 -2.252145 
64 94  3.811289 -2.200932 
64 95  3.868218 -2.148477 
64 96  3.925569 -2.094731 
64 97  3.983367 -2.039642 
64 98  4.041638 -1.983153 
64 99  4.100409 -1.925204 
64 100  4.159707 -1.865731 
65 0  -1.781898 -4.360564 
65 1  -1.694960 -4.362127 
65 2  -1.609532 -4.362952 
65 3  -1.525547 -4.363066 
65 4  -1.442939 -4.362493 
65 5  -1.361647 -4.361257 
65 6  -1.281614 -4.359379 
65 7  -1.202786 -4.356878 
65 8  -1.125110 -4.353774 
65 9  -1.048539 -4.350083 
65 10  -0.973025 -4.345823 
65 11  -0.898527 -4.341007 
65 12  -0.825002 -4.335650 
65 13  -0.752410 -4.329765 
65 14  -0.680714 -4.323364 
65 15  -0.609879 -4.316459 
65 16  -0.539871 -4.309059 
65 17  -0.470656 -4.301174 
65 18  -0.402204 -4.292815 
65 19  -0.334486 -4.283988 
65 20  -0.267472 -4.274702 
65 21  -0.201136 -4.264963 
65 22  -0.135452 -4.254779 
65 23  -0.070394 -4.244155 
65 24  -0.005939 -4.233097 
65 25  0.057937 -4.221610 
65 26  0.121256 -4.209698 
65 27  0.184039 -4.197365 
65 28  0.246307 -4.184615 
65 29  0.308080 -4.171452 
65 30  0.369377 -4.157877 
65 31  0.430216 -4.143893 
65 32  0.490616 -4.129502 
65 33  0.550594 -4.114706 
65 34  0.610168 -4.099506 
65 35  0.669352 -4.083903 
65 36  0.728164 -4.067898 
65 37  0.786619 -4.051490 
65 38  0.844732 -4.034679 
65 39  0.902517 -4.017466 
65 40  0.959989 -3.999848 
65 41  1.017162 -3.981826 
65 42  1.074049 -3.963397 
65 43  1.130664 -3.944560 
65 44  1.187020 -3.925312 
65 45  1.243130 -3.905651 
65 46  1.299007 -3.885575 
65 47  1.354661 -3.865080 
65 48  1.410107 -3.844163 
65 49  1.465356 -3.822820 
65 50  1.520419 -3.801047 
65 51  1.575308 -3.778839 
65 52  1.630035 -3.756192 
65 53  1.684611 -3.733100 
65 54  1.739047 -3.709559 
65 55  1.793355 -3.685562 
65 56  1.847545 -3.661102 
65 57  1.901629 -3.636174 
65 58  1.955617 -3.610769 
65 59  2.009521 -3.584882 
65 60  2.063352 -3.558503 
65 61  2.117119 -3.531625 
65 62  2.170835 -3.504238 
65 63  2.224510 -3.476333 
65 64  2.278155 -3.447901 
65 65  2.331782 -3.418932 
65 66  2.385400 -3.389413 
65 67  2.439022 -3.359335 
65 68  2.492659 -3.328685 
65 69  2.546321 -3.297451 
65 70  2.600021 -3.265619 
65 71  2.653771 -3.233175 
65 72  2.707581 -3.200106 
65 73  2.761465 -3.166395 
65 74  2.815434 -3.132027 
65 75  2.869501 -3.096985 
65 76  2.923678 -3.061251 
65 77  2.977979 -3.024806 
65 78  3.032416 -2.987632 
65 79  3.087004 -2.949707 
65 80  3.141757 -2.911010 
65 81  3.196688 -2.871518 
65 82  3.251813 -2.831208 
65 83  3.307147 -2.790053 
65 84  3.362706 -2.748028 
65 85  3.418505 -2.705105 
65 86  3.474562 -2.661254 
65 87  3.530893 -2.616444 
65 88  3.587519 -2.570642 
65 89  3.644455 -2.523814 
65 90  3.701724 -2.475923 
65 91  3.759344 -2.426930 
65 92  3.817337 -2.376795 
65 93  3.875726 -2.325473 
65 94  3.934534 -2.272919 
65 95  3.993784 -2.219084 
65 96  4.053503 -2.163916 
65 97  4.113717 -2.107360 
65 98  4.174456 -2.049357 
65 99  4.235748 -1.989844 
65 100  4.297625 -1.928754 
66 0  -1.842703 -4.510417 
66 1  -1.752547 -4.511294 
66 2  -1.663987 -4.511436 
66 3  -1.576952 -4.510870 
66 4  -1.491370 -4.509620 
66 5  -1.407178 -4.507709 
66 6  -1.324313 -4.505159 
66 7  -1.242718 -4.501990 
66 8  -1.162338 -4.498220 
66 9  -1.083122 -4.493866 
66 10  -1.005019 -4.488944 
66 11  -0.927984 -4.483470 
66 12  -0.851973 -4.477457 
66 13  -0.776944 -4.470918 
66 14  -0.702856 -4.463865 
66 15  -0.629672 -4.456310 
66 16  -0.557356 -4.448262 
66 17  -0.485872 -4.439732 
66 18  -0.415189 -4.430728 
66 19  -0.345274 -4.421259 
66 20  -0.276098 -4.411332 
66 21  -0.207632 -4.400954 
66 22  -0.139848 -4.390131 
66 23  -0.072719 -4.378870 
66 24  -0.006220 -4.367175 
66 25  0.059674 -4.355052 
66 26  0.124985 -4.342505 
66 27  0.189738 -4.329537 
66 28  0.253953 -4.316153 
66 29  0.317652 -4.302354 
66 30  0.380855 -4.288145 
66 31  0.443582 -4.273526 
66 32  0.505851 -4.258500 
66 33  0.567683 -4.243068 
66 34  0.629093 -4.227232 
66 35  0.690100 -4.210991 
66 36  0.750721 -4.194346 
66 37  0.810972 -4.177298 
66 38  0.870868 -4.159846 
66 39  0.930426 -4.141989 
66 40  0.989660 -4.123725 
66 41  1.048586 -4.105055 
66 42  1.107218 -4.085976 
66 43  1.165570 -4.066486 
66 44  1.223655 -4.046582 
66 45  1.281488 -4.026263 
66 46  1.339082 -4.005524 
66 47  1.396449 -3.984363 
66 48  1.453604 -3.962777 
66 49  1.510557 -3.940759 
66 50  1.567323 -3.918308 
66 51  1.623913 -3.895417 
66 52  1.680340 -3.872082 
66 53  1.736615 -3.848297 
66 54  1.792751 -3.824057 
66 55  1.848759 -3.799355 
66 56  1.904651 -3.774184 
66 57  1.960440 -3.748538 
66 58  2.016136 -3.722409 
66 59  2.071752 -3.695789 
66 60  2.127298 -3.668670 
66 61  2.182787 -3.641044 
66 62  2.238231 -3.612901 
66 63  2.293640 -3.584231 
66 64  2.349027 -3.555024 
66 65  2.404404 -3.525269 
66 66  2.459782 -3.494956 
66 67  2.515173 -3.464072 
66 68  2.570590 -3.432604 
66 69  2.626045 -3.400541 
66 70  2.681550 -3.367867 
66 71  2.737117 -3.334568 
66 72  2.792760 -3.300630 
66 73  2.848491 -3.266036 
66 74  2.904324 -3.230769 
66 75  2.960272 -3.194813 
66 76  3.016349 -3.158148 
66 77  3.072569 -3.120755 
66 78  3.128946 -3.082614 
66 79  3.185495 -3.043703 
66 80  3.242231 -3.004000 
66 81  3.299171 -2.963481 
66 82  3.356329 -2.922121 
66 83  3.413723 -2.879894 
66 84  3.471369 -2.836772 
66 85  3.529286 -2.792726 
66 86  3.587492 -2.747726 
66 87  3.646006 -2.701738 
66 88  3.704847 -2.654728 
66 89  3.764037 -2.606661 
66 90  3.823596 -2.557498 
66 91  3.883547 -2.507198 
66 92  3.943914 -2.455719 
66 93  4.004720 -2.403015 
66 94  4.065992 -2.349038 
66 95  4.127756 -2.293736 
66 96  4.190040 -2.237056 
66 97  4.252875 -2.178939 
66 98  4.316292 -2.119325 
66 99  4.380323 -2.058146 
66 100  4.445003 -1.995334 
67 0  -1.908390 -4.670383 
67 1  -1.814752 -4.670483 
67 2  -1.722806 -4.669852 
67 3  -1.632474 -4.668519 
67 4  -1.543682 -4.666506 
67 5  -1.456360 -4.663837 
67 6  -1.370442 -4.660533 
67 7  -1.285866 -4.656615 
67 8  -1.202574 -4.652100 
67 9  -1.120511 -4.647005 
67 10  -1.039623 -4.641347 
67 11  -0.959862 -4.635141 
67 12  -0.881180 -4.628399 
67 13  -0.803532 -4.621135 
67 14  -0.726877 -4.613361 
67 15  -0.651172 -4.605088 
67 16  -0.576381 -4.596326 
67 17  -0.502466 -4.587084 
67 18  -0.429392 -4.577372 
67 19  -0.357125 -4.567196 
67 20  -0.285634 -4.556565 
67 21  -0.214888 -4.545486 
67 22  -0.144857 -4.533965 
67 23  -0.075513 -4.522006 
67 24  -0.006829 -4.509616 
67 25  0.061221 -4.496800 
67 26  0.128662 -4.483560 
67 27  0.195519 -4.469902 
67 28  0.261813 -4.455827 
67 29  0.327569 -4.441340 
67 30  0.392807 -4.426442 
67 31  0.457548 -4.411135 
67 32  0.521813 -4.395422 
67 33  0.585621 -4.379302 
67 34  0.648992 -4.362778 
67 35  0.711943 -4.345849 
67 36  0.774493 -4.328516 
67 37  0.836658 -4.310778 
67 38  0.898457 -4.292635 
67 39  0.959905 -4.274085 
67 40  1.021018 -4.255128 
67 41  1.081813 -4.235763 
67 42  1.142304 -4.215986 
67 43  1.202507 -4.195796 
67 44  1.262436 -4.175190 
67 45  1.322105 -4.154165 
67 46  1.381530 -4.132719 
67 47  1.440724 -4.110846 
67 48  1.499700 -4.088544 
67 49  1.558472 -4.065807 
67 50  1.617053 -4.042632 
67 51  1.675457 -4.019013 
67 52  1.733696 -3.994945 
67 53  1.791784 -3.970422 
67 54  1.849732 -3.945438 
67 55  1.907555 -3.919986 
67 56  1.965264 -3.894059 
67 57  2.022872 -3.867650 
67 58  2.080391 -3.840751 
67 59  2.137834 -3.813354 
67 60  2.195213 -3.785450 
67 61  2.252542 -3.757030 
67 62  2.309831 -3.728085 
67 63  2.367094 -3.698603 
67 64  2.424344 -3.668575 
67 65  2.481592 -3.637989 
67 66  2.538853 -3.606834 
67 67  2.596138 -3.575096 
67 68  2.653461 -3.542763 
67 69  2.710834 -3.509821 
67 70  2.768272 -3.476256 
67 71  2.825788 -3.442052 
67 72  2.883395 -3.407195 
67 73  2.941108 -3.371666 
67 74  2.998941 -3.335449 
67 75  3.056908 -3.298525 
67 76  3.115025 -3.260875 
67 77  3.173307 -3.222479 
67 78  3.231768 -3.183315 
67 79  3.290426 -3.143361 
67 80  3.349297 -3.102593 
67 81  3.408398 -3.060987 
67 82  3.467747 -3.018516 
67 83  3.527361 -2.975153 
67 84  3.587259 -2.930870 
67 85  3.647461 -2.885634 
67 86  3.707987 -2.839416 
67 87  3.768858 -2.792179 
67 88  3.830095 -2.743889 
67 89  3.891721 -2.694507 
67 90  3.953760 -2.643994 
67 91  4.016236 -2.592307 
67 92  4.079174 -2.539400 
67 93  4.142603 -2.485227 
67 94  4.206550 -2.429737 
67 95  4.271045 -2.372875 
67 96  4.336119 -2.314586 
67 97  4.401804 -2.254807 
67 98  4.468137 -2.193475 
67 99  4.535153 -2.130521 
67 100  4.602891 -2.065870 
68 0  -1.979516 -4.841630 
68 1  -1.882099 -4.840844 
68 2  -1.786481 -4.839336 
68 3  -1.692578 -4.837132 
68 4  -1.600310 -4.834256 
68 5  -1.509601 -4.830730 
68 6  -1.420382 -4.826577 
68 7  -1.332586 -4.821816 
68 8  -1.246150 -4.816465 
68 9  -1.161014 -4.810540 
68 10  -1.077123 -4.804058 
68 11  -0.994423 -4.797033 
68 12  -0.912864 -4.789479 
68 13  -0.832397 -4.781408 
68 14  -0.752978 -4.772833 
68 15  -0.674564 -4.763763 
68 16  -0.597112 -4.754209 
68 17  -0.520584 -4.744179 
68 18  -0.444942 -4.733684 
68 19  -0.370150 -4.722729 
68 20  -0.296174 -4.711323 
68 21  -0.222982 -4.699472 
68 22  -0.150542 -4.687183 
68 23  -0.078823 -4.674460 
68 24  -0.007798 -4.661308 
68 25  0.062562 -4.647732 
68 26  0.132284 -4.633736 
68 27  0.201392 -4.619323 
68 28  0.269913 -4.604496 
68 29  0.337869 -4.589258 
68 30  0.405284 -4.573611 
68 31  0.472180 -4.557556 
68 32  0.538579 -4.541096 
68 33  0.604501 -4.524231 
68 34  0.669966 -4.506961 
68 35  0.734995 -4.489287 
68 36  0.799606 -4.471209 
68 37  0.863818 -4.452726 
68 38  0.927649 -4.433837 
68 39  0.991117 -4.414541 
68 40  1.054237 -4.394837 
68 41  1.117028 -4.374723 
68 42  1.179506 -4.354196 
68 43  1.241686 -4.333254 
68 44  1.303584 -4.311894 
68 45  1.365216 -4.290112 
68 46  1.426597 -4.267906 
68 47  1.487741 -4.245271 
68 48  1.548663 -4.222203 
68 49  1.609378 -4.198697 
68 50  1.669899 -4.174749 
68 51  1.730242 -4.150352 
68 52  1.790418 -4.125501 
68 53  1.850444 -4.100190 
68 54  1.910331 -4.074413 
68 55  1.970093 -4.048162 
68 56  2.029745 -4.021429 
68 57  2.089299 -3.994209 
68 58  2.148769 -3.966491 
68 59  2.208167 -3.938267 
68 60  2.267509 -3.909528 
68 61  2.326806 -3.880265 
68 62  2.386072 -3.850468 
68 63  2.445322 -3.820124 
68 64  2.504567 -3.789225 
68 65  2.563822 -3.757756 
68 66  2.623101 -3.725707 
68 67  2.682417 -3.693064 
68 68  2.741785 -3.659813 
68 69  2.801219 -3.625941 
68 70  2.860733 -3.591431 
68 71  2.920342 -3.556269 
68 72  2.980060 -3.520437 
68 73  3.039904 -3.483918 
68 74  3.099888 -3.446694 
68 75  3.160029 -3.408745 
68 76  3.220342 -3.370052 
68 77  3.280844 -3.330592 
68 78  3.341553 -3.290345 
68 79  3.402485 -3.249285 
68 80  3.463660 -3.207390 
68 81  3.525094 -3.164631 
68 82  3.586808 -3.120984 
68 83  3.648822 -3.076417 
68 84  3.711156 -3.030901 
68 85  3.773831 -2.984405 
68 86  3.836869 -2.936894 
68 87  3.900294 -2.888332 
68 88  3.964128 -2.838682 
68 89  4.028398 -2.787905 
68 90  4.093129 -2.735957 
68 91  4.158348 -2.682795 
68 92  4.224084 -2.628371 
68 93  4.290366 -2.572635 
68 94  4.357227 -2.515534 
68 95  4.424698 -2.457011 
68 96  4.492814 -2.397006 
68 97  4.561613 -2.335455 
68 98  4.631132 -2.272291 
68 99  4.701413 -2.207440 
68 100  4.772498 -2.140824 
69 0  -2.056730 -5.025511 
69 1  -1.955198 -5.023712 
69 2  -1.855585 -5.021201 
69 3  -1.757800 -5.018005 
69 4  -1.661756 -5.014147 
69 5  -1.567373 -5.009650 
69 6  -1.474574 -5.004535 
69 7  -1.383288 -4.998821 
69 8  -1.293446 -4.992525 
69 9  -1.204986 -4.985666 
69 10  -1.117846 -4.978258 
69 11  -1.031970 -4.970315 
69 12  -0.947303 -4.961851 
69 13  -0.863794 -4.952877 
69 14  -0.781394 -4.943406 
69 15  -0.700056 -4.933448 
69 16  -0.619737 -4.923012 
69 17  -0.540394 -4.912108 
69 18  -0.461986 -4.900743 
69 19  -0.384477 -4.888926 
69 20  -0.307829 -4.876662 
69 21  -0.232006 -4.863959 
69 22  -0.156976 -4.850822 
69 23  -0.082707 -4.837256 
69 24  -0.009166 -4.823266 
69 25  0.063674 -4.808855 
69 26  0.135844 -4.794029 
69 27  0.207370 -4.778789 
69 28  0.278278 -4.763138 
69 29  0.348595 -4.747079 
69 30  0.418344 -4.730614 
69 31  0.487550 -4.713744 
69 32  0.556236 -4.696470 
69 33  0.624423 -4.678793 
69 34  0.692133 -4.660713 
69 35  0.759388 -4.642230 
69 36  0.826208 -4.623343 
69 37  0.892611 -4.604053 
69 38  0.958619 -4.584356 
69 39  1.024248 -4.564254 
69 40  1.089518 -4.543742 
69 41  1.154447 -4.522819 
69 42  1.219051 -4.501483 
69 43  1.283348 -4.479731 
69 44  1.347355 -4.457559 
69 45  1.411088 -4.434964 
69 46  1.474562 -4.411941 
69 47  1.537795 -4.388488 
69 48  1.600801 -4.364598 
69 49  1.663597 -4.340267 
69 50  1.726196 -4.315489 
69 51  1.788614 -4.290260 
69 52  1.850866 -4.264572 
69 53  1.912967 -4.238419 
69 54  1.974932 -4.211794 
69 55  2.036774 -4.184689 
69 56  2.098508 -4.157098 
69 57  2.160148 -4.129011 
69 58  2.221710 -4.100420 
69 59  2.283207 -4.071315 
69 60  2.344654 -4.041688 
69 61  2.406064 -4.011527 
69 62  2.467453 -3.980823 
69 63  2.528835 -3.949563 
69 64  2.590224 -3.917737 
69 65  2.651636 -3.885331 
69 66  2.713085 -3.852332 
69 67  2.774586 -3.818728 
69 68  2.836154 -3.784503 
69 69  2.897805 -3.749642 
69 70  2.959554 -3.714130 
69 71  3.021417 -3.677951 
69 72  3.083411 -3.641085 
69 73  3.145552 -3.603516 
69 74  3.207857 -3.565223 
69 75  3.270343 -3.526188 
69 76  3.333028 -3.486388 
69 77  3.395930 -3.445801 
69 78  3.459067 -3.404404 
69 79  3.522459 -3.362173 
69 80  3.586126 -3.319080 
69 81  3.650087 -3.275100 
69 82  3.714365 -3.230203 
69 83  3.778980 -3.184359 
69 84  3.843956 -3.137535 
69 85  3.909315 -3.089700 
69 86  3.975083 -3.040816 
69 87  4.041283 -2.990847 
69 88  4.107944 -2.939752 
69 89  4.175092 -2.887490 
69 90  4.242756 -2.834017 
69 91  4.310966 -2.779285 
69 92  4.379754 -2.723245 
69 93  4.449153 -2.665844 
69 94  4.519198 -2.607026 
69 95  4.589925 -2.546731 
69 96  4.661373 -2.484895 
69 97  4.733583 -2.421452 
69 98  4.806597 -2.356328 
69 99  4.880462 -2.289448 
69 100  4.955226 -2.220729 
70 0  -2.140785 -5.223606 
70 1  -2.034758 -5.220641 
70 2  -1.930784 -5.216978 
70 3  -1.828765 -5.212645 
70 4  -1.728607 -5.207664 
70 5  -1.630222 -5.202059 
70 6  -1.533528 -5.195848 
70 7  -1.438448 -5.189052 
70 8  -1.344907 -5.181687 
70 9  -1.252838 -5.173769 
70 10  -1.162174 -5.165314 
70 11  -1.072855 -5.156336 
70 12  -0.984821 -5.146847 
70 13  -0.898017 -5.136860 
70 14  -0.812391 -5.126385 
70 15  -0.727893 -5.115431 
70 16  -0.644474 -5.104010 
70 17  -0.562090 -5.092129 
70 18  -0.480697 -5.079795 
70 19  -0.400255 -5.067017 
70 20  -0.320724 -5.053800 
70 21  -0.242065 -5.040151 
70 22  -0.164244 -5.026075 
70 23  -0.087226 -5.011576 
70 24  -0.010977 -4.996660 
70 25  0.064534 -4.981329 
70 26  0.139338 -4.965587 
70 27  0.213464 -4.949437 
70 28  0.286941 -4.932881 
70 29  0.359796 -4.915922 
70 30  0.432054 -4.898559 
70 31  0.503743 -4.880796 
70 32  0.574885 -4.862632 
70 33  0.645506 -4.844068 
70 34  0.715628 -4.825104 
70 35  0.785273 -4.805739 
70 36  0.854463 -4.785973 
70 37  0.923220 -4.765804 
70 38  0.991563 -4.745231 
70 39  1.059514 -4.724252 
70 40  1.127091 -4.702865 
70 41  1.194313 -4.681067 
70 42  1.261200 -4.658856 
70 43  1.327769 -4.636228 
70 44  1.394038 -4.613179 
70 45  1.460025 -4.589706 
70 46  1.525748 -4.565804 
70 47  1.591222 -4.541469 
70 48  1.656465 -4.516695 
70 49  1.721494 -4.491477 
70 50  1.786324 -4.465810 
70 51  1.850971 -4.439686 
70 52  1.915453 -4.413100 
70 53  1.979783 -4.386044 
70 54  2.043979 -4.358512 
70 55  2.108055 -4.330494 
70 56  2.172027 -4.301983 
70 57  2.235911 -4.272971 
70 58  2.299722 -4.243447 
70 59  2.363475 -4.213402 
70 60  2.427186 -4.182827 
70 61  2.490871 -4.151709 
70 62  2.554544 -4.120038 
70 63  2.618223 -4.087803 
70 64  2.681922 -4.054989 
70 65  2.745657 -4.021585 
70 66  2.809445 -3.987577 
70 67  2.873301 -3.952950 
70 68  2.937243 -3.917689 
70 69  3.001287 -3.881778 
70 70  3.065450 -3.845201 
70 71  3.129749 -3.807940 
70 72  3.194202 -3.769977 
70 73  3.258827 -3.731292 
70 74  3.323643 -3.691865 
70 75  3.388668 -3.651676 
70 76  3.453921 -3.610701 
70 77  3.519423 -3.568917 
70 78  3.585194 -3.526300 
70 79  3.651255 -3.482823 
70 80  3.717628 -3.438460 
70 81  3.784334 -3.393181 
70 82  3.851398 -3.346957 
70 83  3.918843 -3.299755 
70 84  3.986695 -3.251542 
70 85  4.054978 -3.202283 
70 86  4.123721 -3.151940 
70 87  4.192950 -3.100473 
70 88  4.262696 -3.047841 
70 89  4.332989 -2.993999 
70 90  4.403860 -2.938901 
70 91  4.475344 -2.882496 
70 92  4.547475 -2.824734 
70 93  4.620291 -2.765556 
70 94  4.693829 -2.704905 
70 95  4.768132 -2.642717 
70 96  4.843242 -2.578925 
70 97  4.919206 -2.513457 
70 98  4.996070 -2.446237 
70 99  5.073887 -2.377183 
70 100  5.152711 -2.306208 
71 0  -2.232568 -5.437765 
71 1  -2.121610 -5.433449 
71 2  -2.012858 -5.428458 
71 3  -1.906204 -5.422815 
71 4  -1.801546 -5.416544 
71 5  -1.698788 -5.409667 
71 6  -1.597842 -5.402203 
71 7  -1.498622 -5.394170 
71 8  -1.401050 -5.385585 
71 9  -1.305049 -5.376464 
71 10  -1.210551 -5.366821 
71 11  -1.117486 -5.356669 
71 12  -1.025793 -5.346021 
71 13  -0.935411 -5.334888 
71 14  -0.846284 -5.323281 
71 15  -0.758356 -5.311208 
71 16  -0.671577 -5.298679 
71 17  -0.585899 -5.285701 
71 18  -0.501273 -5.272283 
71 19  -0.417656 -5.258430 
71 20  -0.335006 -5.244149 
71 21  -0.253281 -5.229446 
71 22  -0.172443 -5.214324 
71 23  -0.092455 -5.198789 
71 24  -0.013281 -5.182845 
71 25  0.065113 -5.166493 
71 26  0.142759 -5.149739 
71 27  0.219691 -5.132583 
71 28  0.295937 -5.115028 
71 29  0.371528 -5.097075 
71 30  0.446491 -5.078726 
71 31  0.520855 -5.059980 
71 32  0.594644 -5.040839 
71 33  0.667886 -5.021303 
71 34  0.740604 -5.001370 
71 35  0.812822 -4.981041 
71 36  0.884565 -4.960313 
71 37  0.955854 -4.939186 
71 38  1.026712 -4.917657 
71 39  1.097160 -4.895724 
71 40  1.167219 -4.873385 
71 41  1.236910 -4.850637 
71 42  1.306252 -4.827475 
71 43  1.375266 -4.803898 
71 44  1.443969 -4.779900 
71 45  1.512382 -4.755477 
71 46  1.580523 -4.730624 
71 47  1.648410 -4.705337 
71 48  1.716060 -4.679609 
71 49  1.783492 -4.653435 
71 50  1.850724 -4.626809 
71 51  1.917771 -4.599724 
71 52  1.984652 -4.572172 
71 53  2.051384 -4.544147 
71 54  2.117983 -4.515640 
71 55  2.184466 -4.486643 
71 56  2.250849 -4.457148 
71 57  2.317151 -4.427144 
71 58  2.383387 -4.396622 
71 59  2.449573 -4.365571 
71 60  2.515728 -4.333982 
71 61  2.581866 -4.301842 
71 62  2.648007 -4.269139 
71 63  2.714165 -4.235862 
71 64  2.780359 -4.201996 
71 65  2.846605 -4.167528 
71 66  2.912922 -4.132443 
71 67  2.979326 -4.096727 
71 68  3.045837 -4.060362 
71 69  3.112471 -4.023334 
71 70  3.179248 -3.985623 
71 71  3.246187 -3.947212 
71 72  3.313306 -3.908080 
71 73  3.380626 -3.868209 
71 74  3.448166 -3.827576 
71 75  3.515948 -3.786159 
71 76  3.583993 -3.743935 
71 77  3.652322 -3.700878 
71 78  3.720958 -3.656964 
71 79  3.789925 -3.612164 
71 80  3.859245 -3.566449 
71 81  3.928944 -3.519790 
71 82  3.999048 -3.472155 
71 83  4.069582 -3.423509 
71 84  4.140576 -3.373817 
71 85  4.212056 -3.323043 
71 86  4.284054 -3.271146 
71 87  4.356600 -3.218084 
71 88  4.429727 -3.163813 
71 89  4.503469 -3.108287 
71 90  4.577862 -3.051456 
71 91  4.652942 -2.993267 
71 92  4.728750 -2.933665 
71 93  4.805327 -2.872590 
71 94  4.882715 -2.809980 
71 95  4.960962 -2.745767 
71 96  5.040115 -2.679880 
71 97  5.120227 -2.612243 
71 98  5.201351 -2.542774 
71 99  5.283544 -2.471388 
71 100  5.366870 -2.397990 
72 0  -2.333125 -5.670173 
72 1  -2.216736 -5.664286 
72 2  -2.102726 -5.657751 
72 3  -1.990978 -5.650591 
72 4  -1.881379 -5.642830 
72 5  -1.773825 -5.634486 
72 6  -1.668218 -5.625579 
72 7  -1.564465 -5.616126 
72 8  -1.462481 -5.606143 
72 9  -1.362184 -5.595644 
72 10  -1.263496 -5.584644 
72 11  -1.166344 -5.573155 
72 12  -1.070660 -5.561189 
72 13  -0.976378 -5.548755 
72 14  -0.883437 -5.535863 
72 15  -0.791777 -5.522524 
72 16  -0.701344 -5.508743 
72 17  -0.612083 -5.494530 
72 18  -0.523945 -5.479890 
72 19  -0.436881 -5.464830 
72 20  -0.350846 -5.449355 
72 21  -0.265795 -5.433470 
72 22  -0.181687 -5.417180 
72 23  -0.098481 -5.400487 
72 24  -0.016139 -5.383396 
72 25  0.065377 -5.365908 
72 26  0.146100 -5.348027 
72 27  0.226067 -5.329755 
72 28  0.305309 -5.311092 
72 29  0.383858 -5.292039 
72 30  0.461745 -5.272598 
72 31  0.538998 -5.252769 
72 32  0.615648 -5.232551 
72 33  0.691720 -5.211943 
72 34  0.767241 -5.190946 
72 35  0.842238 -5.169557 
72 36  0.916736 -5.147775 
72 37  0.990759 -5.125598 
72 38  1.064330 -5.103023 
72 39  1.137473 -5.080048 
72 40  1.210211 -5.056669 
72 41  1.282565 -5.032884 
72 42  1.354556 -5.008688 
72 43  1.426207 -4.984078 
72 44  1.497538 -4.959048 
72 45  1.568568 -4.933594 
72 46  1.639318 -4.907710 
72 47  1.709808 -4.881392 
72 48  1.780056 -4.854632 
72 49  1.850082 -4.827425 
72 50  1.919905 -4.799763 
72 51  1.989544 -4.771640 
72 52  2.059016 -4.743048 
72 53  2.128340 -4.713978 
72 54  2.197535 -4.684423 
72 55  2.266619 -4.654373 
72 56  2.335609 -4.623819 
72 57  2.404524 -4.592751 
72 58  2.473382 -4.561158 
72 59  2.542201 -4.529030 
72 60  2.610999 -4.496354 
72 61  2.679794 -4.463120 
72 62  2.748604 -4.429313 
72 63  2.817449 -4.394922 
72 64  2.886346 -4.359931 
72 65  2.955315 -4.324326 
72 66  3.024374 -4.288093 
72 67  3.093543 -4.251214 
72 68  3.162842 -4.213673 
72 69  3.232290 -4.175452 
72 70  3.301908 -4.136533 
72 71  3.371716 -4.096896 
72 72  3.441736 -4.056521 
72 73  3.511989 -4.015386 
72 74  3.582498 -3.973468 
72 75  3.653285 -3.930745 
72 76  3.724373 -3.887191 
72 77  3.795787 -3.842780 
72 78  3.867552 -3.797484 
72 79  3.939693 -3.751275 
72 80  4.012237 -3.704122 
72 81  4.085211 -3.655993 
72 82  4.158643 -3.606855 
72 83  4.232564 -3.556671 
72 84  4.307003 -3.505405 
72 85  4.381993 -3.453016 
72 86  4.457567 -3.399462 
72 87  4.533760 -3.344700 
72 88  4.610608 -3.288682 
72 89  4.688149 -3.231358 
72 90  4.766424 -3.172677 
72 91  4.845474 -3.112581 
72 92  4.925343 -3.051013 
72 93  5.006079 -2.987908 
72 94  5.087729 -2.923200 
72 95  5.170346 -2.856817 
72 96  5.253984 -2.788684 
72 97  5.338702 -2.718719 
72 98  5.424561 -2.646836 
72 99  5.511627 -2.572941 
72 100  5.599969 -2.496936 
73 0  -2.443701 -5.923431 
73 1  -2.321303 -5.915703 
73 2  -2.201483 -5.907365 
73 3  -2.084109 -5.898437 
73 4  -1.969061 -5.888941 
73 5  -1.856222 -5.878895 
73 6  -1.745485 -5.868317 
73 7  -1.636750 -5.857223 
73 8  -1.529919 -5.845627 
73 9  -1.424905 -5.833544 
73 10  -1.321623 -5.820986 
73 11  -1.219993 -5.807964 
73 12  -1.119939 -5.794488 
73 13  -1.021391 -5.780569 
73 14  -0.924281 -5.766215 
73 15  -0.828544 -5.751433 
73 16  -0.734121 -5.736232 
73 17  -0.640954 -5.720617 
73 18  -0.548986 -5.704595 
73 19  -0.458167 -5.688170 
73 20  -0.368446 -5.671348 
73 21  -0.279775 -5.654132 
73 22  -0.192109 -5.636527 
73 23  -0.105404 -5.618534 
73 24  -0.019619 -5.600158 
73 25  0.065287 -5.581399 
73 26  0.149352 -5.562259 
73 27  0.232613 -5.542741 
73 28  0.315105 -5.522843 
73 29  0.396862 -5.502568 
73 30  0.477919 -5.481914 
73 31  0.558305 -5.460882 
73 32  0.638053 -5.439471 
73 33  0.717192 -5.417679 
73 34  0.795750 -5.395505 
73 35  0.873756 -5.372947 
73 36  0.951237 -5.350003 
73 37  1.028219 -5.326671 
73 38  1.104727 -5.302947 
73 39  1.180788 -5.278828 
73 40  1.256424 -5.254311 
73 41  1.331659 -5.229391 
73 42  1.406518 -5.204064 
73 43  1.481023 -5.178326 
73 44  1.555195 -5.152171 
73 45  1.629058 -5.125593 
73 46  1.702632 -5.098588 
73 47  1.775939 -5.071149 
73 48  1.848999 -5.043268 
73 49  1.921834 -5.014941 
73 50  1.994463 -4.986157 
73 51  2.066907 -4.956911 
73 52  2.139186 -4.927194 
73 53  2.211319 -4.896996 
73 54  2.283327 -4.866310 
73 55  2.355229 -4.835125 
73 56  2.427045 -4.803431 
73 57  2.498794 -4.771217 
73 58  2.570497 -4.738473 
73 59  2.642171 -4.705186 
73 60  2.713839 -4.671345 
73 61  2.785518 -4.636936 
73 62  2.857230 -4.601946 
73 63  2.928994 -4.566361 
73 64  3.000831 -4.530166 
73 65  3.072761 -4.493346 
73 66  3.144805 -4.455883 
73 67  3.216984 -4.417762 
73 68  3.289321 -4.378964 
73 69  3.361835 -4.339470 
73 70  3.434551 -4.299261 
73 71  3.507491 -4.258316 
73 72  3.580678 -4.216614 
73 73  3.654136 -4.174131 
73 74  3.727890 -4.130844 
73 75  3.801964 -4.086728 
73 76  3.876384 -4.041756 
73 77  3.951178 -3.995901 
73 78  4.026373 -3.949134 
73 79  4.101997 -3.901424 
73 80  4.178080 -3.852738 
73 81  4.254652 -3.803043 
73 82  4.331745 -3.752302 
73 83  4.409392 -3.700479 
73 84  4.487627 -3.647532 
73 85  4.566486 -3.593421 
73 86  4.646006 -3.538100 
73 87  4.726227 -3.481522 
73 88  4.807189 -3.423637 
73 89  4.888935 -3.364393 
73 90  4.971510 -3.303733 
73 91  5.054962 -3.241598 
73 92  5.139340 -3.177924 
73 93  5.224696 -3.112644 
73 94  5.311087 -3.045688 
73 95  5.398571 -2.976977 
73 96  5.487210 -2.906432 
73 97  5.577070 -2.833965 
73 98  5.668222 -2.759483 
73 99  5.760739 -2.682887 
73 100  5.854701 -2.604069 
74 0  -2.565791 -6.200653 
74 1  -2.436709 -6.190757 
74 2  -2.310434 -6.180297 
74 3  -2.186821 -6.169295 
74 4  -2.065734 -6.157768 
74 5  -1.947045 -6.145734 
74 6  -1.830636 -6.133209 
74 7  -1.716396 -6.120206 
74 8  -1.604218 -6.106740 
74 9  -1.494004 -6.092821 
74 10  -1.385662 -6.078462 
74 11  -1.279104 -6.063671 
74 12  -1.174247 -6.048458 
74 13  -1.071012 -6.032832 
74 14  -0.969326 -6.016800 
74 15  -0.869119 -6.000368 
74 16  -0.770323 -5.983542 
74 17  -0.672877 -5.966329 
74 18  -0.576718 -5.948732 
74 19  -0.481792 -5.930757 
74 20  -0.388042 -5.912406 
74 21  -0.295417 -5.893683 
74 22  -0.203867 -5.874591 
74 23  -0.113344 -5.855131 
74 24  -0.023804 -5.835306 
74 25  0.064798 -5.815116 
74 26  0.152503 -5.794562 
74 27  0.239351 -5.773646 
74 28  0.325382 -5.752366 
74 29  0.410631 -5.730723 
74 30  0.495136 -5.708715 
74 31  0.578930 -5.686342 
74 32  0.662047 -5.663602 
74 33  0.744519 -5.640494 
74 34  0.826377 -5.617014 
74 35  0.907652 -5.593161 
74 36  0.988373 -5.568932 
74 37  1.068569 -5.544323 
74 38  1.148267 -5.519330 
74 39  1.227494 -5.493951 
74 40  1.306277 -5.468180 
74 41  1.384642 -5.442013 
74 42  1.462613 -5.415444 
74 43  1.540216 -5.388470 
74 44  1.617474 -5.361082 
74 45  1.694412 -5.333277 
74 46  1.771052 -5.305047 
74 47  1.847418 -5.276385 
74 48  1.923532 -5.247284 
74 49  1.999416 -5.217736 
74 50  2.075094 -5.187734 
74 51  2.150586 -5.157268 
74 52  2.225914 -5.126331 
74 53  2.301101 -5.094911 
74 54  2.376167 -5.063001 
74 55  2.451134 -5.030588 
74 56  2.526024 -4.997663 
74 57  2.600857 -4.964213 
74 58  2.675655 -4.930228 
74 59  2.750440 -4.895693 
74 60  2.825233 -4.860597 
74 61  2.900056 -4.824926 
74 62  2.974931 -4.788665 
74 63  3.049879 -4.751799 
74 64  3.124924 -4.714311 
74 65  3.200087 -4.676187 
74 66  3.275392 -4.637408 
74 67  3.350861 -4.597957 
74 68  3.426519 -4.557813 
74 69  3.502390 -4.516958 
74 70  3.578498 -4.475370 
74 71  3.654869 -4.433027 
74 72  3.731528 -4.389907 
74 73  3.808501 -4.345986 
74 74  3.885817 -4.301237 
74 75  3.963502 -4.255634 
74 76  4.041586 -4.209150 
74 77  4.120098 -4.161754 
74 78  4.199069 -4.113416 
74 79  4.278532 -4.064104 
74 80  4.358517 -4.013783 
74 81  4.439061 -3.962416 
74 82  4.520198 -3.909966 
74 83  4.601965 -3.856392 
74 84  4.684401 -3.801652 
74 85  4.767547 -3.745701 
74 86  4.851443 -3.688492 
74 87  4.936134 -3.629973 
74 88  5.021667 -3.570093 
74 89  5.108090 -3.508793 
74 90  5.195453 -3.446015 
74 91  5.283811 -3.381695 
74 92  5.373220 -3.315765 
74 93  5.463739 -3.248152 
74 94  5.555432 -3.178781 
74 95  5.648367 -3.107569 
74 96  5.742613 -3.034429 
74 97  5.838246 -2.959268 
74 98  5.935347 -2.881985 
74 99  6.034001 -2.802473 
74 100  6.134299 -2.720617 
75 0  -2.701201 -6.505611 
75 1  -2.564644 -6.493138 
75 2  -2.431159 -6.480166 
75 3  -2.300586 -6.466711 
75 4  -2.172771 -6.452791 
75 5  -2.047573 -6.438419 
75 6  -1.924861 -6.423608 
75 7  -1.804509 -6.408371 
75 8  -1.686402 -6.392717 
75 9  -1.570429 -6.376659 
75 10  -1.456488 -6.360203 
75 11  -1.344482 -6.343358 
75 12  -1.234319 -6.326132 
75 13  -1.125913 -6.308532 
75 14  -1.019183 -6.290562 
75 15  -0.914050 -6.272228 
75 16  -0.810442 -6.253535 
75 17  -0.708290 -6.234486 
75 18  -0.607526 -6.215086 
75 19  -0.508088 -6.195336 
75 20  -0.409917 -6.175240 
75 21  -0.312955 -6.154799 
75 22  -0.217148 -6.134015 
75 23  -0.122443 -6.112888 
75 24  -0.028792 -6.091420 
75 25  0.063854 -6.069610 
75 26  0.155540 -6.047459 
75 27  0.246311 -6.024965 
75 28  0.336207 -6.002128 
75 29  0.425271 -5.978946 
75 30  0.513541 -5.955419 
75 31  0.601054 -5.931543 
75 32  0.687847 -5.907316 
75 33  0.773955 -5.882736 
75 34  0.859413 -5.857800 
75 35  0.944252 -5.832504 
75 36  1.028506 -5.806844 
75 37  1.112204 -5.780817 
75 38  1.195378 -5.754418 
75 39  1.278056 -5.727643 
75 40  1.360268 -5.700485 
75 41  1.442042 -5.672941 
75 42  1.523404 -5.645004 
75 43  1.604381 -5.616667 
75 44  1.685001 -5.587926 
75 45  1.765289 -5.558772 
75 46  1.845269 -5.529198 
75 47  1.924968 -5.499197 
75 48  2.004410 -5.468761 
75 49  2.083619 -5.437881 
75 50  2.162620 -5.406549 
75 51  2.241435 -5.374755 
75 52  2.320090 -5.342489 
75 53  2.398607 -5.309741 
75 54  2.477010 -5.276501 
75 55  2.555323 -5.242758 
75 56  2.633569 -5.208499 
75 57  2.711770 -5.173712 
75 58  2.789952 -5.138384 
75 59  2.868136 -5.102503 
75 60  2.946347 -5.066054 
75 61  3.024609 -5.029021 
75 62  3.102946 -4.991391 
75 63  3.181381 -4.953146 
75 64  3.259940 -4.914270 
75 65  3.338647 -4.874745 
75 66  3.417528 -4.834553 
75 67  3.496609 -4.793675 
75 68  3.575915 -4.752089 
75 69  3.655473 -4.709775 
75 70  3.735311 -4.666711 
75 71  3.815456 -4.622872 
75 72  3.895938 -4.578236 
75 73  3.976785 -4.532775 
75 74  4.058029 -4.486463 
75 75  4.139699 -4.439272 
75 76  4.221829 -4.391172 
75 77  4.304451 -4.342130 
75 78  4.387600 -4.292116 
75 79  4.471312 -4.241092 
75 80  4.555623 -4.189024 
75 81  4.640572 -4.135872 
75 82  4.726198 -4.081596 
75 83  4.812545 -4.026152 
75 84  4.899655 -3.969496 
75 85  4.987573 -3.911579 
75 86  5.076347 -3.852350 
75 87  5.166028 -3.791755 
75 88  5.256667 -3.729738 
75 89  5.348320 -3.666238 
75 90  5.441045 -3.601190 
75 91  5.534903 -3.534526 
75 92  5.629958 -3.466174 
75 93  5.726279 -3.396055 
75 94  5.823939 -3.324088 
75 95  5.923014 -3.250184 
75 96  6.023586 -3.174248 
75 97  6.125742 -3.096180 
75 98  6.229574 -3.015872 
75 99  6.335182 -2.933208 
75 100  6.442670 -2.848062 
76 0  -2.852137 -6.842905 
76 1  -2.707167 -6.827348 
76 2  -2.565581 -6.811376 
76 3  -2.427196 -6.795002 
76 4  -2.291842 -6.778237 
76 5  -2.159361 -6.761093 
76 6  -2.029603 -6.743580 
76 7  -1.902429 -6.725705 
76 8  -1.777711 -6.707478 
76 9  -1.655324 -6.688904 
76 10  -1.535155 -6.669991 
76 11  -1.417095 -6.650744 
76 12  -1.301043 -6.631167 
76 13  -1.186903 -6.611266 
76 14  -1.074584 -6.591043 
76 15  -0.964000 -6.570502 
76 16  -0.855070 -6.549645 
76 17  -0.747718 -6.528475 
76 18  -0.641869 -6.506993 
76 19  -0.537455 -6.485201 
76 20  -0.434410 -6.463098 
76 21  -0.332671 -6.440685 
76 22  -0.232177 -6.417963 
76 23  -0.132872 -6.394931 
76 24  -0.034701 -6.371587 
76 25  0.062389 -6.347932 
76 26  0.158448 -6.323963 
76 27  0.253524 -6.299679 
76 28  0.347663 -6.275077 
76 29  0.440910 -6.250154 
76 30  0.533307 -6.224909 
76 31  0.624896 -6.199338 
76 32  0.715716 -6.173438 
76 33  0.805806 -6.147204 
76 34  0.895204 -6.120633 
76 35  0.983945 -6.093720 
76 36  1.072064 -6.066461 
76 37  1.159595 -6.038850 
76 38  1.246571 -6.010883 
76 39  1.333024 -5.982553 
76 40  1.418986 -5.953855 
76 41  1.504487 -5.924782 
76 42  1.589558 -5.895328 
76 43  1.674226 -5.865486 
76 44  1.758522 -5.835247 
76 45  1.842473 -5.804606 
76 46  1.926108 -5.773552 
76 47  2.009453 -5.742079 
76 48  2.092535 -5.710176 
76 49  2.175381 -5.677835 
76 50  2.258018 -5.645046 
76 51  2.340472 -5.611799 
76 52  2.422769 -5.578083 
76 53  2.504933 -5.543886 
76 54  2.586992 -5.509198 
76 55  2.668971 -5.474006 
76 56  2.750896 -5.438298 
76 57  2.832792 -5.402059 
76 58  2.914685 -5.365277 
76 59  2.996601 -5.327937 
76 60  3.078565 -5.290023 
76 61  3.160605 -5.251521 
76 62  3.242747 -5.212412 
76 63  3.325018 -5.172681 
76 64  3.407444 -5.132309 
76 65  3.490054 -5.091276 
76 66  3.572875 -5.049564 
76 67  3.655936 -5.007152 
76 68  3.739266 -4.964018 
76 69  3.822895 -4.920139 
76 70  3.906853 -4.875491 
76 71  3.991172 -4.830049 
76 72  4.075883 -4.783788 
76 73  4.161020 -4.736680 
76 74  4.246616 -4.688696 
76 75  4.332706 -4.639805 
76 76  4.419326 -4.589977 
76 77  4.506515 -4.539176 
76 78  4.594310 -4.487368 
76 79  4.682751 -4.434516 
76 80  4.771882 -4.380581 
76 81  4.861744 -4.325521 
76 82  4.952383 -4.269292 
76 83  5.043847 -4.211849 
76 84  5.136186 -4.153143 
76 85  5.229450 -4.093122 
76 86  5.323694 -4.031732 
76 87  5.418975 -3.968915 
76 88  5.515353 -3.904609 
76 89  5.612892 -3.838749 
76 90  5.711658 -3.771266 
76 91  5.811720 -3.702087 
76 92  5.913154 -3.631132 
76 93  6.016039 -3.558318 
76 94  6.120457 -3.483556 
76 95  6.226498 -3.406750 
76 96  6.334256 -3.327798 
76 97  6.443833 -3.246590 
76 98  6.555335 -3.163010 
76 99  6.668878 -3.076930 
76 100  6.784585 -2.988215 
77 0  -3.021324 -7.218213 
77 1  -2.866818 -7.198934 
77 2  -2.716065 -7.179349 
77 3  -2.568856 -7.159467 
77 4  -2.424998 -7.139295 
77 5  -2.284312 -7.118838 
77 6  -2.146630 -7.098101 
77 7  -2.011795 -7.077088 
77 8  -1.879660 -7.055805 
77 9  -1.750088 -7.034253 
77 10  -1.622950 -7.012436 
77 11  -1.498125 -6.990355 
77 12  -1.375499 -6.968012 
77 13  -1.254965 -6.945409 
77 14  -1.136421 -6.922546 
77 15  -1.019771 -6.899424 
77 16  -0.904925 -6.876042 
77 17  -0.791797 -6.852400 
77 18  -0.680307 -6.828498 
77 19  -0.570376 -6.804334 
77 20  -0.461931 -6.779907 
77 21  -0.354904 -6.755216 
77 22  -0.249226 -6.730258 
77 23  -0.144836 -6.705031 
77 24  -0.041672 -6.679532 
77 25  0.060324 -6.653759 
77 26  0.161207 -6.627708 
77 27  0.261031 -6.601377 
77 28  0.359845 -6.574760 
77 29  0.457700 -6.547855 
77 30  0.554641 -6.520657 
77 31  0.650716 -6.493162 
77 32  0.745967 -6.465365 
77 33  0.840437 -6.437260 
77 34  0.934167 -6.408843 
77 35  1.027196 -6.380107 
77 36  1.119563 -6.351048 
77 37  1.211305 -6.321658 
77 38  1.302458 -6.291932 
77 39  1.393058 -6.261862 
77 40  1.483139 -6.231442 
77 41  1.572734 -6.200663 
77 42  1.661876 -6.169519 
77 43  1.750598 -6.138001 
77 44  1.838931 -6.106101 
77 45  1.926906 -6.073810 
77 46  2.014553 -6.041119 
77 47  2.101903 -6.008018 
77 48  2.188985 -5.974497 
77 49  2.275828 -5.940547 
77 50  2.362462 -5.906155 
77 51  2.448915 -5.871312 
77 52  2.535216 -5.836005 
77 53  2.621393 -5.800222 
77 54  2.707475 -5.763950 
77 55  2.793489 -5.727177 
77 56  2.879465 -5.689888 
77 57  2.965430 -5.652069 
77 58  3.051414 -5.613704 
77 59  3.137444 -5.574779 
77 60  3.223549 -5.535278 
77 61  3.309760 -5.495182 
77 62  3.396104 -5.454474 
77 63  3.482612 -5.413136 
77 64  3.569315 -5.371147 
77 65  3.656242 -5.328489 
77 66  3.743426 -5.285139 
77 67  3.830897 -5.241076 
77 68  3.918689 -5.196276 
77 69  4.006835 -5.150715 
77 70  4.095368 -5.104367 
77 71  4.184325 -5.057205 
77 72  4.273740 -5.009202 
77 73  4.363651 -4.960328 
77 74  4.454097 -4.910552 
77 75  4.545116 -4.859842 
77 76  4.636750 -4.808163 
77 77  4.729040 -4.755480 
77 78  4.822031 -4.701755 
77 79  4.915769 -4.646947 
77 80  5.010300 -4.591015 
77 81  5.105675 -4.533914 
77 82  5.201945 -4.475597 
77 83  5.299164 -4.416016 
77 84  5.397388 -4.355116 
77 85  5.496678 -4.292844 
77 86  5.597095 -4.229140 
77 87  5.698705 -4.163941 
77 88  5.801577 -4.097182 
77 89  5.905784 -4.028791 
77 90  6.011402 -3.958695 
77 91  6.118514 -3.886812 
77 92  6.227205 -3.813059 
77 93  6.337567 -3.737344 
77 94  6.449698 -3.659570 
77 95  6.563700 -3.579633 
77 96  6.679685 -3.497422 
77 97  6.797770 -3.412817 
77 98  6.918081 -3.325691 
77 99  7.040753 -3.235905 
77 100  7.165933 -3.143310 
78 0  -3.212160 -7.638625 
78 1  -3.046762 -7.614807 
78 2  -2.885556 -7.590831 
78 3  -2.728303 -7.566696 
78 4  -2.574782 -7.542401 
78 5  -2.424788 -7.517946 
78 6  -2.278130 -7.493330 
78 7  -2.134630 -7.468550 
78 8  -1.994120 -7.443606 
78 9  -1.856446 -7.418495 
78 10  -1.721460 -7.393214 
78 11  -1.589026 -7.367762 
78 12  -1.459016 -7.342135 
78 13  -1.331308 -7.316332 
78 14  -1.205787 -7.290348 
78 15  -1.082347 -7.264180 
78 16  -0.960886 -7.237826 
78 17  -0.841308 -7.211281 
78 18  -0.723521 -7.184542 
78 19  -0.607440 -7.157604 
78 20  -0.492981 -7.130464 
78 21  -0.380068 -7.103116 
78 22  -0.268626 -7.075557 
78 23  -0.158585 -7.047783 
78 24  -0.049877 -7.019787 
78 25  0.057562 -6.991565 
78 26  0.163794 -6.963111 
78 27  0.268879 -6.934421 
78 28  0.372871 -6.905489 
78 29  0.475826 -6.876308 
78 30  0.577797 -6.846873 
78 31  0.678832 -6.817178 
78 32  0.778982 -6.787216 
78 33  0.878292 -6.756980 
78 34  0.976807 -6.726464 
78 35  1.074572 -6.695660 
78 36  1.171629 -6.664561 
78 37  1.268019 -6.633159 
78 38  1.363782 -6.601447 
78 39  1.458957 -6.569417 
78 40  1.553582 -6.537059 
78 41  1.647693 -6.504366 
78 42  1.741328 -6.471328 
78 43  1.834521 -6.437935 
78 44  1.927308 -6.404179 
78 45  2.019722 -6.370049 
78 46  2.111797 -6.335535 
78 47  2.203567 -6.300626 
78 48  2.295063 -6.265311 
78 49  2.386319 -6.229578 
78 50  2.477366 -6.193416 
78 51  2.568237 -6.156811 
78 52  2.658962 -6.119752 
78 53  2.749573 -6.082224 
78 54  2.840102 -6.044213 
78 55  2.930580 -6.005706 
78 56  3.021039 -5.966687 
78 57  3.111509 -5.927140 
78 58  3.202023 -5.887050 
78 59  3.292612 -5.846398 
78 60  3.383309 -5.805168 
78 61  3.474146 -5.763341 
78 62  3.565156 -5.720898 
78 63  3.656372 -5.677818 
78 64  3.747827 -5.634082 
78 65  3.839558 -5.589666 
78 66  3.931597 -5.544548 
78 67  4.023982 -5.498704 
78 68  4.116748 -5.452109 
78 69  4.209934 -5.404738 
78 70  4.303577 -5.356561 
78 71  4.397718 -5.307552 
78 72  4.492396 -5.257679 
78 73  4.587654 -5.206911 
78 74  4.683536 -5.155215 
78 75  4.780086 -5.102555 
78 76  4.877350 -5.048896 
78 77  4.975377 -4.994198 
78 78  5.074217 -4.938420 
78 79  5.173923 -4.881520 
78 80  5.274547 -4.823452 
78 81  5.376149 -4.764169 
78 82  5.478785 -4.703619 
78 83  5.582520 -4.641750 
78 84  5.687419 -4.578504 
78 85  5.793549 -4.513822 
78 86  5.900982 -4.447640 
78 87  6.009796 -4.379890 
78 88  6.120070 -4.310501 
78 89  6.231889 -4.239396 
78 90  6.345343 -4.166493 
78 91  6.460526 -4.091706 
78 92  6.577539 -4.014942 
78 93  6.696491 -3.936102 
78 94  6.817494 -3.855080 
78 95  6.940672 -3.771763 
78 96  7.066153 -3.686027 
78 97  7.194078 -3.597743 
78 98  7.324596 -3.506770 
78 99  7.457867 -3.412955 
78 100  7.594064 -3.316135 
79 0  -3.428950 -8.113109 
79 1  -3.250998 -8.083698 
79 2  -3.077768 -8.054325 
79 3  -2.908983 -8.024977 
79 4  -2.744390 -7.995644 
79 5  -2.583751 -7.966316 
79 6  -2.426845 -7.936982 
79 7  -2.273468 -7.907633 
79 8  -2.123429 -7.878259 
79 9  -1.976548 -7.848851 
79 10  -1.832660 -7.819400 
79 11  -1.691607 -7.789897 
79 12  -1.553243 -7.760335 
79 13  -1.417431 -7.730703 
79 14  -1.284041 -7.700995 
79 15  -1.152950 -7.671202 
79 16  -1.024044 -7.641315 
79 17  -0.897214 -7.611328 
79 18  -0.772357 -7.581232 
79 19  -0.649375 -7.551019 
79 20  -0.528177 -7.520681 
79 21  -0.408675 -7.490211 
79 22  -0.290786 -7.459601 
79 23  -0.174429 -7.428842 
79 24  -0.059530 -7.397928 
79 25  0.053983 -7.366850 
79 26  0.166180 -7.335600 
79 27  0.277127 -7.304170 
79 28  0.386886 -7.272552 
79 29  0.495518 -7.240739 
79 30  0.603082 -7.208720 
79 31  0.709633 -7.176489 
79 32  0.815226 -7.144037 
79 33  0.919912 -7.111354 
79 34  1.023742 -7.078432 
79 35  1.126764 -7.045263 
79 36  1.229026 -7.011836 
79 37  1.330572 -6.978142 
79 38  1.431449 -6.944173 
79 39  1.531698 -6.909917 
79 40  1.631361 -6.875366 
79 41  1.730481 -6.840508 
79 42  1.829097 -6.805332 
79 43  1.927248 -6.769830 
79 44  2.024973 -6.733988 
79 45  2.122309 -6.697795 
79 46  2.219295 -6.661240 
79 47  2.315967 -6.624311 
79 48  2.412361 -6.586994 
79 49  2.508513 -6.549277 
79 50  2.604459 -6.511147 
79 51  2.700234 -6.472589 
79 52  2.795872 -6.433590 
79 53  2.891411 -6.394133 
79 54  2.986883 -6.354205 
79 55  3.082324 -6.313789 
79 56  3.177770 -6.272869 
79 57  3.273255 -6.231427 
79 58  3.368814 -6.189445 
79 59  3.464484 -6.146906 
79 60  3.560301 -6.103790 
79 61  3.656300 -6.060076 
79 62  3.752518 -6.015745 
79 63  3.848994 -5.970774 
79 64  3.945765 -5.925140 
79 65  4.042869 -5.878820 
79 66  4.140347 -5.831790 
79 67  4.238239 -5.784023 
79 68  4.336586 -5.735492 
79 69  4.435431 -5.686170 
79 70  4.534817 -5.636026 
79 71  4.634789 -5.585030 
79 72  4.735395 -5.533149 
79 73  4.836681 -5.480348 
79 74  4.938697 -5.426593 
79 75  5.041495 -5.371845 
79 76  5.145127 -5.316065 
79 77  5.249650 -5.259210 
79 78  5.355121 -5.201238 
79 79  5.461600 -5.142101 
79 80  5.569150 -5.081750 
79 81  5.677836 -5.020134 
79 82  5.787728 -4.957198 
79 83  5.898898 -4.892883 
79 84  6.011422 -4.827129 
79 85  6.125379 -4.759870 
79 86  6.240854 -4.691037 
79 87  6.357935 -4.620557 
79 88  6.476717 -4.548350 
79 89  6.597300 -4.474335 
79 90  6.719788 -4.398421 
79 91  6.844294 -4.320514 
79 92  6.970937 -4.240513 
79 93  7.099845 -4.158308 
79 94  7.231152 -4.073783 
79 95  7.365003 -3.986814 
79 96  7.501555 -3.897266 
79 97  7.640972 -3.804995 
79 98  7.783435 -3.709844 
79 99  7.929135 -3.611645 
79 100  8.078281 -3.510217 
80 0  -3.677218 -8.653178 
80 1  -3.484647 -8.616790 
80 2  -3.297448 -8.580704 
80 3  -3.115297 -8.544891 
80 4  -2.937896 -8.509327 
80 5  -2.764968 -8.473989 
80 6  -2.596256 -8.438852 
80 7  -2.431522 -8.403897 
80 8  -2.270544 -8.369102 
80 9  -2.113116 -8.334450 
80 10  -1.959044 -8.299921 
80 11  -1.808149 -8.265499 
80 12  -1.660261 -8.231166 
80 13  -1.515223 -8.196907 
80 14  -1.372885 -8.162707 
80 15  -1.233109 -8.128550 
80 16  -1.095763 -8.094423 
80 17  -0.960722 -8.060312 
80 18  -0.827869 -8.026204 
80 19  -0.697094 -7.992084 
80 20  -0.568292 -7.957942 
80 21  -0.441363 -7.923763 
80 22  -0.316213 -7.889537 
80 23  -0.192752 -7.855251 
80 24  -0.070896 -7.820893 
80 25  0.049439 -7.786451 
80 26  0.168328 -7.751915 
80 27  0.285847 -7.717273 
80 28  0.402067 -7.682513 
80 29  0.517056 -7.647624 
80 30  0.630879 -7.612596 
80 31  0.743599 -7.577416 
80 32  0.855276 -7.542073 
80 33  0.965969 -7.506557 
80 34  1.075734 -7.470855 
80 35  1.184625 -7.434957 
80 36  1.292696 -7.398851 
80 37  1.399996 -7.362526 
80 38  1.506577 -7.325969 
80 39  1.612485 -7.289168 
80 40  1.717768 -7.252112 
80 41  1.822472 -7.214789 
80 42  1.926642 -7.177185 
80 43  2.030321 -7.139288 
80 44  2.133552 -7.101085 
80 45  2.236378 -7.062563 
80 46  2.338841 -7.023708 
80 47  2.440981 -6.984506 
80 48  2.542839 -6.944943 
80 49  2.644455 -6.905004 
80 50  2.745870 -6.864674 
80 51  2.847121 -6.823938 
80 52  2.948249 -6.782779 
80 53  3.049294 -6.741181 
80 54  3.150293 -6.699127 
80 55  3.251287 -6.656600 
80 56  3.352314 -6.613580 
80 57  3.453415 -6.570050 
80 58  3.554628 -6.525990 
80 59  3.655995 -6.481379 
80 60  3.757556 -6.436197 
80 61  3.859351 -6.390422 
80 62  3.961423 -6.344030 
80 63  4.063813 -6.296999 
80 64  4.166566 -6.249303 
80 65  4.269725 -6.200918 
80 66  4.373334 -6.151815 
80 67  4.477441 -6.101968 
80 68  4.582092 -6.051347 
80 69  4.687336 -5.999921 
80 70  4.793223 -5.947658 
80 71  4.899804 -5.894525 
80 72  5.007133 -5.840487 
80 73  5.115264 -5.785506 
80 74  5.224256 -5.729544 
80 75  5.334166 -5.672560 
80 76  5.445057 -5.614512 
80 77  5.556994 -5.555352 
80 78  5.670042 -5.495035 
80 79  5.784272 -5.433509 
80 80  5.899757 -5.370722 
80 81  6.016574 -5.306617 
80 82  6.134804 -5.241134 
80 83  6.254531 -5.174211 
80 84  6.375844 -5.105781 
80 85  6.498838 -5.035772 
80 86  6.623611 -4.964108 
80 87  6.750270 -4.890710 
80 88  6.878924 -4.815492 
80 89  7.009693 -4.738362 
80 90  7.142701 -4.659223 
80 91  7.278084 -4.577970 
80 92  7.415982 -4.494492 
80 93  7.556548 -4.408669 
80 94  7.699946 -4.320371 
80 95  7.846348 -4.229462 
80 96  7.995944 -4.135791 
80 97  8.148933 -4.039199 
80 98  8.305534 -3.939511 
80 99  8.465979 -3.836540 
80 100  8.630522 -3.730083 
81 0  -3.964175 -9.273863 
81 1  -3.754381 -9.228649 
81 2  -3.550768 -9.184097 
81 3  -3.352949 -9.140158 
81 4  -3.160572 -9.096784 
81 5  -2.973306 -9.053934 
81 6  -2.790851 -9.011566 
81 7  -2.612925 -8.969644 
81 8  -2.439268 -8.928132 
81 9  -2.269637 -8.886997 
81 10  -2.103807 -8.846209 
81 11  -1.941567 -8.805737 
81 12  -1.782722 -8.765553 
81 13  -1.627088 -8.725633 
81 14  -1.474492 -8.685950 
81 15  -1.324772 -8.646481 
81 16  -1.177776 -8.607203 
81 17  -1.033363 -8.568095 
81 18  -0.891396 -8.529135 
81 19  -0.751748 -8.490303 
81 20  -0.614300 -8.451581 
81 21  -0.478937 -8.412950 
81 22  -0.345551 -8.374391 
81 23  -0.214040 -8.335887 
81 24  -0.084307 -8.297422 
81 25  0.043741 -8.258978 
81 26  0.170193 -8.220539 
81 27  0.295132 -8.182091 
81 28  0.418640 -8.143616 
81 29  0.540794 -8.105099 
81 30  0.661668 -8.066527 
81 31  0.781332 -8.027883 
81 32  0.899855 -7.989154 
81 33  1.017303 -7.950324 
81 34  1.133740 -7.911379 
81 35  1.249226 -7.872304 
81 36  1.363821 -7.833086 
81 37  1.477582 -7.793709 
81 38  1.590565 -7.754159 
81 39  1.702825 -7.714422 
81 40  1.814414 -7.674483 
81 41  1.925384 -7.634327 
81 42  2.035785 -7.593940 
81 43  2.145667 -7.553305 
81 44  2.255077 -7.512409 
81 45  2.364063 -7.471235 
81 46  2.472673 -7.429768 
81 47  2.580951 -7.387991 
81 48  2.688945 -7.345889 
81 49  2.796698 -7.303444 
81 50  2.904256 -7.260640 
81 51  3.011663 -7.217458 
81 52  3.118963 -7.173882 
81 53  3.226202 -7.129891 
81 54  3.333422 -7.085468 
81 55  3.440668 -7.040593 
81 56  3.547985 -6.995246 
81 57  3.655417 -6.949405 
81 58  3.763010 -6.903050 
81 59  3.870809 -6.856157 
81 60  3.978861 -6.808705 
81 61  4.087211 -6.760668 
81 62  4.195907 -6.712022 
81 63  4.304999 -6.662742 
81 64  4.414534 -6.612800 
81 65  4.524564 -6.562169 
81 66  4.635139 -6.510819 
81 67  4.746314 -6.458719 
81 68  4.858142 -6.405839 
81 69  4.970679 -6.352144 
81 70  5.083983 -6.297601 
81 71  5.198114 -6.242171 
81 72  5.313133 -6.185818 
81 73  5.429104 -6.128502 
81 74  5.546094 -6.070179 
81 75  5.664172 -6.010806 
81 76  5.783410 -5.950335 
81 77  5.903883 -5.888718 
81 78  6.025669 -5.825903 
81 79  6.148851 -5.761835 
81 80  6.273514 -5.696456 
81 81  6.399751 -5.629704 
81 82  6.527655 -5.561514 
81 83  6.657328 -5.491818 
81 84  6.788875 -5.420543 
81 85  6.922408 -5.347609 
81 86  7.058046 -5.272935 
81 87  7.195914 -5.196432 
81 88  7.336146 -5.118006 
81 89  7.478884 -5.037556 
81 90  7.624280 -4.954974 
81 91  7.772494 -4.870145 
81 92  7.923699 -4.782946 
81 93  8.078080 -4.693242 
81 94  8.235835 -4.600892 
81 95  8.397176 -4.505741 
81 96  8.562334 -4.407622 
81 97  8.731555 -4.306356 
81 98  8.905106 -4.201748 
81 99  9.083276 -4.093587 
81 100  9.266378 -3.981642 
82 0  -4.299424 -9.995168 
82 1  -4.069058 -9.938608 
82 2  -3.845897 -9.883211 
82 3  -3.629475 -9.828895 
82 4  -3.419361 -9.775582 
82 5  -3.215163 -9.723202 
82 6  -3.016518 -9.671688 
82 7  -2.823089 -9.620980 
82 8  -2.634566 -9.571022 
82 9  -2.450661 -9.521759 
82 10  -2.271106 -9.473143 
82 11  -2.095654 -9.425127 
82 12  -1.924072 -9.377669 
82 13  -1.756144 -9.330726 
82 14  -1.591667 -9.284260 
82 15  -1.430452 -9.238236 
82 16  -1.272322 -9.192618 
82 17  -1.117110 -9.147374 
82 18  -0.964658 -9.102472 
82 19  -0.814819 -9.057884 
82 20  -0.667454 -9.013580 
82 21  -0.522430 -8.969534 
82 22  -0.379622 -8.925719 
82 23  -0.238914 -8.882112 
82 24  -0.100191 -8.838687 
82 25  0.036651 -8.795421 
82 26  0.171715 -8.752293 
82 27  0.305097 -8.709280 
82 28  0.436891 -8.666361 
82 29  0.567183 -8.623516 
82 30  0.696059 -8.580724 
82 31  0.823599 -8.537966 
82 32  0.949882 -8.495223 
82 33  1.074982 -8.452475 
82 34  1.198972 -8.409704 
82 35  1.321921 -8.366891 
82 36  1.443896 -8.324019 
82 37  1.564964 -8.281068 
82 38  1.685186 -8.238022 
82 39  1.804625 -8.194863 
82 40  1.923341 -8.151571 
82 41  2.041391 -8.108130 
82 42  2.158833 -8.064522 
82 43  2.275723 -8.020728 
82 44  2.392114 -7.976731 
82 45  2.508062 -7.932513 
82 46  2.623620 -7.888054 
82 47  2.738838 -7.843336 
82 48  2.853770 -7.798340 
82 49  2.968465 -7.753048 
82 50  3.082976 -7.707439 
82 51  3.197351 -7.661493 
82 52  3.311643 -7.615191 
82 53  3.425901 -7.568511 
82 54  3.540175 -7.521432 
82 55  3.654515 -7.473932 
82 56  3.768973 -7.425988 
82 57  3.883600 -7.377578 
82 58  3.998446 -7.328677 
82 59  4.113565 -7.279261 
82 60  4.229009 -7.229304 
82 61  4.344832 -7.178780 
82 62  4.461087 -7.127662 
82 63  4.577832 -7.075921 
82 64  4.695122 -7.023528 
82 65  4.813017 -6.970453 
82 66  4.931575 -6.916662 
82 67  5.050858 -6.862124 
82 68  5.170929 -6.806804 
82 69  5.291853 -6.750664 
82 70  5.413698 -6.693668 
82 71  5.536534 -6.635776 
82 72  5.660432 -6.576945 
82 73  5.785467 -6.517132 
82 74  5.911719 -6.456292 
82 75  6.039268 -6.394375 
82 76  6.168199 -6.331331 
82 77  6.298601 -6.267106 
82 78  6.430567 -6.201643 
82 79  6.564196 -6.134883 
82 80  6.699590 -6.066762 
82 81  6.836858 -5.997213 
82 82  6.976113 -5.926164 
82 83  7.117475 -5.853540 
82 84  7.261073 -5.779260 
82 85  7.407042 -5.703238 
82 86  7.555525 -5.625384 
82 87  7.706674 -5.545599 
82 88  7.860651 -5.463779 
82 89  8.017630 -5.379814 
82 90  8.177796 -5.293582 
82 91  8.341347 -5.204956 
82 92  8.508493 -5.113798 
82 93  8.679464 -5.019959 
82 94  8.854505 -4.923279 
82 95  9.033878 -4.823585 
82 96  9.217870 -4.720690 
82 97  9.406788 -4.614390 
82 98  9.600968 -4.504465 
82 99  9.800772 -4.390676 
82 100  10.006595 -4.272760 
83 0  -4.696025 -10.844309 
83 1  -4.440692 -10.772889 
83 2  -4.193887 -10.703342 
83 3  -3.955034 -10.635535 
83 4  -3.723607 -10.569346 
83 5  -3.499122 -10.504661 
83 6  -3.281135 -10.441379 
83 7  -3.069237 -10.379402 
83 8  -2.863053 -10.318644 
83 9  -2.662235 -10.259021 
83 10  -2.466458 -10.200459 
83 11  -2.275426 -10.142885 
83 12  -2.088859 -10.086234 
83 13  -1.906500 -10.030445 
83 14  -1.728108 -9.975458 
83 15  -1.553457 -9.921220 
83 16  -1.382336 -9.867680 
83 17  -1.214548 -9.814789 
83 18  -1.049909 -9.762502 
83 19  -0.888244 -9.710776 
83 20  -0.729389 -9.659570 
83 21  -0.573189 -9.608846 
83 22  -0.419499 -9.558565 
83 23  -0.268181 -9.508693 
83 24  -0.119103 -9.459197 
83 25  0.027857 -9.410044 
83 26  0.172818 -9.361203 
83 27  0.315893 -9.312644 
83 28  0.457187 -9.264338 
83 29  0.596804 -9.216258 
83 30  0.734840 -9.168377 
83 31  0.871389 -9.120668 
83 32  1.006540 -9.073107 
83 33  1.140381 -9.025669 
83 34  1.272993 -8.978329 
83 35  1.404457 -8.931063 
83 36  1.534849 -8.883850 
83 37  1.664245 -8.836665 
83 38  1.792717 -8.789486 
83 39  1.920336 -8.742291 
83 40  2.047169 -8.695058 
83 41  2.173283 -8.647765 
83 42  2.298744 -8.600390 
83 43  2.423615 -8.552912 
83 44  2.547959 -8.505308 
83 45  2.671838 -8.457558 
83 46  2.795311 -8.409639 
83 47  2.918438 -8.361530 
83 48  3.041279 -8.313208 
83 49  3.163892 -8.264651 
83 50  3.286335 -8.215837 
83 51  3.408665 -8.166742 
83 52  3.530941 -8.117343 
83 53  3.653221 -8.067617 
83 54  3.775561 -8.017539 
83 55  3.898020 -7.967085 
83 56  4.020656 -7.916230 
83 57  4.143528 -7.864947 
83 58  4.266695 -7.813209 
83 59  4.390219 -7.760990 
83 60  4.514159 -7.708262 
83 61  4.638578 -7.654994 
83 62  4.763540 -7.601157 
83 63  4.889108 -7.546719 
83 64  5.015350 -7.491649 
83 65  5.142334 -7.435913 
83 66  5.270128 -7.379474 
83 67  5.398806 -7.322299 
83 68  5.528441 -7.264347 
83 69  5.659111 -7.205580 
83 70  5.790893 -7.145955 
83 71  5.923872 -7.085431 
83 72  6.058132 -7.023960 
83 73  6.193763 -6.961496 
83 74  6.330857 -6.897987 
83 75  6.469513 -6.833381 
83 76  6.609832 -6.767623 
83 77  6.751919 -6.700653 
83 78  6.895889 -6.632410 
83 79  7.041858 -6.562827 
83 80  7.189951 -6.491835 
83 81  7.340298 -6.419360 
83 82  7.493039 -6.345323 
83 83  7.648321 -6.269642 
83 84  7.806298 -6.192226 
83 85  7.967138 -6.112983 
83 86  8.131015 -6.031809 
83 87  8.298117 -5.948598 
83 88  8.468646 -5.863232 
83 89  8.642815 -5.775589 
83 90  8.820855 -5.685533 
83 91  9.003012 -5.592923 
83 92  9.189552 -5.497602 
83 93  9.380760 -5.399404 
83 94  9.576945 -5.298147 
83 95  9.778441 -5.193636 
83 96  9.985609 -5.085659 
83 97  10.198842 -4.973984 
83 98  10.418568 -4.858360 
83 99  10.645252 -4.738511 
83 100  10.879403 -4.614137 
84 0  -5.172223 -11.859294 
84 1  -4.885997 -11.767976 
84 2  -4.610057 -11.679561 
84 3  -4.343671 -11.593839 
84 4  -4.086176 -11.510616 
84 5  -3.836968 -11.429719 
84 6  -3.595491 -11.350985 
84 7  -3.361238 -11.274267 
84 8  -3.133742 -11.199429 
84 9  -2.912574 -11.126346 
84 10  -2.697338 -11.054903 
84 11  -2.487668 -10.984991 
84 12  -2.283225 -10.916513 
84 13  -2.083693 -10.849374 
84 14  -1.888782 -10.783489 
84 15  -1.698218 -10.718778 
84 16  -1.511748 -10.655165 
84 17  -1.329134 -10.592579 
84 18  -1.150154 -10.530955 
84 19  -0.974601 -10.470231 
84 20  -0.802279 -10.410347 
84 21  -0.633004 -10.351248 
84 22  -0.466603 -10.292881 
84 23  -0.302912 -10.235198 
84 24  -0.141777 -10.178150 
84 25  0.016948 -10.121692 
84 26  0.173402 -10.065782 
84 27  0.327716 -10.010380 
84 28  0.480016 -9.955444 
84 29  0.630422 -9.900939 
84 30  0.779047 -9.846827 
84 31  0.925999 -9.793074 
84 32  1.071385 -9.739646 
84 33  1.215303 -9.686511 
84 34  1.357850 -9.633636 
84 35  1.499119 -9.580992 
84 36  1.639200 -9.528549 
84 37  1.778178 -9.476276 
84 38  1.916137 -9.424147 
84 39  2.053159 -9.372132 
84 40  2.189323 -9.320204 
84 41  2.324706 -9.268336 
84 42  2.459383 -9.216501 
84 43  2.593427 -9.164673 
84 44  2.726911 -9.112826 
84 45  2.859905 -9.060933 
84 46  2.992479 -9.008968 
84 47  3.124703 -8.956905 
84 48  3.256644 -8.904719 
84 49  3.388370 -8.852382 
84 50  3.519947 -8.799869 
84 51  3.651444 -8.747152 
84 52  3.782926 -8.694206 
84 53  3.914460 -8.641003 
84 54  4.046114 -8.587514 
84 55  4.177954 -8.533713 
84 56  4.310048 -8.479571 
84 57  4.442466 -8.425058 
84 58  4.575276 -8.370144 
84 59  4.708548 -8.314799 
84 60  4.842355 -8.258991 
84 61  4.976769 -8.202688 
84 62  5.111864 -8.145856 
84 63  5.247717 -8.088460 
84 64  5.384406 -8.030466 
84 65  5.522012 -7.971835 
84 66  5.660616 -7.912530 
84 67  5.800305 -7.852510 
84 68  5.941167 -7.791733 
84 69  6.083293 -7.730156 
84 70  6.226778 -7.667734 
84 71  6.371721 -7.604419 
84 72  6.518225 -7.540161 
84 73  6.666398 -7.474907 
84 74  6.816352 -7.408602 
84 75  6.968205 -7.341189 
84 76  7.122080 -7.272607 
84 77  7.278107 -7.202790 
84 78  7.436423 -7.131671 
84 79  7.597174 -7.059177 
84 80  7.760510 -6.985231 
84 81  7.926595 -6.909752 
84 82  8.095598 -6.832654 
84 83  8.267703 -6.753844 
84 84  8.443103 -6.673224 
84 85  8.622004 -6.590689 
84 86  8.804628 -6.506125 
84 87  8.991208 -6.419413 
84 88  9.181999 -6.330423 
84 89  9.377271 -6.239016 
84 90  9.577316 -6.145041 
84 91  9.782448 -6.048338 
84 92  9.993006 -5.948730 
84 93  10.209356 -5.846029 
84 94  10.431897 -5.740030 
84 95  10.661059 -5.630508 
84 96  10.897312 -5.517221 
84 97  11.141168 -5.399903 
84 98  11.393187 -5.278264 
84 99  11.653982 -5.151984 
84 100  11.924226 -5.020715 
85 0  -5.754288 -13.094858 
85 1  -5.428943 -12.976178 
85 2  -5.116281 -12.861943 
85 3  -4.815354 -12.751817 
85 4  -4.525301 -12.645498 
85 5  -4.245342 -12.542709 
85 6  -3.974765 -12.443199 
85 7  -3.712925 -12.346739 
85 8  -3.459228 -12.253120 
85 9  -3.213132 -12.162150 
85 10  -2.974138 -12.073651 
85 11  -2.741788 -11.987462 
85 12  -2.515658 -11.903432 
85 13  -2.295358 -11.821422 
85 14  -2.080525 -11.741305 
85 15  -1.870825 -11.662960 
85 16  -1.665943 -11.586276 
85 17  -1.465591 -11.511150 
85 18  -1.269497 -11.437486 
85 19  -1.077406 -11.365192 
85 20  -0.889083 -11.294184 
85 21  -0.704304 -11.224383 
85 22  -0.522861 -11.155712 
85 23  -0.344556 -11.088102 
85 24  -0.169205 -11.021486 
85 25  0.003368 -10.955801 
85 26  0.173329 -10.890987 
85 27  0.340833 -10.826986 
85 28  0.506032 -10.763746 
85 29  0.669065 -10.701214 
85 30  0.830069 -10.639341 
85 31  0.989172 -10.578081 
85 32  1.146497 -10.517387 
85 33  1.302163 -10.457217 
85 34  1.456282 -10.397528 
85 35  1.608963 -10.338281 
85 36  1.760313 -10.279435 
85 37  1.910431 -10.220955 
85 38  2.059416 -10.162802 
85 39  2.207364 -10.104941 
85 40  2.354365 -10.047336 
85 41  2.500511 -9.989955 
85 42  2.645890 -9.932763 
85 43  2.790586 -9.875728 
85 44  2.934685 -9.818817 
85 45  3.078268 -9.761998 
85 46  3.221417 -9.705240 
85 47  3.364214 -9.648511 
85 48  3.506736 -9.591780 
85 49  3.649063 -9.535015 
85 50  3.791274 -9.478186 
85 51  3.933447 -9.421261 
85 52  4.075660 -9.364210 
85 53  4.217991 -9.307000 
85 54  4.360518 -9.249600 
85 55  4.503322 -9.191977 
85 56  4.646482 -9.134098 
85 57  4.790078 -9.075932 
85 58  4.934193 -9.017442 
85 59  5.078909 -8.958596 
85 60  5.224312 -8.899358 
85 61  5.370489 -8.839690 
85 62  5.517527 -8.779557 
85 63  5.665519 -8.718920 
85 64  5.814557 -8.657738 
85 65  5.964737 -8.595971 
85 66  6.116160 -8.533577 
85 67  6.268928 -8.470510 
85 68  6.423148 -8.406726 
85 69  6.578931 -8.342177 
85 70  6.736392 -8.276812 
85 71  6.895652 -8.210579 
85 72  7.056836 -8.143424 
85 73  7.220077 -8.075289 
85 74  7.385511 -8.006113 
85 75  7.553286 -7.935834 
85 76  7.723553 -7.864383 
85 77  7.896473 -7.791691 
85 78  8.072218 -7.717681 
85 79  8.250967 -7.642274 
85 80  8.432911 -7.565387 
85 81  8.618254 -7.486928 
85 82  8.807212 -7.406803 
85 83  9.000015 -7.324908 
85 84  9.196908 -7.241135 
85 85  9.398156 -7.155368 
85 86  9.604039 -7.067479 
85 87  9.814861 -6.977335 
85 88  10.030946 -6.884790 
85 89  10.252647 -6.789688 
85 90  10.480342 -6.691859 
85 91  10.714440 -6.591121 
85 92  10.955386 -6.487275 
85 93  11.203662 -6.380104 
85 94  11.459795 -6.269375 
85 95  11.724357 -6.154830 
85 96  11.997975 -6.036187 
85 97  12.281338 -5.913141 
85 98  12.575199 -5.785351 
85 99  12.880392 -5.652444 
85 100  13.197835 -5.514009 
86 0  -6.481485 -14.632798 
86 1  -6.105156 -14.475251 
86 2  -5.744916 -14.324546 
86 3  -5.399480 -14.180140 
86 4  -5.067695 -14.041543 
86 5  -4.748520 -13.908314 
86 6  -4.441014 -13.780053 
86 7  -4.144325 -13.656400 
86 8  -3.857676 -13.537025 
86 9  -3.580362 -13.421630 
86 10  -3.311738 -13.309940 
86 11  -3.051212 -13.201707 
86 12  -2.798242 -13.096700 
86 13  -2.552329 -12.994707 
86 14  -2.313013 -12.895535 
86 15  -2.079870 -12.799003 
86 16  -1.852506 -12.704946 
86 17  -1.630557 -12.613210 
86 18  -1.413685 -12.523650 
86 19  -1.201573 -12.436135 
86 20  -0.993927 -12.350539 
86 21  -0.790473 -12.266748 
86 22  -0.590952 -12.184651 
86 23  -0.395124 -12.104149 
86 24  -0.202762 -12.025144 
86 25  -0.013651 -11.947547 
86 26  0.172410 -11.871275 
86 27  0.355611 -11.796245 
86 28  0.536133 -11.722384 
86 29  0.714147 -11.649618 
86 30  0.889816 -11.577881 
86 31  1.063294 -11.507107 
86 32  1.234729 -11.437235 
86 33  1.404263 -11.368206 
86 34  1.572031 -11.299963 
86 35  1.738163 -11.232453 
86 36  1.902784 -11.165624 
86 37  2.066014 -11.099425 
86 38  2.227970 -11.033809 
86 39  2.388765 -10.968729 
86 40  2.548508 -10.904140 
86 41  2.707305 -10.839999 
86 42  2.865262 -10.776262 
86 43  3.022478 -10.712888 
86 44  3.179054 -10.649838 
86 45  3.335087 -10.587070 
86 46  3.490675 -10.524545 
86 47  3.645911 -10.462226 
86 48  3.800889 -10.400074 
86 49  3.955705 -10.338052 
86 50  4.110449 -10.276123 
86 51  4.265216 -10.214248 
86 52  4.420097 -10.152391 
86 53  4.575186 -10.090516 
86 54  4.730577 -10.028584 
86 55  4.886364 -9.966559 
86 56  5.042642 -9.904402 
86 57  5.199508 -9.842076 
86 58  5.357060 -9.779543 
86 59  5.515399 -9.716761 
86 60  5.674626 -9.653693 
86 61  5.834846 -9.590297 
86 62  5.996166 -9.526531 
86 63  6.158697 -9.462352 
86 64  6.322552 -9.397716 
86 65  6.487850 -9.332579 
86 66  6.654711 -9.266892 
86 67  6.823262 -9.200607 
86 68  6.993634 -9.133673 
86 69  7.165965 -9.066039 
86 70  7.340396 -8.997649 
86 71  7.517078 -8.928446 
86 72  7.696168 -8.858370 
86 73  7.877830 -8.787358 
86 74  8.062237 -8.715344 
86 75  8.249573 -8.642258 
86 76  8.440030 -8.568027 
86 77  8.633813 -8.492573 
86 78  8.831139 -8.415815 
86 79  9.032237 -8.337664 
86 80  9.237354 -8.258027 
86 81  9.446749 -8.176806 
86 82  9.660703 -8.093895 
86 83  9.879514 -8.009181 
86 84  10.103502 -7.922543 
86 85  10.333012 -7.833851 
86 86  10.568413 -7.742965 
86 87  10.810105 -7.649734 
86 88  11.058519 -7.553995 
86 89  11.314124 -7.455573 
86 90  11.577424 -7.354276 
86 91  11.848973 -7.249896 
86 92  12.129369 -7.142207 
86 93  12.419269 -7.030962 
86 94  12.719392 -6.915891 
86 95  13.030524 -6.796696 
86 96  13.353533 -6.673052 
86 97  13.689376 -6.544598 
86 98  14.039109 -6.410936 
86 99  14.403906 -6.271626 
86 100  14.785074 -6.126175 
87 0  -7.415230 -16.601065 
87 1  -6.970000 -16.386019 
87 2  -6.545921 -16.181733 
87 3  -6.141174 -15.987289 
87 4  -5.754139 -15.801870 
87 5  -5.383367 -15.624747 
87 6  -5.027560 -15.455264 
87 7  -4.685548 -15.292833 
87 8  -4.356278 -15.136925 
87 9  -4.038793 -14.987058 
87 10  -3.732229 -14.842797 
87 11  -3.435797 -14.703747 
87 12  -3.148777 -14.569548 
87 13  -2.870513 -14.439869 
87 14  -2.600401 -14.314409 
87 15  -2.337888 -14.192891 
87 16  -2.082463 -14.075060 
87 17  -1.833657 -13.960682 
87 18  -1.591033 -13.849541 
87 19  -1.354190 -13.741435 
87 20  -1.122750 -13.636180 
87 21  -0.896368 -13.533601 
87 22  -0.674716 -13.433540 
87 23  -0.457491 -13.335846 
87 24  -0.244410 -13.240380 
87 25  -0.035204 -13.147010 
87 26  0.170377 -13.055615 
87 27  0.372569 -12.966080 
87 28  0.571595 -12.878295 
87 29  0.767666 -12.792161 
87 30  0.960982 -12.707579 
87 31  1.151733 -12.624461 
87 32  1.340099 -12.542718 
87 33  1.526253 -12.462271 
87 34  1.710360 -12.383042 
87 35  1.892578 -12.304956 
87 36  2.073057 -12.227943 
87 37  2.251944 -12.151936 
87 38  2.429379 -12.076871 
87 39  2.605499 -12.002685 
87 40  2.780435 -11.929319 
87 41  2.954316 -11.856715 
87 42  3.127267 -11.784819 
87 43  3.299409 -11.713577 
87 44  3.470863 -11.642937 
87 45  3.641745 -11.572847 
87 46  3.812172 -11.503260 
87 47  3.982257 -11.434127 
87 48  4.152114 -11.365400 
87 49  4.321855 -11.297033 
87 50  4.491593 -11.228982 
87 51  4.661438 -11.161200 
87 52  4.831504 -11.093644 
87 53  5.001901 -11.026269 
87 54  5.172745 -10.959031 
87 55  5.344148 -10.891886 
87 56  5.516228 -10.824790 
87 57  5.689102 -10.757700 
87 58  5.862889 -10.690570 
87 59  6.037713 -10.623357 
87 60  6.213698 -10.556014 
87 61  6.390973 -10.488495 
87 62  6.569671 -10.420754 
87 63  6.749928 -10.352742 
87 64  6.931885 -10.284412 
87 65  7.115689 -10.215711 
87 66  7.301492 -10.146589 
87 67  7.489452 -10.076992 
87 68  7.679734 -10.006864 
87 69  7.872511 -9.936149 
87 70  8.067964 -9.864786 
87 71  8.266284 -9.792713 
87 72  8.467670 -9.719865 
87 73  8.672333 -9.646174 
87 74  8.880496 -9.571567 
87 75  9.092396 -9.495970 
87 76  9.308283 -9.419303 
87 77  9.528422 -9.341481 
87 78  9.753098 -9.262415 
87 79  9.982612 -9.182010 
87 80  10.217288 -9.100164 
87 81  10.457472 -9.016771 
87 82  10.703535 -8.931713 
87 83  10.955877 -8.844869 
87 84  11.214929 -8.756103 
87 85  11.481154 -8.665274 
87 86  11.755055 -8.572226 
87 87  12.037177 -8.476793 
87 88  12.328113 -8.378792 
87 89  12.628506 -8.278026 
87 90  12.939061 -8.174281 
87 91  13.260545 -8.067322 
87 92  13.593804 -7.956892 
87 93  13.939765 -7.842708 
87 94  14.299450 -7.724460 
87 95  14.673988 -7.601805 
87 96  15.064632 -7.474362 
87 97  15.472774 -7.341710 
87 98  15.899966 -7.203378 
87 99  16.347944 -7.058841 
87 100  16.818660 -6.907509 
88 0  -8.657291 -19.211659 
88 1  -8.114436 -18.906987 
88 2  -7.600731 -18.619897 
88 3  -7.113436 -18.348754 
88 4  -6.650139 -18.092119 
88 5  -6.208705 -17.848720 
88 6  -5.787241 -17.617431 
88 7  -5.384060 -17.397245 
88 8  -4.997651 -17.187268 
88 9  -4.626664 -16.986694 
88 10  -4.269878 -16.794801 
88 11  -3.926196 -16.610937 
88 12  -3.594621 -16.434513 
88 13  -3.274251 -16.264995 
88 14  -2.964262 -16.101898 
88 15  -2.663905 -15.944779 
88 16  -2.372493 -15.793235 
88 17  -2.089395 -15.646896 
88 18  -1.814032 -15.505423 
88 19  -1.545871 -15.368504 
88 20  -1.284419 -15.235852 
88 21  -1.029220 -15.107203 
88 22  -0.779849 -14.982312 
88 23  -0.535914 -14.860951 
88 24  -0.297046 -14.742911 
88 25  -0.062904 -14.627995 
88 26  0.166834 -14.516022 
88 27  0.392468 -14.406820 
88 28  0.614282 -14.300231 
88 29  0.832542 -14.196107 
88 30  1.047500 -14.094307 
88 31  1.259394 -13.994701 
88 32  1.468451 -13.897165 
88 33  1.674885 -13.801583 
88 34  1.878902 -13.707844 
88 35  2.080697 -13.615846 
88 36  2.280458 -13.525490 
88 37  2.478366 -13.436682 
88 38  2.674593 -13.349333 
88 39  2.869307 -13.263360 
88 40  3.062671 -13.178681 
88 41  3.254842 -13.095218 
88 42  3.445972 -13.012899 
88 43  3.636212 -12.931652 
88 44  3.825709 -12.851408 
88 45  4.014605 -12.772103 
88 46  4.203043 -12.693671 
88 47  4.391162 -12.616052 
88 48  4.579101 -12.539185 
88 49  4.766999 -12.463013 
88 50  4.954991 -12.387479 
88 51  5.143217 -12.312526 
88 52  5.331813 -12.238101 
88 53  5.520919 -12.164149 
88 54  5.710673 -12.090619 
88 55  5.901219 -12.017457 
88 56  6.092700 -11.944612 
88 57  6.285261 -11.872032 
88 58  6.479054 -11.799666 
88 59  6.674231 -11.727463 
88 60  6.870949 -11.655369 
88 61  7.069371 -11.583335 
88 62  7.269663 -11.511305 
88 63  7.471998 -11.439229 
88 64  7.676558 -11.367050 
88 65  7.883527 -11.294714 
88 66  8.093101 -11.222165 
88 67  8.305485 -11.149343 
88 68  8.520891 -11.076189 
88 69  8.739543 -11.002642 
88 70  8.961677 -10.928636 
88 71  9.187543 -10.854106 
88 72  9.417404 -10.778983 
88 73  9.651537 -10.703193 
88 74  9.890239 -10.626660 
88 75  10.133824 -10.549304 
88 76  10.382627 -10.471042 
88 77  10.637007 -10.391783 
88 78  10.897347 -10.311433 
88 79  11.164058 -10.229892 
88 80  11.437581 -10.147052 
88 81  11.718392 -10.062798 
88 82  12.007004 -9.977008 
88 83  12.303973 -9.889549 
88 84  12.609898 -9.800279 
88 85  12.925434 -9.709043 
88 86  13.251292 -9.615676 
88 87  13.588247 -9.519996 
88 88  13.937148 -9.421805 
88 89  14.298926 -9.320888 
88 90  14.674602 -9.217009 
88 91  15.065304 -9.109907 
88 92  15.472277 -8.999296 
88 93  15.896902 -8.884861 
88 94  16.340713 -8.766249 
88 95  16.805421 -8.643070 
88 96  17.292941 -8.514887 
88 97  17.805422 -8.381211 
88 98  18.345286 -8.241490 
88 99  18.915272 -8.095104 
88 100  19.518493 -7.941345 
89 0  -10.389422 -22.843215 
89 1  -9.699103 -22.388725 
89 2  -9.051660 -21.964784 
89 3  -8.442596 -21.568224 
89 4  -7.868016 -21.196300 
89 5  -7.324523 -20.846622 
89 6  -6.809146 -20.517099 
89 7  -6.319272 -20.205895 
89 8  -5.852592 -19.911388 
89 9  -5.407061 -19.632144 
89 10  -4.980857 -19.366887 
89 11  -4.572352 -19.114477 
89 12  -4.180090 -18.873895 
89 13  -3.802760 -18.644229 
89 14  -3.439177 -18.424652 
89 15  -3.088272 -18.214423 
89 16  -2.749075 -18.012866 
89 17  -2.420700 -17.819373 
89 18  -2.102342 -17.633385 
89 19  -1.793262 -17.454396 
89 20  -1.492785 -17.281942 
89 21  -1.200286 -17.115598 
89 22  -0.915193 -16.954975 
89 23  -0.636975 -16.799713 
89 24  -0.365140 -16.649482 
89 25  -0.099232 -16.503977 
89 26  0.161174 -16.362915 
89 27  0.416475 -16.226034 
89 28  0.667042 -16.093091 
89 29  0.913223 -15.963861 
89 30  1.155345 -15.838133 
89 31  1.393716 -15.715709 
89 32  1.628629 -15.596408 
89 33  1.860359 -15.480055 
89 34  2.089169 -15.366491 
89 35  2.315308 -15.255564 
89 36  2.539014 -15.147131 
89 37  2.760518 -15.041059 
89 38  2.980037 -14.937219 
89 39  3.197783 -14.835494 
89 40  3.413961 -14.735768 
89 41  3.628769 -14.637935 
89 42  3.842399 -14.541892 
89 43  4.055039 -14.447542 
89 44  4.266872 -14.354792 
89 45  4.478078 -14.263554 
89 46  4.688836 -14.173742 
89 47  4.899321 -14.085275 
89 48  5.109706 -13.998075 
89 49  5.320165 -13.912066 
89 50  5.530870 -13.827176 
89 51  5.741995 -13.743334 
89 52  5.953712 -13.660472 
89 53  6.166198 -13.578524 
89 54  6.379630 -13.497424 
89 55  6.594187 -13.417110 
89 56  6.810053 -13.337520 
89 57  7.027415 -13.258591 
89 58  7.246464 -13.180266 
89 59  7.467398 -13.102483 
89 60  7.690420 -13.025185 
89 61  7.915739 -12.948311 
89 62  8.143573 -12.871805 
89 63  8.374148 -12.795606 
89 64  8.607701 -12.719657 
89 65  8.844477 -12.643897 
89 66  9.084734 -12.568265 
89 67  9.328744 -12.492702 
89 68  9.576791 -12.417143 
89 69  9.829177 -12.341525 
89 70  10.086221 -12.265782 
89 71  10.348260 -12.189846 
89 72  10.615653 -12.113647 
89 73  10.888783 -12.037111 
89 74  11.168056 -11.960162 
89 75  11.453911 -11.882720 
89 76  11.746813 -11.804701 
89 77  12.047267 -11.726016 
89 78  12.355812 -11.646573 
89 79  12.673034 -11.566270 
89 80  12.999562 -11.485003 
89 81  13.336084 -11.402657 
89 82  13.683340 -11.319112 
89 83  14.042143 -11.234235 
89 84  14.413376 -11.147886 
89 85  14.798006 -11.059911 
89 86  15.197095 -10.970143 
89 87  15.611811 -10.878400 
89 88  16.043442 -10.784483 
89 89  16.493411 -10.688171 
89 90  16.963301 -10.589224 
89 91  17.454868 -10.487373 
89 92  17.970076 -10.382321 
89 93  18.511125 -10.273736 
89 94  19.080485 -10.161247 
89 95  19.680946 -10.044434 
89 96  20.315667 -9.922827 
89 97  20.988242 -9.795889 
89 98  21.702777 -9.663010 
89 99  22.463988 -9.523489 
89 100  23.277316 -9.376520 
90 0  -12.971175 -28.244753 
90 1  -12.036855 -27.513976 
90 2  -11.171879 -26.841653 
90 3  -10.367892 -26.220810 
90 4  -9.617821 -25.645538 
90 5  -8.915630 -25.110804 
90 6  -8.256140 -24.612288 
90 7  -7.634880 -24.146266 
90 8  -7.047969 -23.709506 
90 9  -6.492022 -23.299194 
90 10  -5.964072 -22.912865 
90 11  -5.461506 -22.548350 
90 12  -4.982014 -22.203735 
90 13  -4.523544 -21.877325 
90 14  -4.084269 -21.567610 
90 15  -3.662554 -21.273244 
90 16  -3.256931 -20.993019 
90 17  -2.866079 -20.725854 
90 18  -2.488804 -20.470773 
90 19  -2.124025 -20.226893 
90 20  -1.770756 -19.993418 
90 21  -1.428103 -19.769623 
90 22  -1.095244 -19.554848 
90 23  -0.771427 -19.348492 
90 24  -0.455962 -19.150006 
90 25  -0.148211 -18.958886 
90 26  0.152416 -18.774669 
90 27  0.446465 -18.596931 
90 28  0.734444 -18.425280 
90 29  1.016826 -18.259355 
90 30  1.294055 -18.098821 
90 31  1.566544 -17.943369 
90 32  1.834686 -17.792711 
90 33  2.098846 -17.646581 
90 34  2.359374 -17.504730 
90 35  2.616598 -17.366927 
90 36  2.870833 -17.232954 
90 37  3.122379 -17.102611 
90 38  3.371521 -16.975708 
90 39  3.618536 -16.852068 
90 40  3.863689 -16.731523 
90 41  4.107236 -16.613916 
90 42  4.349427 -16.499101 
90 43  4.590504 -16.386938 
90 44  4.830705 -16.277296 
90 45  5.070262 -16.170049 
90 46  5.309404 -16.065081 
90 47  5.548358 -15.962279 
90 48  5.787348 -15.861537 
90 49  6.026599 -15.762754 
90 50  6.266333 -15.665833 
90 51  6.506776 -15.570683 
90 52  6.748152 -15.477215 
90 53  6.990692 -15.385345 
90 54  7.234625 -15.294992 
90 55  7.480189 -15.206078 
90 56  7.727625 -15.118528 
90 57  7.977179 -15.032269 
90 58  8.229106 -14.947230 
90 59  8.483668 -14.863343 
90 60  8.741138 -14.780543 
90 61  9.001797 -14.698763 
90 62  9.265939 -14.617941 
90 63  9.533872 -14.538014 
90 64  9.805917 -14.458921 
90 65  10.082413 -14.380601 
90 66  10.363716 -14.302993 
90 67  10.650202 -14.226039 
90 68  10.942270 -14.149677 
90 69  11.240343 -14.073849 
90 70  11.544872 -13.998494 
90 71  11.856336 -13.923551 
90 72  12.175251 -13.848957 
90 73  12.502168 -13.774650 
90 74  12.837677 -13.700565 
90 75  13.182419 -13.626634 
90 76  13.537080 -13.552789 
90 77  13.902408 -13.478959 
90 78  14.279210 -13.405067 
90 79  14.668366 -13.331035 
90 80  15.070836 -13.256781 
90 81  15.487668 -13.182216 
90 82  15.920012 -13.107246 
90 83  16.369129 -13.031771 
90 84  16.836412 -12.955682 
90 85  17.323397 -12.878864 
90 86  17.831788 -12.801187 
90 87  18.363480 -12.722516 
90 88  18.920586 -12.642695 
90 89  19.505470 -12.561559 
90 90  20.120787 -12.478921 
90 91  20.769530 -12.394574 
90 92  21.455085 -12.308285 
90 93  22.181303 -12.219793 
90 94  22.952576 -12.128802 
90 95  23.773942 -12.034975 
90 96  24.651207 -11.937927 
90 97  25.591101 -11.837212 
90 98  26.601466 -11.732316 
90 99  27.691499 -11.622634 
90 100  28.872060 -11.507460 
91 0  -17.227689 -37.135194 
91 1  -15.829006 -35.813213 
91 2  -14.560707 -34.622274 
91 3  -13.403907 -33.543520 
91 4  -12.343180 -32.561554 
91 5  -11.365797 -31.663675 
91 6  -10.461163 -30.839318 
91 7  -9.620385 -30.079620 
91 8  -8.835943 -29.377089 
91 9  -8.101432 -28.725354 
91 10  -7.411362 -28.118957 
91 11  -6.761001 -27.553197 
91 12  -6.146245 -27.024005 
91 13  -5.563518 -26.527838 
91 14  -5.009686 -26.061599 
91 15  -4.481993 -25.622569 
91 16  -3.978002 -25.208349 
91 17  -3.495551 -24.816815 
91 18  -3.032713 -24.446081 
91 19  -2.587765 -24.094466 
91 20  -2.159159 -23.760464 
91 21  -1.745502 -23.442727 
91 22  -1.345532 -23.140041 
91 23  -0.958107 -22.851310 
91 24  -0.582186 -22.575544 
91 25  -0.216819 -22.311844 
91 26  0.138865 -22.059395 
91 27  0.485664 -21.817452 
91 28  0.824316 -21.585336 
91 29  1.155502 -21.362427 
91 30  1.479855 -21.148156 
91 31  1.797963 -20.942000 
91 32  2.110375 -20.743479 
91 33  2.417605 -20.552149 
91 34  2.720138 -20.367604 
91 35  3.018430 -20.189463 
91 36  3.312911 -20.017380 
91 37  3.603993 -19.851028 
91 38  3.892065 -19.690108 
91 39  4.177502 -19.534341 
91 40  4.460662 -19.383465 
91 41  4.741893 -19.237240 
91 42  5.021529 -19.095438 
91 43  5.299896 -18.957850 
91 44  5.577312 -18.824278 
91 45  5.854090 -18.694537 
91 46  6.130537 -18.568456 
91 47  6.406955 -18.445872 
91 48  6.683647 -18.326635 
91 49  6.960913 -18.210600 
91 50  7.239054 -18.097636 
91 51  7.518373 -17.987616 
91 52  7.799176 -17.880423 
91 53  8.081772 -17.775946 
91 54  8.366477 -17.674080 
91 55  8.653615 -17.574727 
91 56  8.943517 -17.477796 
91 57  9.236524 -17.383199 
91 58  9.532988 -17.290854 
91 59  9.833277 -17.200686 
91 60  10.137772 -17.112621 
91 61  10.446872 -17.026593 
91 62  10.760993 -16.942537 
91 63  11.080576 -16.860395 
91 64  11.406085 -16.780110 
91 65  11.738008 -16.701632 
91 66  12.076868 -16.624912 
91 67  12.423216 -16.549905 
91 68  12.777645 -16.476571 
91 69  13.140786 -16.404871 
91 70  13.513316 -16.334771 
91 71  13.895966 -16.266242 
91 72  14.289520 -16.199254 
91 73  14.694831 -16.133785 
91 74  15.112818 -16.069813 
91 75  15.544485 -16.007323 
91 76  15.990924 -15.946300 
91 77  16.453326 -15.886737 
91 78  16.933000 -15.828628 
91 79  17.431382 -15.771974 
91 80  17.950056 -15.716778 
91 81  18.490772 -15.663051 
91 82  19.055469 -15.610808 
91 83  19.646306 -15.560072 
91 84  20.265690 -15.510872 
91 85  20.916318 -15.463245 
91 86  21.601220 -15.417237 
91 87  22.323815 -15.372905 
91 88  23.087974 -15.330317 
91 89  23.898102 -15.289555 
91 90  24.759233 -15.250719 
91 91  25.677143 -15.213924 
91 92  26.658503 -15.179311 
91 93  27.711051 -15.147045 
91 94  28.843820 -15.117325 
91 95  30.067422 -15.090388 
91 96  31.394408 -15.066519 
91 97  32.839740 -15.046062 
91 98  34.421391 -15.029435 
91 99  36.161151 -15.017150 
91 100  38.085702 -15.009838 
92 0  -25.564043 -54.524765 
92 1  -23.039647 -51.572659 
92 2  -20.837458 -49.013049 
92 3  -18.896704 -46.772163 
92 4  -17.170951 -44.793642 
92 5  -15.624106 -43.033689 
92 6  -14.227687 -41.457756 
92 7  -12.958915 -40.038221 
92 8  -11.799351 -38.752739 
92 9  -10.733911 -37.583036 
92 10  -9.750129 -36.514025 
92 11  -8.837614 -35.533138 
92 12  -7.987633 -34.629824 
92 13  -7.192789 -33.795156 
92 14  -6.446776 -33.021536 
92 15  -5.744181 -32.302449 
92 16  -5.080332 -31.632285 
92 17  -4.451170 -31.006182 
92 18  -3.853154 -30.419906 
92 19  -3.283176 -29.869754 
92 20  -2.738496 -29.352473 
92 21  -2.216690 -28.865195 
92 22  -1.715599 -28.405380 
92 23  -1.233297 -27.970770 
92 24  -0.768056 -27.559355 
92 25  -0.318320 -27.169335 
92 26  0.117317 -26.799097 
92 27  0.540131 -26.447190 
92 28  0.951283 -26.112306 
92 29  1.351836 -25.793262 
92 30  1.742765 -25.488986 
92 31  2.124968 -25.198506 
92 32  2.499275 -24.920937 
92 33  2.866456 -24.655472 
92 34  3.227229 -24.401374 
92 35  3.582267 -24.157970 
92 36  3.932201 -23.924641 
92 37  4.277626 -23.700821 
92 38  4.619106 -23.485991 
92 39  4.957177 -23.279671 
92 40  5.292355 -23.081421 
92 41  5.625130 -22.890835 
92 42  5.955980 -22.707538 
92 43  6.285364 -22.531185 
92 44  6.613733 -22.361457 
92 45  6.941525 -22.198060 
92 46  7.269175 -22.040721 
92 47  7.597110 -21.889189 
92 48  7.925756 -21.743233 
92 49  8.255539 -21.602639 
92 50  8.586884 -21.467210 
92 51  8.920223 -21.336765 
92 52  9.255992 -21.211139 
92 53  9.594637 -21.090178 
92 54  9.936612 -20.973746 
92 55  10.282385 -20.861716 
92 56  10.632440 -20.753974 
92 57  10.987278 -20.650420 
92 58  11.347420 -20.550962 
92 59  11.713413 -20.455522 
92 60  12.085827 -20.364032 
92 61  12.465265 -20.276436 
92 62  12.852366 -20.192687 
92 63  13.247803 -20.112750 
92 64  13.652296 -20.036603 
92 65  14.066613 -19.964231 
92 66  14.491575 -19.895636 
92 67  14.928065 -19.830829 
92 68  15.377034 -19.769834 
92 69  15.839510 -19.712689 
92 70  16.316609 -19.659449 
92 71  16.809540 -19.610180 
92 72  17.319627 -19.564968 
92 73  17.848313 -19.523917 
92 74  18.397182 -19.487151 
92 75  18.967980 -19.454815 
92 76  19.562630 -19.427081 
92 77  20.183263 -19.404146 
92 78  20.832247 -19.386241 
92 79  21.512220 -19.373631 
92 80  22.226134 -19.366621 
92 81  22.977302 -19.365562 
92 82  23.769460 -19.370860 
92 83  24.606835 -19.382980 
92 84  25.494231 -19.402460 
92 85  26.437131 -19.429924 
92 86  27.441828 -19.466094 
92 87  28.515576 -19.511811 
92 88  29.666785 -19.568057 
92 89  30.905264 -19.635987 
92 90  32.242524 -19.716964 
92 91  33.692167 -19.812605 
92 92  35.270384 -19.924844 
92 93  36.996608 -20.056012 
92 94  38.894364 -20.208935 
92 95  40.992414 -20.387081 
92 96  43.326304 -20.594740 
92 97  45.940485 -20.837288 
92 98  48.891297 -21.121548 
92 99  52.251234 -21.456307 
92 100  56.115179 -21.853076 
93 0  -49.219065 -103.826026 
93 1  -42.064632 -93.114504 
93 2  -36.418383 -84.699958 
93 3  -31.841455 -77.914635 
93 4  -28.050084 -72.326807 
93 5  -24.852647 -67.644956 
93 6  -22.115060 -63.665129 
93 7  -19.740686 -60.240356 
93 8  -17.658109 -57.262050 
93 9  -15.813405 -54.648246 
93 10  -14.165090 -52.335912 
93 11  -12.680725 -50.275783 
93 12  -11.334575 -48.428796 
93 13  -10.105956 -46.763581 
93 14  -8.978051 -45.254658 
93 15  -7.937043 -43.881112 
93 16  -6.971472 -42.625621 
93 17  -6.071748 -41.473714 
93 18  -5.229782 -40.413207 
93 19  -4.438700 -39.433773 
93 20  -3.692621 -38.526596 
93 21  -2.986477 -37.684111 
93 22  -2.315879 -36.899786 
93 23  -1.677002 -36.167955 
93 24  -1.066491 -35.483677 
93 25  -0.481393 -34.842627 
93 26  0.080908 -34.241001 
93 27  0.622740 -33.675444 
93 28  1.146186 -33.142982 
93 29  1.653115 -32.640973 
93 30  2.145216 -32.167062 
93 31  2.624020 -31.719145 
93 32  3.090923 -31.295334 
93 33  3.547203 -30.893935 
93 34  3.994035 -30.513420 
93 35  4.432506 -30.152413 
93 36  4.863626 -29.809667 
93 37  5.288338 -29.484056 
93 38  5.707528 -29.174557 
93 39  6.122031 -28.880241 
93 40  6.532640 -28.600266 
93 41  6.940113 -28.333863 
93 42  7.345177 -28.080335 
93 43  7.748534 -27.839046 
93 44  8.150865 -27.609419 
93 45  8.552838 -27.390928 
93 46  8.955108 -27.183096 
93 47  9.358324 -26.985489 
93 48  9.763133 -26.797717 
93 49  10.170180 -26.619426 
93 50  10.580120 -26.450299 
93 51  10.993611 -26.290053 
93 52  11.411329 -26.138438 
93 53  11.833965 -25.995233 
93 54  12.262229 -25.860247 
93 55  12.696861 -25.733319 
93 56  13.138628 -25.614314 
93 57  13.588335 -25.503126 
93 58  14.046827 -25.399675 
93 59  14.514996 -25.303910 
93 60  14.993789 -25.215807 
93 61  15.484213 -25.135368 
93 62  15.987347 -25.062629 
93 63  16.504345 -24.997653 
93 64  17.036455 -24.940536 
93 65  17.585022 -24.891406 
93 66  18.151506 -24.850432 
93 67  18.737498 -24.817817 
93 68  19.344735 -24.793810 
93 69  19.975120 -24.778705 
93 70  20.630749 -24.772849 
93 71  21.313933 -24.776646 
93 72  22.027232 -24.790563 
93 73  22.773494 -24.815143 
93 74  23.555895 -24.851007 
93 75  24.377993 -24.898873 
93 76  25.243788 -24.959565 
93 77  26.157798 -25.034035 
93 78  27.125145 -25.123377 
93 79  28.151663 -25.228855 
93 80  29.244033 -25.351935 
93 81  30.409937 -25.494318 
93 82  31.658261 -25.657990 
93 83  32.999345 -25.845277 
93 84  34.445288 -26.058917 
93 85  36.010350 -26.302155 
93 86  37.711456 -26.578855 
93 87  39.568852 -26.893658 
93 88  41.606965 -27.252180 
93 89  43.855548 -27.661273 
93 90  46.351211 -28.129392 
93 91  49.139532 -28.667072 
93 92  52.277976 -29.287616 
93 93  55.840053 -30.008060 
93 94  59.921339 -30.850569 
93 95  64.648438 -31.844522 
93 96  70.192686 -33.029699 
93 97  76.791836 -34.461319 
93 98  84.785696 -36.218326 
93 99  94.677495 -38.417654 
93 100  107.245548 -41.240181 
94 0  -604.313394 -1260.213547 
94 1  -232.920778 -509.641852 
94 2  -140.987744 -324.070005 
94 3  -99.253669 -239.991516 
94 4  -75.379141 -192.024475 
94 5  -59.891932 -161.018606 
94 6  -49.011446 -139.330664 
94 7  -40.932045 -123.310279 
94 8  -34.682368 -110.993776 
94 9  -29.693365 -101.230862 
94 10  -25.609544 -93.303010 
94 11  -22.197367 -86.738256 
94 12  -19.297070 -81.213800 
94 13  -16.795654 -76.501397 
94 14  -14.610931 -72.435098 
94 15  -12.681679 -68.891358 
94 16  -10.961353 -65.776309 
94 17  -9.413924 -63.017356 
94 18  -8.011058 -60.557475 
94 19  -6.730161 -58.351255 
94 20  -5.552987 -56.362087 
94 21  -4.464629 -54.560133 
94 22  -3.452787 -52.920829 
94 23  -2.507210 -51.423778 
94 24  -1.619280 -50.051897 
94 25  -0.781694 -48.790779 
94 26  0.011786 -47.628188 
94 27  0.766528 -46.553669 
94 28  1.487181 -45.558236 
94 29  2.177803 -44.634127 
94 30  2.841956 -43.774604 
94 31  3.482787 -42.973794 
94 32  4.103095 -42.226555 
94 33  4.705385 -41.528370 
94 34  5.291912 -40.875256 
94 35  5.864722 -40.263695 
94 36  6.425681 -39.690564 
94 37  6.976501 -39.153091 
94 38  7.518768 -38.648807 
94 39  8.053957 -38.175510 
94 40  8.583452 -37.731234 
94 41  9.108562 -37.314223 
94 42  9.630531 -36.922905 
94 43  10.150556 -36.555876 
94 44  10.669791 -36.211883 
94 45  11.189364 -35.889807 
94 46  11.710383 -35.588655 
94 47  12.233943 -35.307545 
94 48  12.761141 -35.045700 
94 49  13.293078 -34.802441 
94 50  13.830871 -34.577178 
94 51  14.375661 -34.369408 
94 52  14.928622 -34.178708 
94 53  15.490969 -34.004735 
94 54  16.063968 -33.847221 
94 55  16.648948 -33.705974 
94 56  17.247312 -33.580874 
94 57  17.860546 -33.471879 
94 58  18.490239 -33.379021 
94 59  19.138092 -33.302411 
94 60  19.805938 -33.242240 
94 61  20.495762 -33.198788 
94 62  21.209724 -33.172425 
94 63  21.950182 -33.163619 
94 64  22.719723 -33.172947 
94 65  23.521197 -33.201105 
94 66  24.357758 -33.248918 
94 67  25.232907 -33.317360 
94 68  26.150555 -33.407571 
94 69  27.115081 -33.520876 
94 70  28.131414 -33.658821 
94 71  29.205126 -33.823198 
94 72  30.342549 -34.016089 
94 73  31.550907 -34.239917 
94 74  32.838492 -34.497506 
94 75  34.214867 -34.792155 
94 76  35.691131 -35.127732 
94 77  37.280240 -35.508798 
94 78  38.997418 -35.940747 
94 79  40.860685 -36.430007 
94 80  42.891533 -36.984279 
94 81  45.115810 -37.612867 
94 82  47.564887 -38.327097 
94 83  50.277225 -39.140897 
94 84  53.300504 -40.071567 
94 85  56.694566 -41.140860 
94 86  60.535569 -42.376498 
94 87  64.921955 -43.814353 
94 88  69.983258 -45.501669 
94 89  75.893442 -47.501932 
94 90  82.891746 -49.902494 
94 91  91.316480 -52.826925 
94 92  101.662250 -56.455929 
94 93  114.682019 -61.064654 
94 94  131.581160 -67.093622 
94 95  154.417334 -75.294899 
94 96  187.015567 -87.066592 
94 97  237.384736 -105.336154 
94 98  325.591128 -137.438456 
94 99  520.143909 -208.415977 
94 100  1306.719042 -495.800573 
95 8  -728.894967 -2300.961652 
95 9  -222.215335 -746.989972 
95 10  -125.990724 -452.404640 
95 11  -85.143522 -327.742692 
95 12  -62.487916 -258.909620 
95 13  -48.040961 -215.275868 
95 14  -37.993448 -185.154420 
95 15  -30.576388 -163.118166 
95 16  -24.856329 -146.303649 
95 17  -20.294102 -133.057207 
95 18  -16.556488 -122.357109 
95 19  -13.426422 -113.538044 
95 20  -10.756404 -106.148182 
95 21  -8.442668 -99.869924 
95 22  -6.410067 -94.473517 
95 23  -4.602814 -89.788657 
95 24  -2.978599 -85.686442 
95 25  -1.504729 -82.067526 
95 26  -0.155519 -78.854120 
95 27  1.089518 -75.984454 
95 28  2.246939 -73.408872 
95 29  3.330297 -71.087012 
95 30  4.350815 -68.985738 
95 31  5.317884 -67.077608 
95 32  6.239452 -65.339713 
95 33  7.122308 -63.752788 
95 34  7.972309 -62.300531 
95 35  8.794561 -60.969067 
95 36  9.593556 -59.746526 
95 37  10.373287 -58.622707 
95 38  11.137338 -57.588811 
95 39  11.888960 -56.637222 
95 40  12.631137 -55.761333 
95 41  13.366630 -54.955399 
95 42  14.098033 -54.214423 
95 43  14.827802 -53.534056 
95 44  15.558294 -52.910514 
95 45  16.291797 -52.340518 
95 46  17.030560 -51.821234 
95 47  17.776814 -51.350230 
95 48  18.532802 -50.925439 
95 49  19.300801 -50.545127 
95 50  20.083148 -50.207871 
95 51  20.882266 -49.912541 
95 52  21.700688 -49.658285 
95 53  22.541087 -49.444521 
95 54  23.406307 -49.270935 
95 55  24.299400 -49.137476 
95 56  25.223659 -49.044368 
95 57  26.182665 -48.992110 
95 58  27.180337 -48.981502 
95 59  28.220991 -49.013655 
95 60  29.309406 -49.090025 
95 61  30.450906 -49.212444 
95 62  31.651452 -49.383165 
95 63  32.917762 -49.604917 
95 64  34.257442 -49.880971 
95 65  35.679157 -50.215229 
95 66  37.192832 -50.612322 
95 67  38.809906 -51.077748 
95 68  40.543647 -51.618035 
95 69  42.409538 -52.240947 
95 70  44.425781 -52.955751 
95 71  46.613931 -53.773559 
95 72  48.999715 -54.707762 
95 73  51.614110 -55.774617 
95 74  54.494768 -56.994005 
95 75  57.687926 -58.390464 
95 76  61.251014 -59.994596 
95 77  65.256283 -61.845018 
95 78  69.795923 -63.991122 
95 79  74.989466 -66.497071 
95 80  80.994763 -69.447715 
95 81  88.024681 -72.957602 
95 82  96.373394 -77.185156 
95 83  106.459319 -82.355838 
95 84  118.898479 -88.801726 
95 85  134.636809 -97.032887 
95 86  155.205200 -107.874961 
95 87  183.254398 -122.757725 
95 88  223.808229 -144.391162 
95 89  287.685097 -178.611245 
95 90  403.237862 -240.713205 
95 91  676.080051 -387.671817 
95 92  2114.690598 -1163.527426 
96 19  -335.323604 -2764.090227 
96 20  -105.980217 -1016.283001 
96 21  -55.194211 -631.683159 
96 22  -32.681327 -463.013647 
96 23  -19.851975 -368.364891 
96 24  -11.478846 -307.836316 
96 25  -5.519365 -265.840209 
96 26  -1.010638 -235.031604 
96 27  2.560896 -211.496214 
96 28  5.494387 -192.957029 
96 29  7.976083 -177.999456 
96 30  10.128177 -165.698477 
96 31  12.034325 -155.423848 
96 32  13.753891 -146.731476 
96 33  15.330317 -139.299538 
96 34  16.796279 -132.889239 
96 35  18.176975 -127.319777 
96 36  19.492295 -122.451870 
96 37  20.758298 -118.176612 
96 38  21.988241 -114.407751 
96 39  23.193312 -111.076220 
96 40  24.383169 -108.126202 
96 41  25.566342 -105.512247 
96 42  26.750544 -103.197128 
96 43  27.942918 -101.150231 
96 44  29.150229 -99.346329 
96 45  30.379041 -97.764654 
96 46  31.635857 -96.388171 
96 47  32.927260 -95.203026 
96 48  34.260035 -94.198127 
96 49  35.641305 -93.364820 
96 50  37.078661 -92.696653 
96 51  38.580310 -92.189217 
96 52  40.155235 -91.840047 
96 53  41.813382 -91.648577 
96 54  43.565876 -91.616163 
96 55  45.425284 -91.746157 
96 56  47.405923 -92.044052 
96 57  49.524253 -92.517696 
96 58  51.799350 -93.177606 
96 59  54.253509 -94.037380 
96 60  56.913017 -95.114263 
96 61  59.809132 -96.429892 
96 62  62.979378 -98.011297 
96 63  66.469241 -99.892235 
96 64  70.334455 -102.115005 
96 65  74.644106 -104.732924 
96 66  79.484928 -107.813780 
96 67  84.967383 -111.444712 
96 68  91.234407 -115.739269 
96 69  98.474349 -120.847838 
96 70  106.940615 -126.973502 
96 71  116.982461 -134.396905 
96 72  129.095119 -143.516736 
96 73  144.005016 -154.918566 
96 74  162.822603 -169.498308 
96 75  187.334857 -188.698520 
96 76  220.613175 -214.999508 
96 77  268.420320 -253.055973 
96 78  342.985545 -312.746898 
96 79  475.611779 -419.360763 
96 80  777.629123 -662.839265 
96 81  2149.089663 -1770.324920 
97 39  914.739696 -4405.342768 
97 40  509.823738 -2271.507009 
97 41  380.225977 -1575.461408 
97 42  318.777099 -1233.876822 
97 43  284.795945 -1033.781782 
97 44  264.885714 -904.784550 
97 45  253.405155 -816.956707 
97 46  247.630048 -755.511148 
97 47  246.155338 -712.411962 
97 48  248.268173 -683.044647 
97 49  253.677858 -664.728164 
97 50  262.401786 -656.004465 
97 51  274.735458 -656.305124 
97 52  291.284872 -665.837967 
97 53  313.068178 -685.646826 
97 54  341.723860 -717.873623 
97 55  379.918134 -766.351515 
97 56  432.175552 -837.868615 
97 57  506.721407 -945.011597 
97 58  620.110944 -1113.343284 
97 59  811.189057 -1403.076176 
97 60  1197.373851 -1996.486964 
97 61  2375.769716 -3820.930761 
