1.000 0.010
0 15  -1.828061 1.076690 
0 16  -2.129684 0.671630 
0 17  -2.280690 0.344404 
0 18  -2.363471 0.054887 
0 19  -2.403143 -0.208705 
0 20  -2.411779 -0.451844 
0 21  -2.396448 -0.677634 
0 22  -2.361796 -0.888055 
0 23  -2.311123 -1.084472 
0 24  -2.246903 -1.267883 
0 25  -2.171071 -1.439051 
0 26  -2.085192 -1.598578 
0 27  -1.990563 -1.746956 
0 28  -1.888282 -1.884592 
0 29  -1.779300 -2.011836 
0 30  -1.664447 -2.128990 
0 31  -1.544462 -2.236317 
0 32  -1.420008 -2.334056 
0 33  -1.291687 -2.422419 
0 34  -1.160052 -2.501602 
0 35  -1.025610 -2.571785 
0 36  -0.888836 -2.633134 
0 37  -0.750173 -2.685809 
0 38  -0.610039 -2.729955 
0 39  -0.468829 -2.765716 
0 40  -0.326920 -2.793226 
0 41  -0.184674 -2.812616 
0 42  -0.042437 -2.824011 
0 43  0.099456 -2.827536 
0 44  0.240680 -2.823309 
0 45  0.380919 -2.811451 
0 46  0.519863 -2.792076 
0 47  0.657209 -2.765301 
0 48  0.792659 -2.731241 
0 49  0.925917 -2.690011 
0 50  1.056691 -2.641726 
0 51  1.184689 -2.586503 
0 52  1.309620 -2.524457 
0 53  1.431194 -2.455707 
0 54  1.549117 -2.380374 
0 55  1.663094 -2.298581 
0 56  1.772824 -2.210452 
0 57  1.878005 -2.116116 
0 58  1.978324 -2.015707 
0 59  2.073465 -1.909360 
0 60  2.163098 -1.797219 
0 61  2.246887 -1.679430 
0 62  2.324480 -1.556148 
0 63  2.395511 -1.427535 
0 64  2.459595 -1.293762 
0 65  2.516328 -1.155009 
0 66  2.565280 -1.011469 
0 67  2.605993 -0.863346 
0 68  2.637975 -0.710862 
0 69  2.660691 -0.554256 
0 70  2.673558 -0.393788 
0 71  2.675932 -0.229744 
0 72  2.667096 -0.062441 
0 73  2.646239 0.107765 
0 74  2.612434 0.280472 
0 75  2.564604 0.455219 
0 76  2.501470 0.631466 
0 77  2.421484 0.808571 
0 78  2.322718 0.985751 
0 79  2.202693 1.162022 
0 80  2.058077 1.336099 
0 81  1.884141 1.506209 
0 82  1.673625 1.669725 
0 83  1.414014 1.822286 
0 84  1.078992 1.955100 
0 85  0.581224 2.040404 
1 15  -1.875548 1.098897 
1 16  -2.177679 0.687744 
1 17  -2.329936 0.354327 
1 18  -2.413345 0.059158 
1 19  -2.453086 -0.209599 
1 20  -2.461338 -0.457485 
1 21  -2.445256 -0.687655 
1 22  -2.409551 -0.902126 
1 23  -2.357572 -1.102296 
1 24  -2.291832 -1.289184 
1 25  -2.214299 -1.463574 
1 26  -2.126562 -1.626082 
1 27  -2.029939 -1.777214 
1 28  -1.925550 -1.917388 
1 29  -1.814357 -2.046964 
1 30  -1.697208 -2.166250 
1 31  -1.574851 -2.275520 
1 32  -1.447962 -2.375017 
1 33  -1.317153 -2.464960 
1 34  -1.182984 -2.545550 
1 35  -1.045972 -2.616972 
1 36  -0.906598 -2.679397 
1 37  -0.765312 -2.732987 
1 38  -0.622540 -2.777894 
1 39  -0.478683 -2.814262 
1 40  -0.334123 -2.842230 
1 41  -0.189227 -2.861932 
1 42  -0.044348 -2.873496 
1 43  0.100175 -2.877049 
1 44  0.244013 -2.872712 
1 45  0.386842 -2.860607 
1 46  0.528351 -2.840853 
1 47  0.668230 -2.813567 
1 48  0.806177 -2.778867 
1 49  0.941891 -2.736870 
1 50  1.075077 -2.687692 
1 51  1.205437 -2.631452 
1 52  1.332677 -2.568267 
1 53  1.456501 -2.498259 
1 54  1.576610 -2.421549 
1 55  1.692705 -2.338262 
1 56  1.804482 -2.248524 
1 57  1.911631 -2.152467 
1 58  2.013835 -2.050223 
1 59  2.110773 -1.941932 
1 60  2.202110 -1.827737 
1 61  2.287503 -1.707788 
1 62  2.366594 -1.582240 
1 63  2.439010 -1.451258 
1 64  2.504362 -1.315013 
1 65  2.562236 -1.173689 
1 66  2.612195 -1.027479 
1 67  2.653773 -0.876590 
1 68  2.686467 -0.721245 
1 69  2.709733 -0.561686 
1 70  2.722978 -0.398176 
1 71  2.725544 -0.231003 
1 72  2.716700 -0.060488 
1 73  2.695621 0.113010 
1 74  2.661360 0.289086 
1 75  2.612819 0.467273 
1 76  2.548695 0.647027 
1 77  2.467411 0.827698 
1 78  2.367004 1.008496 
1 79  2.244947 1.188427 
1 80  2.097855 1.366193 
1 81  1.920924 1.540005 
1 82  1.706796 1.707214 
1 83  1.442832 1.863434 
1 84  1.102634 1.999869 
1 85  0.600295 2.089234 
2 15  -1.923661 1.121136 
2 16  -2.226352 0.703813 
2 17  -2.379838 0.364163 
2 18  -2.463855 0.063301 
2 19  -2.503647 -0.210663 
2 20  -2.511497 -0.463335 
2 21  -2.494645 -0.697923 
2 22  -2.457866 -0.916482 
2 23  -2.404559 -1.120438 
2 24  -2.337277 -1.310836 
2 25  -2.258018 -1.488477 
2 26  -2.168398 -1.653995 
2 27  -2.069757 -1.807906 
2 28  -1.963232 -1.950642 
2 29  -1.849802 -2.082571 
2 30  -1.730328 -2.204011 
2 31  -1.605572 -2.315241 
2 32  -1.476220 -2.416513 
2 33  -1.342893 -2.508051 
2 34  -1.206160 -2.590062 
2 35  -1.066548 -2.662734 
2 36  -0.924544 -2.726245 
2 37  -0.780606 -2.780759 
2 38  -0.635166 -2.826432 
2 39  -0.488631 -2.863413 
2 40  -0.341390 -2.891843 
2 41  -0.193814 -2.911859 
2 42  -0.046262 -2.923593 
2 43  0.100921 -2.927173 
2 44  0.247401 -2.922724 
2 45  0.392851 -2.910370 
2 46  0.536953 -2.890231 
2 47  0.679394 -2.862428 
2 48  0.819866 -2.827080 
2 49  0.958066 -2.784306 
2 50  1.093690 -2.734225 
2 51  1.226440 -2.676957 
2 52  1.356014 -2.612621 
2 53  1.482113 -2.541340 
2 54  1.604435 -2.463238 
2 55  1.722673 -2.378441 
2 56  1.836519 -2.287077 
2 57  1.945659 -2.189278 
2 58  2.049771 -2.085180 
2 59  2.148527 -1.974923 
2 60  2.241588 -1.858652 
2 61  2.328604 -1.736519 
2 62  2.409211 -1.608681 
2 63  2.483032 -1.475304 
2 64  2.549666 -1.336561 
2 65  2.608696 -1.192637 
2 66  2.659676 -1.043728 
2 67  2.702130 -0.890042 
2 68  2.735548 -0.731806 
2 69  2.759374 -0.569263 
2 70  2.773004 -0.402678 
2 71  2.775768 -0.232343 
2 72  2.766921 -0.058581 
2 73  2.745621 0.118245 
2 74  2.710905 0.297727 
2 75  2.661652 0.479391 
2 76  2.596536 0.662689 
2 77  2.513948 0.846965 
2 78  2.411890 1.031421 
2 79  2.287793 1.215052 
2 80  2.138212 1.396548 
2 81  1.958270 1.574104 
2 82  1.740515 1.745049 
2 83  1.472184 1.904972 
2 84  1.126798 2.045073 
2 85  0.619798 2.138520 
3 15  -1.972417 1.143409 
3 16  -2.275714 0.719839 
3 17  -2.430406 0.373913 
3 18  -2.515012 0.067315 
3 19  -2.554836 -0.211899 
3 20  -2.562265 -0.469399 
3 21  -2.544623 -0.708443 
3 22  -2.506750 -0.931126 
3 23  -2.452094 -1.138904 
3 24  -2.383246 -1.332844 
3 25  -2.302237 -1.513767 
3 26  -2.210709 -1.682322 
3 27  -2.110024 -1.839040 
3 28  -2.001336 -1.984362 
3 29  -1.885642 -2.118667 
3 30  -1.763815 -2.242281 
3 31  -1.636631 -2.355491 
3 32  -1.504786 -2.458555 
3 33  -1.368911 -2.551703 
3 34  -1.229585 -2.635148 
3 35  -1.087342 -2.709083 
3 36  -0.942678 -2.773689 
3 37  -0.796058 -2.829135 
3 38  -0.647918 -2.875582 
3 39  -0.498675 -2.913181 
3 40  -0.348721 -2.942077 
3 41  -0.198435 -2.962409 
3 42  -0.048180 -2.974313 
3 43  0.101693 -2.977920 
3 44  0.250846 -2.973357 
3 45  0.398947 -2.960749 
3 46  0.545672 -2.940221 
3 47  0.690704 -2.911895 
3 48  0.833731 -2.875891 
3 49  0.974443 -2.832332 
3 50  1.112535 -2.781337 
3 51  1.247701 -2.723028 
3 52  1.379637 -2.657528 
3 53  1.508038 -2.584961 
3 54  1.632597 -2.505451 
3 55  1.753004 -2.419126 
3 56  1.868944 -2.326118 
3 57  1.980098 -2.226558 
3 58  2.086140 -2.120585 
3 59  2.186736 -2.008341 
3 60  2.281541 -1.889972 
3 61  2.370200 -1.765631 
3 62  2.452342 -1.635478 
3 63  2.527583 -1.499679 
3 64  2.595518 -1.358410 
3 65  2.655719 -1.211858 
3 66  2.707733 -1.060221 
3 67  2.751076 -0.903709 
3 68  2.785228 -0.742550 
3 69  2.809624 -0.576989 
3 70  2.823646 -0.407296 
3 71  2.826615 -0.233764 
3 72  2.817769 -0.056720 
3 73  2.796252 0.123470 
3 74  2.761081 0.306394 
3 75  2.711115 0.491574 
3 76  2.645002 0.678455 
3 77  2.561105 0.866375 
3 78  2.457389 1.054529 
3 79  2.331240 1.241902 
3 80  2.179157 1.427170 
3 81  1.996191 1.608512 
3 82  1.774792 1.783237 
3 83  1.502078 1.946907 
3 84  1.151490 2.090721 
3 85  0.639745 2.188274 
4 15  -2.021833 1.165714 
4 16  -2.325776 0.735823 
4 17  -2.481652 0.383577 
4 18  -2.566828 0.071198 
4 19  -2.606665 -0.213309 
4 20  -2.613654 -0.475679 
4 21  -2.595203 -0.719220 
4 22  -2.556214 -0.946065 
4 23  -2.500186 -1.157699 
4 24  -2.429750 -1.355215 
4 25  -2.346967 -1.539451 
4 26  -2.253505 -1.711073 
4 27  -2.150749 -1.870624 
4 28  -2.039871 -2.018557 
4 29  -1.921884 -2.155261 
4 30  -1.797676 -2.281070 
4 31  -1.668035 -2.396279 
4 32  -1.533666 -2.501152 
4 33  -1.395214 -2.595926 
4 34  -1.253264 -2.680818 
4 35  -1.108359 -2.756028 
4 36  -0.961004 -2.821739 
4 37  -0.811669 -2.878127 
4 38  -0.660800 -2.925355 
4 39  -0.508816 -2.963577 
4 40  -0.356119 -2.992942 
4 41  -0.203092 -3.013594 
4 42  -0.050102 -3.025669 
4 43  0.102493 -3.029301 
4 44  0.254349 -3.024621 
4 45  0.405131 -3.011757 
4 46  0.554509 -2.990835 
4 47  0.702162 -2.961978 
4 48  0.847773 -2.925311 
4 49  0.991027 -2.880957 
4 50  1.131615 -2.829038 
4 51  1.269226 -2.769677 
4 52  1.403551 -2.703000 
4 53  1.534281 -2.629131 
4 54  1.661103 -2.548197 
4 55  1.783703 -2.460328 
4 56  1.901762 -2.365656 
4 57  2.014954 -2.264317 
4 58  2.122949 -2.156448 
4 59  2.225407 -2.042194 
4 60  2.321978 -1.921704 
4 61  2.412299 -1.795131 
4 62  2.495996 -1.662636 
4 63  2.572676 -1.524389 
4 64  2.641926 -1.380567 
4 65  2.703314 -1.231358 
4 66  2.756376 -1.076962 
4 67  2.800621 -0.917592 
4 68  2.835518 -0.753478 
4 69  2.860493 -0.584868 
4 70  2.874917 -0.412032 
4 71  2.878096 -0.235269 
4 72  2.869257 -0.054906 
4 73  2.847524 0.128685 
4 74  2.811899 0.315089 
4 75  2.761218 0.503823 
4 76  2.694105 0.694327 
4 77  2.608893 0.885932 
4 78  2.503510 1.077825 
4 79  2.375299 1.268981 
4 80  2.220701 1.458063 
4 81  2.034695 1.643234 
4 82  1.809636 1.821783 
4 83  1.532522 1.989247 
4 84  1.176719 2.136820 
4 85  0.660145 2.238505 
5 15  -2.071923 1.188053 
5 16  -2.376548 0.751765 
5 17  -2.533587 0.393155 
5 18  -2.619313 0.074948 
5 19  -2.659145 -0.214897 
5 20  -2.665676 -0.482179 
5 21  -2.646395 -0.730257 
5 22  -2.606270 -0.961303 
5 23  -2.548847 -1.176830 
5 24  -2.476798 -1.377956 
5 25  -2.392216 -1.565537 
5 26  -2.296795 -1.740255 
5 27  -2.191940 -1.902666 
5 28  -2.078845 -2.053236 
5 29  -1.958537 -2.192362 
5 30  -1.831918 -2.320387 
5 31  -1.699789 -2.437615 
5 32  -1.562867 -2.544315 
5 33  -1.421806 -2.640731 
5 34  -1.277201 -2.727084 
5 35  -1.129604 -2.803580 
5 36  -0.979525 -2.870408 
5 37  -0.827444 -2.927746 
5 38  -0.673813 -2.975761 
5 39  -0.519057 -3.014613 
5 40  -0.363584 -3.044452 
5 41  -0.207783 -3.065424 
5 42  -0.052028 -3.077671 
5 43  0.103320 -3.081329 
5 44  0.257912 -3.076530 
5 45  0.411405 -3.063405 
5 46  0.563468 -3.042083 
5 47  0.713772 -3.012690 
5 48  0.861997 -2.975352 
5 49  1.007823 -2.930193 
5 50  1.150935 -2.877339 
5 51  1.291020 -2.816914 
5 52  1.427762 -2.749045 
5 53  1.560848 -2.673860 
5 54  1.689960 -2.591486 
5 55  1.814779 -2.502056 
5 56  1.934981 -2.405702 
5 57  2.050236 -2.302562 
5 58  2.160207 -2.192777 
5 59  2.264550 -2.076491 
5 60  2.362907 -1.953855 
5 61  2.454912 -1.825025 
5 62  2.540183 -1.690163 
5 63  2.618319 -1.549441 
5 64  2.688903 -1.403037 
5 65  2.751492 -1.251142 
5 66  2.805618 -1.093957 
5 67  2.850777 -0.931697 
5 68  2.886432 -0.764595 
5 69  2.911995 -0.592901 
5 70  2.926829 -0.416889 
5 71  2.930225 -0.236858 
5 72  2.921395 -0.053140 
5 73  2.899451 0.133890 
5 74  2.863372 0.323812 
5 75  2.811975 0.516140 
5 76  2.743858 0.710307 
5 77  2.657324 0.905638 
5 78  2.550266 1.101311 
5 79  2.419981 1.296293 
5 80  2.262855 1.489233 
5 81  2.073793 1.678278 
5 82  1.845055 1.860696 
5 83  1.563525 2.032000 
5 84  1.202490 2.183380 
5 85  0.681011 2.289226 
6 15  -2.122701 1.210425 
6 16  -2.428042 0.767668 
6 17  -2.586222 0.402646 
6 18  -2.672480 0.078565 
6 19  -2.712289 -0.216663 
6 20  -2.718342 -0.488902 
6 21  -2.698211 -0.741560 
6 22  -2.656927 -0.976845 
6 23  -2.598087 -1.196302 
6 24  -2.524401 -1.401072 
6 25  -2.437995 -1.592030 
6 26  -2.340587 -1.769875 
6 27  -2.233607 -1.935175 
6 28  -2.118265 -2.088408 
6 29  -1.995607 -2.229980 
6 30  -1.866548 -2.360243 
6 31  -1.731900 -2.479509 
6 32  -1.592395 -2.588054 
6 33  -1.448694 -2.686128 
6 34  -1.301402 -2.773957 
6 35  -1.151079 -2.851752 
6 36  -0.998245 -2.919708 
6 37  -0.843386 -2.978005 
6 38  -0.686960 -3.026815 
6 39  -0.529400 -3.066301 
6 40  -0.371119 -3.096617 
6 41  -0.212512 -3.117914 
6 42  -0.053958 -3.130333 
6 43  0.104176 -3.134015 
6 44  0.261534 -3.129095 
6 45  0.417772 -3.115706 
6 46  0.572550 -3.093979 
6 47  0.725536 -3.064043 
6 48  0.876405 -3.026025 
6 49  1.024834 -2.980052 
6 50  1.170501 -2.926251 
6 51  1.313087 -2.864750 
6 52  1.452275 -2.795677 
6 53  1.587744 -2.719160 
6 54  1.719174 -2.635330 
6 55  1.846239 -2.544320 
6 56  1.968610 -2.446265 
6 57  2.085952 -2.341304 
6 58  2.197924 -2.229580 
6 59  2.304173 -2.111240 
6 60  2.404339 -1.986434 
6 61  2.498049 -1.855321 
6 62  2.584912 -1.718066 
6 63  2.664524 -1.574840 
6 64  2.736459 -1.425826 
6 65  2.800266 -1.271214 
6 66  2.855468 -1.111209 
6 67  2.901556 -0.946028 
6 68  2.937979 -0.775905 
6 69  2.964141 -0.601093 
6 70  2.979392 -0.421867 
6 71  2.983012 -0.238532 
6 72  2.974197 -0.051423 
6 73  2.952043 0.139085 
6 74  2.915511 0.332565 
6 75  2.863397 0.528526 
6 76  2.794272 0.726397 
6 77  2.706410 0.925496 
6 78  2.597668 1.124993 
6 79  2.465297 1.323844 
6 80  2.305629 1.520686 
6 81  2.113494 1.713650 
6 82  1.881061 1.899982 
6 83  1.595095 2.075172 
6 84  1.228811 2.230409 
6 85  0.702353 2.340447 
7 15  -2.174184 1.232832 
7 16  -2.480268 0.783532 
7 17  -2.639570 0.412049 
7 18  -2.726340 0.082047 
7 19  -2.766107 -0.218612 
7 20  -2.771663 -0.495852 
7 21  -2.750662 -0.753131 
7 22  -2.708198 -0.992696 
7 23  -2.647917 -1.216122 
7 24  -2.572570 -1.424571 
7 25  -2.484313 -1.618940 
7 26  -2.384892 -1.799942 
7 27  -2.275759 -1.968159 
7 28  -2.158142 -2.124081 
7 29  -2.033103 -2.268123 
7 30  -1.901573 -2.400648 
7 31  -1.764377 -2.521972 
7 32  -1.622256 -2.632381 
7 33  -1.475882 -2.732128 
7 34  -1.325871 -2.821448 
7 35  -1.172791 -2.900555 
7 36  -1.017169 -2.969649 
7 37  -0.859498 -3.028914 
7 38  -0.700244 -3.078527 
7 39  -0.539846 -3.118653 
7 40  -0.378724 -3.149452 
7 41  -0.217277 -3.171074 
7 42  -0.055892 -3.183667 
7 43  0.105060 -3.187373 
7 44  0.265218 -3.182329 
7 45  0.424231 -3.168672 
7 46  0.581757 -3.146535 
7 47  0.737458 -3.116048 
7 48  0.891003 -3.077342 
7 49  1.042063 -3.030545 
7 50  1.190315 -2.975787 
7 51  1.335434 -2.913197 
7 52  1.477096 -2.842905 
7 53  1.614977 -2.765040 
7 54  1.748752 -2.679737 
7 55  1.878089 -2.587129 
7 56  2.002655 -2.487354 
7 57  2.122110 -2.380552 
7 58  2.236106 -2.266868 
7 59  2.344286 -2.146449 
7 60  2.446284 -2.019449 
7 61  2.541718 -1.886028 
7 62  2.630195 -1.746351 
7 63  2.711301 -1.600594 
7 64  2.784604 -1.448940 
7 65  2.849645 -1.291581 
7 66  2.905940 -1.128724 
7 67  2.952968 -0.960588 
7 68  2.990172 -0.787410 
7 69  3.016943 -0.609444 
7 70  3.032620 -0.426971 
7 71  3.036470 -0.240294 
7 72  3.027676 -0.049754 
7 73  3.005314 0.144270 
7 74  2.968330 0.341347 
7 75  2.915496 0.540983 
7 76  2.845359 0.742600 
7 77  2.756162 0.945510 
7 78  2.645727 1.148874 
7 79  2.511259 1.351637 
7 80  2.349034 1.552426 
7 81  2.153810 1.749355 
7 82  1.917662 1.939648 
7 83  1.627241 2.118774 
7 84  1.255689 2.277915 
7 85  0.724180 2.392177 
8 15  -2.226385 1.255275 
8 16  -2.533240 0.799359 
8 17  -2.693643 0.421366 
8 18  -2.780907 0.085392 
8 19  -2.820614 -0.220745 
8 20  -2.825653 -0.503033 
8 21  -2.803760 -0.764976 
8 22  -2.760094 -1.008863 
8 23  -2.698349 -1.236295 
8 24  -2.621315 -1.448460 
8 25  -2.531181 -1.646273 
8 26  -2.429720 -1.830463 
8 27  -2.318404 -2.001627 
8 28  -2.198483 -2.160265 
8 29  -2.071033 -2.306803 
8 30  -1.937001 -2.441611 
8 31  -1.797224 -2.565015 
8 32  -1.652455 -2.677305 
8 33  -1.503377 -2.778744 
8 34  -1.350614 -2.869569 
8 35  -1.194743 -2.950002 
8 36  -1.036299 -3.020244 
8 37  -0.875783 -3.080487 
8 38  -0.713667 -3.130910 
8 39  -0.550398 -3.171683 
8 40  -0.386400 -3.202967 
8 41  -0.222081 -3.224918 
8 42  -0.057831 -3.237686 
8 43  0.105973 -3.241414 
8 44  0.268964 -3.236245 
8 45  0.430787 -3.222316 
8 46  0.591092 -3.199763 
8 47  0.749540 -3.168719 
8 48  0.905792 -3.129316 
8 49  1.059516 -3.081686 
8 50  1.210384 -3.025959 
8 51  1.358064 -2.962266 
8 52  1.502231 -2.890740 
8 53  1.642553 -2.811513 
8 54  1.778701 -2.724720 
8 55  1.910338 -2.630496 
8 56  2.037126 -2.528980 
8 57  2.158719 -2.420316 
8 58  2.274764 -2.304648 
8 59  2.384899 -2.182127 
8 60  2.488750 -2.052907 
8 61  2.585931 -1.917151 
8 62  2.676042 -1.775027 
8 63  2.758662 -1.626710 
8 64  2.833350 -1.472385 
8 65  2.899643 -1.312248 
8 66  2.957044 -1.146506 
8 67  3.005028 -0.975382 
8 68  3.043023 -0.799114 
8 69  3.070414 -0.617960 
8 70  3.086526 -0.432200 
8 71  3.090613 -0.242145 
8 72  3.081843 -0.048135 
8 73  3.059277 0.149445 
8 74  3.021841 0.350161 
8 75  2.968285 0.553513 
8 76  2.897132 0.758919 
8 77  2.806594 0.965682 
8 78  2.694456 1.172957 
8 79  2.557879 1.379679 
8 80  2.393082 1.584461 
8 81  2.194751 1.785401 
8 82  1.954869 1.979703 
8 83  1.659972 2.162812 
8 84  1.283133 2.325909 
8 85  0.746503 2.444430 
9 15  -2.279319 1.277754 
9 16  -2.586969 0.815150 
9 17  -2.748454 0.430595 
9 18  -2.836193 0.088599 
9 19  -2.875820 -0.223066 
9 20  -2.880323 -0.510447 
9 21  -2.857518 -0.777100 
9 22  -2.812626 -1.025350 
9 23  -2.749393 -1.256828 
9 24  -2.670647 -1.472746 
9 25  -2.578609 -1.674037 
9 26  -2.475080 -1.861449 
9 27  -2.361553 -2.035589 
9 28  -2.239297 -2.196971 
9 29  -2.109406 -2.346029 
9 30  -1.972841 -2.483144 
9 31  -1.830451 -2.608649 
9 32  -1.683001 -2.722840 
9 33  -1.531185 -2.825987 
9 34  -1.375636 -2.918333 
9 35  -1.216940 -3.000103 
9 36  -1.055640 -3.071507 
9 37  -0.892244 -3.132737 
9 38  -0.727232 -3.183978 
9 39  -0.561057 -3.225403 
9 40  -0.394150 -3.257178 
9 41  -0.226923 -3.279460 
9 42  -0.059773 -3.292403 
9 43  0.106916 -3.296153 
9 44  0.272774 -3.290856 
9 45  0.437439 -3.276651 
9 46  0.600558 -3.253677 
9 47  0.761785 -3.222068 
9 48  0.920777 -3.181960 
9 49  1.077197 -3.133485 
9 50  1.230711 -3.076778 
9 51  1.380985 -3.011970 
9 52  1.527686 -2.939196 
9 53  1.670479 -2.858590 
9 54  1.809028 -2.770289 
9 55  1.942993 -2.674430 
9 56  2.072030 -2.571154 
9 57  2.195787 -2.460605 
9 58  2.313907 -2.342931 
9 59  2.426020 -2.218283 
9 60  2.531748 -2.086819 
9 61  2.630699 -1.948701 
9 62  2.722464 -1.804100 
9 63  2.806616 -1.653193 
9 64  2.882709 -1.496167 
9 65  2.950269 -1.333220 
9 66  3.008794 -1.164561 
9 67  3.057746 -0.990414 
9 68  3.096546 -0.811021 
9 69  3.124567 -0.626641 
9 70  3.141122 -0.437559 
9 71  3.145452 -0.244086 
9 72  3.136712 -0.046567 
9 73  3.113944 0.154610 
9 74  3.076057 0.359006 
9 75  3.021778 0.566117 
9 76  2.949604 0.775355 
9 77  2.857718 0.986017 
9 78  2.743867 1.197248 
9 79  2.605169 1.407974 
9 80  2.437784 1.616796 
9 81  2.236329 1.821794 
9 82  1.992692 2.020153 
9 83  1.693298 2.207295 
9 84  1.311150 2.374398 
9 85  0.769332 2.497215 
10 15  -2.333002 1.300273 
10 16  -2.641468 0.830906 
10 17  -2.804015 0.439735 
10 18  -2.892211 0.091666 
10 19  -2.931740 -0.225576 
10 20  -2.935687 -0.518100 
10 21  -2.911948 -0.789508 
10 22  -2.865808 -1.042163 
10 23  -2.801062 -1.277727 
10 24  -2.720578 -1.497436 
10 25  -2.626609 -1.702241 
10 26  -2.520982 -1.892906 
10 27  -2.405215 -2.070053 
10 28  -2.280594 -2.234207 
10 29  -2.148231 -2.385812 
10 30  -2.009099 -2.525258 
10 31  -1.864064 -2.652884 
10 32  -1.713900 -2.768996 
10 33  -1.559312 -2.873869 
10 34  -1.400943 -2.967751 
10 35  -1.239387 -3.050873 
10 36  -1.075196 -3.123449 
10 37  -0.908886 -3.185677 
10 38  -0.740943 -3.237744 
10 39  -0.571826 -3.279827 
10 40  -0.401974 -3.312096 
10 41  -0.231805 -3.334712 
10 42  -0.061721 -3.347831 
10 43  0.107889 -3.351603 
10 44  0.276649 -3.346175 
10 45  0.444191 -3.331691 
10 46  0.610157 -3.308289 
10 47  0.774196 -3.276108 
10 48  0.935961 -3.235286 
10 49  1.095110 -3.185957 
10 50  1.251303 -3.128257 
10 51  1.404201 -3.062321 
10 52  1.553467 -2.988284 
10 53  1.698760 -2.906283 
10 54  1.839741 -2.816455 
10 55  1.976062 -2.718942 
10 56  2.107376 -2.613885 
10 57  2.233324 -2.501429 
10 58  2.353543 -2.381725 
10 59  2.467660 -2.254926 
10 60  2.575289 -2.121191 
10 61  2.676031 -1.980684 
10 62  2.769472 -1.833578 
10 63  2.855177 -1.680051 
10 64  2.932693 -1.520293 
10 65  3.001538 -1.354503 
10 66  3.061201 -1.182893 
10 67  3.111135 -1.005690 
10 68  3.150753 -0.823135 
10 69  3.179415 -0.635493 
10 70  3.196422 -0.443049 
10 71  3.201003 -0.246119 
10 72  3.192297 -0.045050 
10 73  3.169330 0.159765 
10 74  3.130991 0.367884 
10 75  3.075987 0.578797 
10 76  3.002788 0.791911 
10 77  2.909547 1.006516 
10 78  2.793973 1.221750 
10 79  2.653140 1.436527 
10 80  2.483153 1.649436 
10 81  2.278554 1.858541 
10 82  2.031141 2.061007 
10 83  1.727228 2.252233 
10 84  1.339748 2.423392 
10 85  0.792675 2.550544 
11 15  -2.387447 1.322832 
11 16  -2.696749 0.846628 
11 17  -2.860341 0.448788 
11 18  -2.948975 0.094592 
11 19  -2.988388 -0.228280 
11 20  -2.991758 -0.525995 
11 21  -2.967063 -0.802204 
11 22  -2.919652 -1.059308 
11 23  -2.853368 -1.299000 
11 24  -2.771120 -1.522537 
11 25  -2.675192 -1.730893 
11 26  -2.567439 -1.924845 
11 27  -2.449400 -2.105030 
11 28  -2.322383 -2.271984 
11 29  -2.187515 -2.426162 
11 30  -2.045785 -2.567963 
11 31  -1.898071 -2.697733 
11 32  -1.745159 -2.815786 
11 33  -1.587765 -2.922402 
11 34  -1.426541 -3.017837 
11 35  -1.262090 -3.102325 
11 36  -1.094972 -3.176085 
11 37  -0.925712 -3.239319 
11 38  -0.754801 -3.292220 
11 39  -0.582707 -3.334969 
11 40  -0.409874 -3.367737 
11 41  -0.236727 -3.390689 
11 42  -0.063673 -3.403985 
11 43  0.108893 -3.407778 
11 44  0.280589 -3.402217 
11 45  0.451043 -3.387448 
11 46  0.619891 -3.363614 
11 47  0.786777 -3.330854 
11 48  0.951349 -3.289309 
11 49  1.113260 -3.239115 
11 50  1.272164 -3.180410 
11 51  1.427719 -3.113331 
11 52  1.579581 -3.038016 
11 53  1.727405 -2.954603 
11 54  1.870847 -2.863231 
11 55  2.009554 -2.764044 
11 56  2.143172 -2.657184 
11 57  2.271338 -2.542800 
11 58  2.393684 -2.421043 
11 59  2.509829 -2.292067 
11 60  2.619383 -2.156034 
11 61  2.721939 -2.013110 
11 62  2.817077 -1.863469 
11 63  2.904356 -1.707292 
11 64  2.983314 -1.544770 
11 65  3.053461 -1.376104 
11 66  3.114279 -1.201509 
11 67  3.165210 -1.021212 
11 68  3.205657 -0.835460 
11 69  3.234971 -0.644517 
11 70  3.252439 -0.448673 
11 71  3.257278 -0.248245 
11 72  3.248611 -0.043586 
11 73  3.225449 0.164909 
11 74  3.186659 0.376794 
11 75  3.130927 0.591555 
11 76  3.056698 0.808590 
11 77  2.962094 1.027185 
11 78  2.844788 1.246468 
11 79  2.701807 1.465344 
11 80  2.529200 1.682389 
11 81  2.321439 1.895651 
11 82  2.070229 2.102273 
11 83  1.761772 2.297633 
11 84  1.368937 2.472902 
11 85  0.816543 2.604428 
12 15  -2.442671 1.345433 
12 16  -2.752827 0.862317 
12 17  -2.917444 0.457752 
12 18  -3.006498 0.097374 
12 19  -3.045775 -0.231180 
12 20  -3.048549 -0.534135 
12 21  -3.022877 -0.815193 
12 22  -2.974171 -1.076792 
12 23  -2.906324 -1.320653 
12 24  -2.822283 -1.548058 
12 25  -2.724369 -1.760001 
12 26  -2.614460 -1.957274 
12 27  -2.494120 -2.140529 
12 28  -2.364674 -2.310312 
12 29  -2.227269 -2.467091 
12 30  -2.082907 -2.611271 
12 31  -1.932479 -2.743208 
12 32  -1.776785 -2.863222 
12 33  -1.616549 -2.971600 
12 34  -1.452434 -3.068603 
12 35  -1.285052 -3.154471 
12 36  -1.114972 -3.229427 
12 37  -0.942725 -3.293679 
12 38  -0.768811 -3.347423 
12 39  -0.593703 -3.390842 
12 40  -0.417852 -3.424114 
12 41  -0.241690 -3.447406 
12 42  -0.065630 -3.460880 
12 43  0.109929 -3.464692 
12 44  0.284597 -3.458996 
12 45  0.457998 -3.443938 
12 46  0.629764 -3.419665 
12 47  0.799531 -3.386319 
12 48  0.966945 -3.344041 
12 49  1.131651 -3.292971 
12 50  1.293300 -3.233249 
12 51  1.451543 -3.165014 
12 52  1.606034 -3.088405 
12 53  1.756421 -3.003563 
12 54  1.902354 -2.910629 
12 55  2.043476 -2.809747 
12 56  2.179427 -2.701064 
12 57  2.309840 -2.584728 
12 58  2.434338 -2.460892 
12 59  2.552538 -2.329715 
12 60  2.664040 -2.191357 
12 61  2.768435 -2.045987 
12 62  2.865292 -1.893781 
12 63  2.954166 -1.734923 
12 64  3.034585 -1.569604 
12 65  3.106052 -1.398029 
12 66  3.168040 -1.220413 
12 67  3.219983 -1.036987 
12 68  3.261273 -0.847999 
12 69  3.291249 -0.653717 
12 70  3.309189 -0.454432 
12 71  3.314292 -0.250467 
12 72  3.305669 -0.042175 
12 73  3.282314 0.170044 
12 74  3.243074 0.385740 
12 75  3.186612 0.604392 
12 76  3.111349 0.825395 
12 77  3.015374 1.048026 
12 78  2.896325 1.271406 
12 79  2.751182 1.494430 
12 80  2.575939 1.715660 
12 81  2.364996 1.933129 
12 82  2.109965 2.143959 
12 83  1.796941 2.343506 
12 84  1.398725 2.522938 
12 85  0.840945 2.658879 
13 15  -2.498687 1.368078 
13 16  -2.809715 0.877975 
13 17  -2.975340 0.466626 
13 18  -3.064796 0.100011 
13 19  -3.103918 -0.234278 
13 20  -3.106075 -0.542526 
13 21  -3.079403 -0.828482 
13 22  -3.029377 -1.094620 
13 23  -2.959941 -1.342693 
13 24  -2.874082 -1.574007 
13 25  -2.774152 -1.789573 
13 26  -2.662057 -1.990203 
13 27  -2.539384 -2.176560 
13 28  -2.407478 -2.349203 
13 29  -2.267502 -2.508610 
13 30  -2.120474 -2.655194 
13 31  -1.967298 -2.789321 
13 32  -1.808785 -2.911317 
13 33  -1.645671 -3.021475 
13 34  -1.478630 -3.120062 
13 35  -1.308280 -3.207325 
13 36  -1.135200 -3.283490 
13 37  -0.959929 -3.348770 
13 38  -0.782974 -3.403364 
13 39  -0.604815 -3.447462 
13 40  -0.425910 -3.481241 
13 41  -0.246695 -3.504875 
13 42  -0.067591 -3.518529 
13 43  0.110996 -3.522360 
13 44  0.288674 -3.516526 
13 45  0.465059 -3.501175 
13 46  0.639777 -3.476457 
13 47  0.812462 -3.442516 
13 48  0.982751 -3.399497 
13 49  1.150287 -3.347540 
13 50  1.314715 -3.286788 
13 51  1.475682 -3.217383 
13 52  1.632833 -3.139464 
13 53  1.785814 -3.053175 
13 54  1.934269 -2.958660 
13 55  2.077837 -2.856064 
13 56  2.216151 -2.745535 
13 57  2.348838 -2.627224 
13 58  2.475517 -2.501285 
13 59  2.595797 -2.367879 
13 60  2.709274 -2.227168 
13 61  2.815529 -2.079324 
13 62  2.914129 -1.924523 
13 63  3.004618 -1.762951 
13 64  3.086518 -1.594803 
13 65  3.159324 -1.420283 
13 66  3.222499 -1.239611 
13 67  3.275469 -1.053019 
13 68  3.317615 -0.860757 
13 69  3.348265 -0.663096 
13 70  3.366684 -0.460331 
13 71  3.372060 -0.252785 
13 72  3.363486 -0.040818 
13 73  3.339940 0.175169 
13 74  3.300250 0.394720 
13 75  3.243057 0.617310 
13 76  3.166754 0.842328 
13 77  3.069401 1.069044 
13 78  2.948597 1.296570 
13 79  2.801279 1.523791 
13 80  2.623383 1.749257 
13 81  2.409236 1.970983 
13 82  2.150362 2.186074 
13 83  1.832745 2.389861 
13 84  1.429121 2.573509 
13 85  0.865892 2.713910 
14 15  -2.555512 1.390770 
14 16  -2.867426 0.893602 
14 17  -3.034043 0.475411 
14 18  -3.123882 0.102501 
14 19  -3.162830 -0.237579 
14 20  -3.164349 -0.551172 
14 21  -3.136655 -0.842074 
14 22  -3.085285 -1.112799 
14 23  -3.014234 -1.365128 
14 24  -2.926528 -1.600391 
14 25  -2.824552 -1.819620 
14 26  -2.710241 -2.023641 
14 27  -2.585203 -2.213134 
14 28  -2.450804 -2.388667 
14 29  -2.308223 -2.550730 
14 30  -2.158494 -2.699745 
14 31  -2.002535 -2.836085 
14 32  -1.841167 -2.960084 
14 33  -1.675139 -3.072041 
14 34  -1.505133 -3.172230 
14 35  -1.331779 -3.260902 
14 36  -1.155662 -3.338288 
14 37  -0.977329 -3.404607 
14 38  -0.797294 -3.460060 
14 39  -0.616046 -3.504842 
14 40  -0.434048 -3.539135 
14 41  -0.251743 -3.563114 
14 42  -0.069558 -3.576947 
14 43  0.112096 -3.580797 
14 44  0.292820 -3.574822 
14 45  0.472226 -3.559174 
14 46  0.649935 -3.534005 
14 47  0.825573 -3.499462 
14 48  0.998774 -3.455691 
14 49  1.169176 -3.402837 
14 50  1.336417 -3.341042 
14 51  1.500139 -3.270451 
14 52  1.659985 -3.191207 
14 53  1.815593 -3.103454 
14 54  1.966603 -3.007338 
14 55  2.112646 -2.903006 
14 56  2.253352 -2.790609 
14 57  2.388343 -2.670299 
14 58  2.517230 -2.542232 
14 59  2.639617 -2.406570 
14 60  2.755094 -2.263478 
14 61  2.863235 -2.113130 
14 62  2.963600 -1.955703 
14 63  3.055725 -1.791385 
14 64  3.139126 -1.620373 
14 65  3.213289 -1.442874 
14 66  3.277669 -1.259109 
14 67  3.331681 -1.069313 
14 68  3.374696 -0.873738 
14 69  3.406032 -0.672658 
14 70  3.424940 -0.466371 
14 71  3.430596 -0.255202 
14 72  3.422077 -0.039515 
14 73  3.398342 0.180284 
14 74  3.358203 0.403736 
14 75  3.300276 0.630311 
14 76  3.222928 0.859391 
14 77  3.124188 1.090241 
14 78  3.001619 1.321963 
14 79  2.852111 1.553432 
14 80  2.671544 1.783185 
14 81  2.454173 2.009222 
14 82  2.191431 2.228626 
14 83  1.869196 2.436707 
14 84  1.460135 2.624627 
14 85  0.891392 2.769532 
15 15  -2.613162 1.413510 
15 16  -2.925977 0.909201 
15 17  -3.093568 0.484107 
15 18  -3.183772 0.104842 
15 19  -3.222527 -0.241085 
15 20  -3.223387 -0.560076 
15 21  -3.194647 -0.855976 
15 22  -3.141908 -1.131335 
15 23  -3.069215 -1.387965 
15 24  -2.979634 -1.627219 
15 25  -2.875583 -1.850150 
15 26  -2.759024 -2.057599 
15 27  -2.631588 -2.250261 
15 28  -2.494662 -2.428716 
15 29  -2.349442 -2.593463 
15 30  -2.196977 -2.744935 
15 31  -2.038198 -2.883512 
15 32  -1.873939 -3.009536 
15 33  -1.704960 -3.123312 
15 34  -1.531952 -3.225120 
15 35  -1.355554 -3.315215 
15 36  -1.176361 -3.393836 
15 37  -0.994927 -3.461204 
15 38  -0.811775 -3.517526 
15 39  -0.627399 -3.562999 
15 40  -0.442269 -3.597810 
15 41  -0.256836 -3.622137 
15 42  -0.071530 -3.636151 
15 43  0.113229 -3.640019 
15 44  0.297038 -3.633900 
15 45  0.479503 -3.617951 
15 46  0.660239 -3.592324 
15 47  0.838867 -3.557171 
15 48  1.015017 -3.512639 
15 49  1.188320 -3.458875 
15 50  1.358410 -3.396024 
15 51  1.524923 -3.324233 
15 52  1.687497 -3.243647 
15 53  1.845766 -3.154412 
15 54  1.999361 -3.056675 
15 55  2.147912 -2.950587 
15 56  2.291041 -2.836298 
15 57  2.428365 -2.713965 
15 58  2.559489 -2.583744 
15 59  2.684010 -2.445799 
15 60  2.801512 -2.300298 
15 61  2.911564 -2.147414 
15 62  3.013717 -1.987329 
15 63  3.107502 -1.820232 
15 64  3.192424 -1.646322 
15 65  3.267964 -1.465808 
15 66  3.333565 -1.278913 
15 67  3.388634 -1.085874 
15 68  3.432533 -0.886947 
15 69  3.464565 -0.682407 
15 70  3.483973 -0.472555 
15 71  3.489916 -0.257720 
15 72  3.481456 -0.038268 
15 73  3.457537 0.185390 
15 74  3.416948 0.412790 
15 75  3.358284 0.643397 
15 76  3.279886 0.876589 
15 77  3.179752 1.111622 
15 78  3.055406 1.347591 
15 79  2.903693 1.583360 
15 80  2.720436 1.817453 
15 81  2.499820 2.047853 
15 82  2.233185 2.271625 
15 83  1.906303 2.484055 
15 84  1.491776 2.676302 
15 85  0.917456 2.825757 
16 15  -2.671653 1.436300 
16 16  -2.985382 0.924771 
16 17  -3.153929 0.492711 
16 18  -3.244481 0.107032 
16 19  -3.283024 -0.244800 
16 20  -3.283203 -0.569244 
16 21  -3.253394 -0.870193 
16 22  -3.199262 -1.150235 
16 23  -3.124899 -1.411211 
16 24  -3.033415 -1.654500 
16 25  -2.927258 -1.881172 
16 26  -2.808419 -2.092087 
16 27  -2.678552 -2.287952 
16 28  -2.539065 -2.469360 
16 29  -2.391170 -2.636822 
16 30  -2.235933 -2.790777 
16 31  -2.074296 -2.931616 
16 32  -1.907109 -3.059687 
16 33  -1.735140 -3.175301 
16 34  -1.559091 -3.278746 
16 35  -1.379611 -3.370281 
16 36  -1.197303 -3.450149 
16 37  -1.012729 -3.518577 
16 38  -0.826420 -3.575777 
16 39  -0.638876 -3.621948 
16 40  -0.450575 -3.657282 
16 41  -0.261973 -3.681960 
16 42  -0.073508 -3.696157 
16 43  0.114396 -3.700041 
16 44  0.301328 -3.693775 
16 45  0.486891 -3.677520 
16 46  0.670692 -3.651430 
16 47  0.852349 -3.615658 
16 48  1.031485 -3.570355 
16 49  1.207725 -3.515669 
16 50  1.380700 -3.451750 
16 51  1.550040 -3.378743 
16 52  1.715377 -3.296798 
16 53  1.876339 -3.206062 
16 54  2.032554 -3.106685 
16 55  2.183645 -2.998818 
16 56  2.329228 -2.882616 
16 57  2.468914 -2.758233 
16 58  2.602304 -2.625832 
16 59  2.728987 -2.485576 
16 60  2.848542 -2.337636 
16 61  2.960530 -2.182186 
16 62  3.064495 -2.019411 
16 63  3.159961 -1.849501 
16 64  3.246426 -1.672658 
16 65  3.323360 -1.489092 
16 66  3.390201 -1.299029 
16 67  3.446343 -1.102708 
16 68  3.491139 -0.900388 
16 69  3.523881 -0.692345 
16 70  3.543798 -0.478885 
16 71  3.550035 -0.260340 
16 72  3.541640 -0.037078 
16 73  3.517539 0.190485 
16 74  3.476501 0.421881 
16 75  3.417098 0.656570 
16 76  3.337645 0.893924 
16 77  3.236107 1.133191 
16 78  3.109972 1.373459 
16 79  2.956039 1.613580 
16 80  2.770074 1.852066 
16 81  2.546190 2.086885 
16 82  2.275637 2.315079 
16 83  1.944079 2.531914 
16 84  1.524055 2.728546 
16 85  0.944093 2.882599 
17 15  -2.731000 1.459144 
17 16  -3.045657 0.940315 
17 17  -3.215144 0.501224 
17 18  -3.306026 0.109069 
17 19  -3.344336 -0.248727 
17 20  -3.343813 -0.578681 
17 21  -3.312912 -0.884732 
17 22  -3.257360 -1.169506 
17 23  -3.181300 -1.434876 
17 24  -3.087882 -1.682242 
17 25  -2.979589 -1.912697 
17 26  -2.858437 -2.127115 
17 27  -2.726106 -2.326218 
17 28  -2.584022 -2.510613 
17 29  -2.433417 -2.680818 
17 30  -2.275370 -2.837285 
17 31  -2.110839 -2.980411 
17 32  -1.940685 -3.110551 
17 33  -1.765687 -3.228024 
17 34  -1.586558 -3.333123 
17 35  -1.403956 -3.426113 
17 36  -1.218493 -3.507243 
17 37  -1.030739 -3.576743 
17 38  -0.841231 -3.634829 
17 39  -0.650479 -3.681706 
17 40  -0.458966 -3.717568 
17 41  -0.267155 -3.742599 
17 42  -0.075491 -3.756979 
17 43  0.115597 -3.760879 
17 44  0.305693 -3.754465 
17 45  0.494392 -3.737899 
17 46  0.681298 -3.711338 
17 47  0.866022 -3.674940 
17 48  1.048181 -3.628855 
17 49  1.227397 -3.573236 
17 50  1.403293 -3.508234 
17 51  1.575496 -3.433997 
17 52  1.743631 -3.350675 
17 53  1.907322 -3.258420 
17 54  2.066190 -3.157382 
17 55  2.219853 -3.047714 
17 56  2.367922 -2.929573 
17 57  2.510002 -2.803117 
17 58  2.645686 -2.668508 
17 59  2.774560 -2.525913 
17 60  2.896194 -2.375503 
17 61  3.010144 -2.217457 
17 62  3.115946 -2.051958 
17 63  3.213116 -1.879201 
17 64  3.301145 -1.699388 
17 65  3.379495 -1.512733 
17 66  3.447592 -1.319463 
17 67  3.504824 -1.119820 
17 68  3.550531 -0.914065 
17 69  3.583995 -0.702478 
17 70  3.604430 -0.485365 
17 71  3.610970 -0.263064 
17 72  3.602646 -0.035946 
17 73  3.578366 0.195570 
17 74  3.536878 0.431011 
17 75  3.476734 0.669833 
17 76  3.396220 0.911399 
17 77  3.293270 1.154952 
17 78  3.165334 1.399571 
17 79  3.009165 1.644099 
17 80  2.820472 1.887033 
17 81  2.593296 2.126326 
17 82  2.318798 2.358999 
17 83  1.982536 2.580296 
17 84  1.556982 2.781370 
17 85  0.971314 2.940070 
18 15  -2.791221 1.482044 
18 16  -3.106816 0.955833 
18 17  -3.277229 0.509646 
18 18  -3.368422 0.110951 
18 19  -3.406480 -0.252870 
18 20  -3.405233 -0.588390 
18 21  -3.373216 -0.899597 
18 22  -3.316218 -1.189156 
18 23  -3.238433 -1.458966 
18 24  -3.143051 -1.710455 
18 25  -3.032589 -1.944733 
18 26  -2.909092 -2.162694 
18 27  -2.774262 -2.365072 
18 28  -2.629546 -2.552486 
18 29  -2.476194 -2.725466 
18 30  -2.315299 -2.884472 
18 31  -2.147836 -3.029910 
18 32  -1.974675 -3.162143 
18 33  -1.796608 -3.281496 
18 34  -1.614359 -3.388267 
18 35  -1.428595 -3.482729 
18 36  -1.239936 -3.565133 
18 37  -1.048960 -3.635716 
18 38  -0.856213 -3.694699 
18 39  -0.662212 -3.742288 
18 40  -0.467446 -3.778683 
18 41  -0.272385 -3.804072 
18 42  -0.077480 -3.818637 
18 43  0.116833 -3.822551 
18 44  0.310134 -3.815985 
18 45  0.502010 -3.799103 
18 46  0.692060 -3.772066 
18 47  0.879890 -3.735032 
18 48  1.065112 -3.688156 
18 49  1.247341 -3.631592 
18 50  1.426197 -3.565492 
18 51  1.601299 -3.490008 
18 52  1.772268 -3.405293 
18 53  1.938722 -3.311499 
18 54  2.100278 -3.208779 
18 55  2.256547 -3.097288 
18 56  2.407134 -2.977185 
18 57  2.551639 -2.848629 
18 58  2.689649 -2.711785 
18 59  2.820742 -2.566821 
18 60  2.944483 -2.413911 
18 61  3.060421 -2.253235 
18 62  3.168084 -2.084979 
18 63  3.266982 -1.909340 
18 64  3.356597 -1.726520 
18 65  3.436382 -1.536738 
18 66  3.505754 -1.340221 
18 67  3.564093 -1.137215 
18 68  3.610725 -0.927983 
18 69  3.644923 -0.712807 
18 70  3.665887 -0.491997 
18 71  3.672738 -0.265894 
18 72  3.664490 -0.034872 
18 73  3.640033 0.200646 
18 74  3.598097 0.440181 
18 75  3.537208 0.683186 
18 76  3.455627 0.929016 
18 77  3.351256 1.176909 
18 78  3.221506 1.425934 
18 79  3.063086 1.674923 
18 80  2.871645 1.922361 
18 81  2.641154 2.166184 
18 82  2.362684 2.403394 
18 83  2.021686 2.629212 
18 84  1.590568 2.834787 
18 85  0.999130 2.998184 
19 15  -2.852333 1.505002 
19 16  -3.168878 0.971327 
19 17  -3.340200 0.517976 
19 18  -3.431686 0.112676 
19 19  -3.469472 -0.257231 
19 20  -3.467480 -0.598377 
19 21  -3.434322 -0.914796 
19 22  -3.375851 -1.209190 
19 23  -3.296313 -1.483491 
19 24  -3.198937 -1.739148 
19 25  -3.086274 -1.977293 
19 26  -2.960397 -2.198835 
19 27  -2.823033 -2.404525 
19 28  -2.675648 -2.594993 
19 29  -2.519511 -2.770778 
19 30  -2.355731 -2.932352 
19 31  -2.185295 -3.080129 
19 32  -2.009088 -3.214477 
19 33  -1.827912 -3.335731 
19 34  -1.642502 -3.444193 
19 35  -1.453534 -3.540143 
19 36  -1.261636 -3.623836 
19 37  -1.067397 -3.695515 
19 38  -0.871370 -3.755403 
19 39  -0.674076 -3.803712 
19 40  -0.476015 -3.840646 
19 41  -0.277662 -3.866395 
19 42  -0.079475 -3.881145 
19 43  0.118106 -3.885074 
19 44  0.314651 -3.878353 
19 45  0.509745 -3.861151 
19 46  0.702980 -3.833630 
19 47  0.893957 -3.795952 
19 48  1.082281 -3.748273 
19 49  1.267563 -3.690751 
19 50  1.449416 -3.623540 
19 51  1.627455 -3.546794 
19 52  1.801296 -3.460668 
19 53  1.970550 -3.365315 
19 54  2.134828 -3.260891 
19 55  2.293737 -3.147554 
19 56  2.446875 -3.025463 
19 57  2.593836 -2.894782 
19 58  2.734203 -2.755674 
19 59  2.867545 -2.608312 
19 60  2.993422 -2.452871 
19 61  3.111374 -2.289532 
19 62  3.220925 -2.118485 
19 63  3.321574 -1.939926 
19 64  3.412796 -1.754063 
19 65  3.494037 -1.561114 
19 66  3.564704 -1.361311 
19 67  3.624165 -1.154900 
19 68  3.671738 -0.942147 
19 69  3.706682 -0.723338 
19 70  3.728186 -0.498785 
19 71  3.735355 -0.268832 
19 72  3.727189 -0.033858 
19 73  3.702558 0.205711 
19 74  3.660174 0.449393 
19 75  3.598538 0.696632 
19 76  3.515884 0.946780 
19 77  3.410082 1.199067 
19 78  3.278506 1.452552 
19 79  3.117817 1.706059 
19 80  2.923608 1.958058 
19 81  2.689777 2.206468 
19 82  2.407306 2.448273 
19 83  2.061541 2.678672 
19 84  1.624824 2.888808 
19 85  1.027551 3.056955 
20 15  -2.914354 1.528020 
20 16  -3.231859 0.986798 
20 17  -3.404074 0.526212 
20 18  -3.495836 0.114242 
20 19  -3.533330 -0.261816 
20 20  -3.530570 -0.608647 
20 21  -3.496246 -0.930335 
20 22  -3.436276 -1.229618 
20 23  -3.354954 -1.508458 
20 24  -3.255553 -1.768330 
20 25  -3.140656 -2.010385 
20 26  -3.012365 -2.235550 
20 27  -2.872431 -2.444589 
20 28  -2.722341 -2.638145 
20 29  -2.563380 -2.816768 
20 30  -2.396675 -2.980939 
20 31  -2.223227 -3.131081 
20 32  -2.043933 -3.267570 
20 33  -1.859607 -3.390746 
20 34  -1.670993 -3.500919 
20 35  -1.478779 -3.598372 
20 36  -1.283601 -3.683370 
20 37  -1.086056 -3.756155 
20 38  -0.886704 -3.816958 
20 39  -0.686076 -3.865996 
20 40  -0.484676 -3.903473 
20 41  -0.282988 -3.929586 
20 42  -0.081476 -3.944523 
20 43  0.119414 -3.948465 
20 44  0.319248 -3.941587 
20 45  0.517602 -3.924059 
20 46  0.714063 -3.896048 
20 47  0.908227 -3.857716 
20 48  1.099694 -3.809225 
20 49  1.288068 -3.750732 
20 50  1.472958 -3.682395 
20 51  1.653973 -3.604370 
20 52  1.830722 -3.516814 
20 53  2.002812 -3.419882 
20 54  2.169849 -3.313733 
20 55  2.331433 -3.198526 
20 56  2.487156 -3.074423 
20 57  2.636607 -2.941588 
20 58  2.779360 -2.800189 
20 59  2.914982 -2.650398 
20 60  3.043023 -2.492393 
20 61  3.163018 -2.326359 
20 62  3.274481 -2.152484 
20 63  3.376906 -1.970970 
20 64  3.469759 -1.782025 
20 65  3.552476 -1.585870 
20 66  3.624456 -1.382739 
20 67  3.685057 -1.172880 
20 68  3.733586 -0.956562 
20 69  3.769289 -0.734074 
20 70  3.791344 -0.505732 
20 71  3.798840 -0.271880 
20 72  3.790760 -0.032904 
20 73  3.765960 0.210767 
20 74  3.723127 0.458646 
20 75  3.660741 0.710173 
20 76  3.577007 0.964694 
20 77  3.469765 1.221430 
20 78  3.336350 1.479432 
20 79  3.173375 1.737513 
20 80  2.976376 1.994131 
20 81  2.739182 2.247189 
20 82  2.452680 2.493648 
20 83  2.102114 2.728688 
20 84  1.659762 2.943446 
20 85  1.056587 3.116397 
21 14  -2.018504 2.431460 
21 15  -2.977301 1.551103 
21 16  -3.295777 1.002247 
21 17  -3.468870 0.534355 
21 18  -3.560890 0.115645 
21 19  -3.598072 -0.266628 
21 20  -3.594521 -0.619206 
21 21  -3.559006 -0.946220 
21 22  -3.497508 -1.250446 
21 23  -3.414373 -1.533877 
21 24  -3.312915 -1.798011 
21 25  -3.195751 -2.044022 
21 26  -3.065011 -2.272851 
21 27  -2.922470 -2.485277 
21 28  -2.769636 -2.681956 
21 29  -2.607813 -2.863450 
21 30  -2.438144 -3.030249 
21 31  -2.261642 -3.182782 
21 32  -2.079219 -3.321436 
21 33  -1.891700 -3.446556 
21 34  -1.699841 -3.558459 
21 35  -1.504337 -3.657434 
21 36  -1.305835 -3.743750 
21 37  -1.104940 -3.817655 
21 38  -0.902220 -3.879384 
21 39  -0.698213 -3.929157 
21 40  -0.493431 -3.967184 
21 41  -0.288365 -3.993664 
21 42  -0.083483 -4.008789 
21 43  0.120760 -4.012743 
21 44  0.323925 -4.005704 
21 45  0.525581 -3.987846 
21 46  0.725312 -3.959337 
21 47  0.922705 -3.920343 
21 48  1.117355 -3.871028 
21 49  1.308863 -3.811552 
21 50  1.496830 -3.742074 
21 51  1.680859 -3.662753 
21 52  1.860555 -3.573748 
21 53  2.035520 -3.475217 
21 54  2.205351 -3.367321 
21 55  2.369645 -3.250220 
21 56  2.527988 -3.124078 
21 57  2.679962 -2.989062 
21 58  2.825135 -2.845342 
21 59  2.963067 -2.693091 
21 60  3.093301 -2.532491 
21 61  3.215366 -2.363725 
21 62  3.328769 -2.186988 
21 63  3.432994 -2.002481 
21 64  3.527501 -1.810415 
21 65  3.611716 -1.611013 
21 66  3.685029 -1.404511 
21 67  3.746787 -1.191161 
21 68  3.796287 -0.971233 
21 69  3.832763 -0.745020 
21 70  3.855379 -0.512840 
21 71  3.863210 -0.275041 
21 72  3.855223 -0.032012 
21 73  3.830255 0.215813 
21 74  3.786974 0.467943 
21 75  3.723834 0.723813 
21 76  3.639015 0.982761 
21 77  3.530323 1.244002 
21 78  3.395055 1.506579 
21 79  3.229777 1.769293 
21 80  3.029967 2.030589 
21 81  2.789382 2.288354 
21 82  2.498820 2.539529 
21 83  2.143419 2.779271 
21 84  1.695392 2.998715 
21 85  1.086250 3.176524 
21 86  -0.215194 3.152784 
22 14  -2.147092 2.429127 
22 15  -3.041193 1.574252 
22 16  -3.360649 1.017675 
22 17  -3.534606 0.542404 
22 18  -3.626866 0.116884 
22 19  -3.663715 -0.271670 
22 20  -3.659350 -0.630058 
22 21  -3.622619 -0.962458 
22 22  -3.559565 -1.271683 
22 23  -3.474587 -1.559757 
22 24  -3.371039 -1.828203 
22 25  -3.251573 -2.078213 
22 26  -3.118348 -2.310748 
22 27  -2.973163 -2.526601 
22 28  -2.817547 -2.726441 
22 29  -2.652822 -2.910839 
22 30  -2.480146 -3.080295 
22 31  -2.300550 -3.235248 
22 32  -2.114955 -3.376092 
22 33  -1.924201 -3.503179 
22 34  -1.729052 -3.616832 
22 35  -1.530214 -3.717347 
22 36  -1.328344 -3.804995 
22 37  -1.124054 -3.880033 
22 38  -0.917921 -3.942697 
22 39  -0.710491 -3.993214 
22 40  -0.502282 -4.031796 
22 41  -0.293792 -4.058647 
22 42  -0.085496 -4.073961 
22 43  0.122144 -4.077926 
22 44  0.328683 -4.070723 
22 45  0.533687 -4.052530 
22 46  0.736729 -4.023516 
22 47  0.937394 -3.983851 
22 48  1.135271 -3.933700 
22 49  1.329953 -3.873227 
22 50  1.521037 -3.802593 
22 51  1.708122 -3.721960 
22 52  1.890804 -3.631487 
22 53  2.068681 -3.531336 
22 54  2.241345 -3.421670 
22 55  2.408385 -3.302650 
22 56  2.569383 -3.174444 
22 57  2.723913 -3.037218 
22 58  2.871539 -2.891147 
22 59  3.011812 -2.736405 
22 60  3.144271 -2.573175 
22 61  3.268434 -2.401644 
22 62  3.383803 -2.222007 
22 63  3.489855 -2.034469 
22 64  3.586039 -1.839242 
22 65  3.671774 -1.636551 
22 66  3.746439 -1.426636 
22 67  3.809373 -1.209750 
22 68  3.859859 -0.986166 
22 69  3.897121 -0.756180 
22 70  3.920309 -0.520113 
22 71  3.928484 -0.278317 
22 72  3.920596 -0.031183 
22 73  3.895464 0.220849 
22 74  3.851733 0.477284 
22 75  3.787838 0.737552 
22 76  3.701927 1.000984 
22 77  3.591775 1.266788 
22 78  3.454639 1.533999 
22 79  3.287039 1.801405 
22 80  3.084397 2.067440 
22 81  2.840394 2.329973 
22 82  2.545741 2.585927 
22 83  2.185470 2.830435 
22 84  1.731728 3.054626 
22 85  1.116552 3.237350 
22 86  -0.120469 3.239776 
23 14  -2.251754 2.439683 
23 15  -3.106049 1.597471 
23 16  -3.426495 1.033084 
23 17  -3.601300 0.550358 
23 18  -3.693782 0.117957 
23 19  -3.730279 -0.276948 
23 20  -3.725076 -0.641210 
23 21  -3.687102 -0.979055 
23 22  -3.622464 -1.293337 
23 23  -3.535612 -1.586106 
23 24  -3.429942 -1.858914 
23 25  -3.308139 -2.112971 
23 26  -3.172392 -2.349256 
23 27  -3.024524 -2.568576 
23 28  -2.866086 -2.771612 
23 29  -2.698418 -2.958948 
23 30  -2.522695 -3.131093 
23 31  -2.339961 -3.288495 
23 32  -2.151152 -3.431555 
23 33  -1.957118 -3.560632 
23 34  -1.758634 -3.676056 
23 35  -1.556418 -3.778127 
23 36  -1.351134 -3.867124 
23 37  -1.143404 -3.943307 
23 38  -0.933812 -4.006917 
23 39  -0.722913 -4.058186 
23 40  -0.511231 -4.097329 
23 41  -0.299271 -4.124554 
23 42  -0.087516 -4.140058 
23 43  0.123567 -4.144034 
23 44  0.333526 -4.136665 
23 45  0.541920 -4.118130 
23 46  0.748319 -4.088604 
23 47  0.952300 -4.048258 
23 48  1.153446 -3.997261 
23 49  1.351345 -3.935777 
23 50  1.545589 -3.863972 
23 51  1.735769 -3.782008 
23 52  1.921478 -3.690048 
23 53  2.102306 -3.588256 
23 54  2.277841 -3.476795 
23 55  2.447664 -3.355832 
23 56  2.611353 -3.225534 
23 57  2.768475 -3.086071 
23 58  2.918586 -2.937617 
23 59  3.061233 -2.780352 
23 60  3.195946 -2.614458 
23 61  3.322237 -2.440126 
23 62  3.439600 -2.257552 
23 63  3.547504 -2.066943 
23 64  3.645390 -1.868514 
23 65  3.732666 -1.662493 
23 66  3.808705 -1.449120 
23 67  3.872831 -1.228652 
23 68  3.924320 -1.001366 
23 69  3.962382 -0.767558 
23 70  3.986154 -0.527554 
23 71  3.994681 -0.281709 
23 72  3.986898 -0.030418 
23 73  3.961604 0.225875 
23 74  3.917425 0.486671 
23 75  3.852770 0.751393 
23 76  3.765760 1.019367 
23 77  3.654138 1.289794 
23 78  3.515120 1.561697 
23 79  3.345181 1.833858 
23 80  3.139683 2.104693 
23 81  2.892235 2.372058 
23 82  2.593458 2.632853 
23 83  2.228281 2.882190 
23 84  1.768783 3.111195 
23 85  1.147504 3.298892 
23 86  -0.051960 3.319601 
24 14  -2.346576 2.455931 
24 15  -3.171889 1.620763 
24 16  -3.493332 1.048475 
24 17  -3.668973 0.558216 
24 18  -3.761659 0.118860 
24 19  -3.797782 -0.282464 
24 20  -3.791718 -0.652666 
24 21  -3.752475 -0.996020 
24 22  -3.686224 -1.315415 
24 23  -3.597466 -1.612936 
24 24  -3.489639 -1.890155 
24 25  -3.365464 -2.148307 
24 26  -3.227157 -2.388386 
24 27  -3.076568 -2.611214 
24 28  -2.915268 -2.817485 
24 29  -2.744615 -3.007794 
24 30  -2.565802 -3.182660 
24 31  -2.379887 -3.342540 
24 32  -2.187819 -3.487841 
24 33  -1.990460 -3.618932 
24 34  -1.788597 -3.736147 
24 35  -1.582956 -3.839793 
24 36  -1.374212 -3.930155 
24 37  -1.162995 -4.007496 
24 38  -0.949897 -4.072064 
24 39  -0.735481 -4.124092 
24 40  -0.520280 -4.163802 
24 41  -0.304804 -4.191405 
24 42  -0.089543 -4.207101 
24 43  0.125029 -4.211086 
24 44  0.338454 -4.203547 
24 45  0.550285 -4.184666 
24 46  0.760086 -4.154620 
24 47  0.967426 -4.113584 
24 48  1.171886 -4.061728 
24 49  1.373045 -3.999220 
24 50  1.570491 -3.926227 
24 51  1.763809 -3.842915 
24 52  1.952585 -3.749448 
24 53  2.136404 -3.645993 
24 54  2.314849 -3.532715 
24 55  2.487494 -3.409782 
24 56  2.653910 -3.277365 
24 57  2.813659 -3.135634 
24 58  2.966291 -2.984768 
24 59  3.111344 -2.824946 
24 60  3.248342 -2.656353 
24 61  3.376792 -2.479183 
24 62  3.496177 -2.293634 
24 63  3.605959 -2.099915 
24 64  3.705570 -1.898242 
24 65  3.794412 -1.688846 
24 66  3.871844 -1.471971 
24 67  3.937182 -1.247875 
24 68  3.989690 -1.016837 
24 69  4.028566 -0.779159 
24 70  4.052933 -0.535166 
24 71  4.061821 -0.285220 
24 72  4.054149 -0.029718 
24 73  4.028697 0.230892 
24 74  3.984069 0.496105 
24 75  3.918651 0.765339 
24 76  3.830535 1.037914 
24 77  3.717431 1.313023 
24 78  3.576518 1.589681 
24 79  3.404220 1.866658 
24 80  3.195842 2.142357 
24 81  2.944921 2.414617 
24 82  2.641987 2.680318 
24 83  2.271865 2.934552 
24 84  1.806568 3.168435 
24 85  1.179117 3.361165 
24 86  0.005499 3.396761 
25 14  -2.436082 2.475571 
25 15  -3.238732 1.644131 
25 16  -3.561182 1.063849 
25 17  -3.737643 0.565978 
25 18  -3.830516 0.119591 
25 19  -3.866244 -0.288224 
25 20  -3.859295 -0.664434 
25 21  -3.818756 -1.013359 
25 22  -3.750862 -1.337928 
25 23  -3.660166 -1.640255 
25 24  -3.550148 -1.921939 
25 25  -3.423564 -2.184234 
25 26  -3.282660 -2.428151 
25 27  -3.129309 -2.654529 
25 28  -2.965105 -2.864074 
25 29  -2.791426 -3.057393 
25 30  -2.609479 -3.235012 
25 31  -2.420338 -3.397399 
25 32  -2.224966 -3.544969 
25 33  -2.024236 -3.678098 
25 34  -1.818946 -3.797126 
25 35  -1.609834 -3.902366 
25 36  -1.397582 -3.994108 
25 37  -1.182831 -4.072621 
25 38  -0.966180 -4.138157 
25 39  -0.748200 -4.190954 
25 40  -0.529431 -4.231237 
25 41  -0.310391 -4.259220 
25 42  -0.091577 -4.275110 
25 43  0.126532 -4.279103 
25 44  0.343470 -4.271391 
25 45  0.558784 -4.252158 
25 46  0.772032 -4.221585 
25 47  0.982779 -4.179849 
25 48  1.190596 -4.127122 
25 49  1.395061 -4.063576 
25 50  1.595752 -3.989379 
25 51  1.792250 -3.904700 
25 52  1.984135 -3.809706 
25 53  2.170987 -3.704566 
25 54  2.352380 -3.589446 
25 55  2.527886 -3.464518 
25 56  2.697067 -3.329952 
25 57  2.859479 -3.185925 
25 58  3.014666 -3.032613 
25 59  3.162159 -2.870200 
25 60  3.301475 -2.698874 
25 61  3.432113 -2.518828 
25 62  3.553549 -2.330265 
25 63  3.665236 -2.133394 
25 64  3.766599 -1.928435 
25 65  3.857029 -1.715621 
25 66  3.935875 -1.495197 
25 67  4.002445 -1.267425 
25 68  4.055989 -1.032587 
25 69  4.095693 -0.790987 
25 70  4.120666 -0.542954 
25 71  4.129924 -0.288853 
25 72  4.122369 -0.029085 
25 73  4.096761 0.235899 
25 74  4.051685 0.505587 
25 75  3.985500 0.779392 
25 76  3.896272 1.056629 
25 77  3.781676 1.336481 
25 78  3.638850 1.617957 
25 79  3.464174 1.899813 
25 80  3.252892 2.180441 
25 81  2.998469 2.457662 
25 82  2.691345 2.728336 
25 83  2.316240 2.987531 
25 84  1.845098 3.226361 
25 85  1.211405 3.424185 
25 86  0.056769 3.472711 
26 14  -2.522401 2.497531 
26 15  -3.306599 1.667577 
26 16  -3.630065 1.079208 
26 17  -3.807333 0.573643 
26 18  -3.900374 0.120148 
26 19  -3.935686 -0.294231 
26 20  -3.927827 -0.676518 
26 21  -3.885964 -1.031080 
26 22  -3.816397 -1.360883 
26 23  -3.723731 -1.668074 
26 24  -3.611486 -1.954276 
26 25  -3.482456 -2.220763 
26 26  -3.338915 -2.468566 
26 27  -3.182763 -2.698537 
26 28  -3.015613 -2.911396 
26 29  -2.838864 -3.107759 
26 30  -2.653739 -3.288166 
26 31  -2.461327 -3.453090 
26 32  -2.262604 -3.602957 
26 33  -2.058456 -3.738148 
26 34  -1.849692 -3.859010 
26 35  -1.637060 -3.965863 
26 36  -1.421253 -4.059002 
26 37  -1.202918 -4.138701 
26 38  -0.982666 -4.205216 
26 39  -0.761072 -4.258790 
26 40  -0.538687 -4.299653 
26 41  -0.316034 -4.328021 
26 42  -0.093618 -4.344106 
26 43  0.128076 -4.348107 
26 44  0.348575 -4.340218 
26 45  0.567420 -4.320628 
26 46  0.784163 -4.289519 
26 47  0.998362 -4.247072 
26 48  1.209583 -4.193463 
26 49  1.417398 -4.128863 
26 50  1.621379 -4.053447 
26 51  1.821100 -3.967382 
26 52  2.016138 -3.870841 
26 53  2.206064 -3.763992 
26 54  2.390447 -3.647005 
26 55  2.568853 -3.520054 
26 56  2.740837 -3.383313 
26 57  2.905950 -3.236957 
26 58  3.063727 -3.081168 
26 59  3.213695 -2.916130 
26 60  3.355361 -2.742033 
26 61  3.488218 -2.559074 
26 62  3.611734 -2.367456 
26 63  3.725355 -2.167392 
26 64  3.828495 -1.959103 
26 65  3.920536 -1.742825 
26 66  4.000819 -1.518806 
26 67  4.068639 -1.287310 
26 68  4.123235 -1.048621 
26 69  4.163782 -0.803047 
26 70  4.189374 -0.550921 
26 71  4.199011 -0.292609 
26 72  4.191579 -0.028519 
26 73  4.165820 0.240896 
26 74  4.120295 0.515118 
26 75  4.053339 0.793555 
26 76  3.962991 1.075515 
26 77  3.846891 1.360174 
26 78  3.702138 1.646531 
26 79  3.525064 1.933332 
26 80  3.310853 2.218954 
26 81  3.052898 2.501202 
26 82  2.741548 2.776917 
26 83  2.361418 3.041143 
26 84  1.884386 3.284988 
26 85  1.244380 3.487969 
26 86  0.104132 3.548144 
27 14  -2.606736 2.521212 
27 15  -3.375511 1.691107 
27 16  -3.700001 1.094552 
27 17  -3.878062 0.581209 
27 18  -3.971254 0.120527 
27 19  -4.006129 -0.300491 
27 20  -3.997336 -0.688925 
27 21  -3.954121 -1.049190 
27 22  -3.882850 -1.384291 
27 23  -3.788179 -1.696404 
27 24  -3.673673 -1.987178 
27 25  -3.542158 -2.257909 
27 26  -3.395941 -2.509645 
27 27  -3.236945 -2.743252 
27 28  -3.066807 -2.959465 
27 29  -2.886943 -3.158911 
27 30  -2.698594 -3.342139 
27 31  -2.502864 -3.509632 
27 32  -2.300743 -3.661823 
27 33  -2.093130 -3.799101 
27 34  -1.880844 -3.921821 
27 35  -1.664643 -4.030306 
27 36  -1.445230 -4.124859 
27 37  -1.223262 -4.205757 
27 38  -0.999358 -4.273263 
27 39  -0.774101 -4.327624 
27 40  -0.548050 -4.369072 
27 41  -0.321734 -4.397830 
27 42  -0.095666 -4.414110 
27 43  0.129662 -4.418117 
27 44  0.353771 -4.410048 
27 45  0.576196 -4.390095 
27 46  0.796481 -4.358444 
27 47  1.014180 -4.315276 
27 48  1.228853 -4.260771 
27 49  1.440064 -4.195104 
27 50  1.647380 -4.118450 
27 51  1.850370 -4.030981 
27 52  2.048603 -3.932871 
27 53  2.241646 -3.824290 
27 54  2.429061 -3.705412 
27 55  2.610407 -3.576411 
27 56  2.785234 -3.437463 
27 57  2.953084 -3.288748 
27 58  3.113489 -3.130448 
27 59  3.265966 -2.962750 
27 60  3.410016 -2.785845 
27 61  3.545124 -2.599933 
27 62  3.670751 -2.405220 
27 63  3.786333 -2.201919 
27 64  3.891276 -1.990257 
27 65  3.984953 -1.770468 
27 66  4.066694 -1.542806 
27 67  4.135784 -1.307536 
27 68  4.191451 -1.064945 
27 69  4.232855 -0.815344 
27 70  4.259077 -0.559070 
27 71  4.269104 -0.296492 
27 72  4.261801 -0.028022 
27 73  4.235893 0.245883 
27 74  4.189919 0.524699 
27 75  4.122190 0.807830 
27 76  4.030713 1.094577 
27 77  3.913097 1.384107 
27 78  3.766402 1.675410 
27 79  3.586908 1.967222 
27 80  3.369743 2.257906 
27 81  3.108225 2.545250 
27 82  2.792613 2.826074 
27 83  2.407418 3.095401 
27 84  1.924448 3.344331 
27 85  1.278055 3.552533 
27 86  0.148870 3.623454 
28 14  -2.689843 2.546244 
28 15  -3.445490 1.714722 
28 16  -3.771012 1.109883 
28 17  -3.949854 0.588676 
28 18  -4.043177 0.120726 
28 19  -4.077593 -0.307008 
28 20  -4.067841 -0.701662 
28 21  -4.023246 -1.067697 
28 22  -3.950239 -1.408159 
28 23  -3.853530 -1.725254 
28 24  -3.736725 -2.020656 
28 25  -3.602688 -2.295683 
28 26  -3.453753 -2.551400 
28 27  -3.291871 -2.788690 
28 28  -3.118701 -3.008298 
28 29  -2.935676 -3.210864 
28 30  -2.744058 -3.396948 
28 31  -2.544963 -3.567043 
28 32  -2.339396 -3.721587 
28 33  -2.128267 -3.860978 
28 34  -1.912409 -3.985577 
28 35  -1.692589 -4.095716 
28 36  -1.469520 -4.191699 
28 37  -1.243869 -4.273812 
28 38  -1.016261 -4.342320 
28 39  -0.787291 -4.397476 
28 40  -0.557522 -4.439516 
28 41  -0.327493 -4.468667 
28 42  -0.097722 -4.485145 
28 43  0.131291 -4.489157 
28 44  0.359060 -4.480905 
28 45  0.585114 -4.460583 
28 46  0.808992 -4.428380 
28 47  1.030240 -4.384481 
28 48  1.248412 -4.329068 
28 49  1.463066 -4.262318 
28 50  1.673764 -4.184410 
28 51  1.880068 -4.095517 
28 52  2.081542 -3.995816 
28 53  2.277745 -3.885479 
28 54  2.468234 -3.764683 
28 55  2.652561 -3.633604 
28 56  2.830271 -3.492421 
28 57  3.000898 -3.341314 
28 58  3.163967 -3.180469 
28 59  3.318989 -3.010074 
28 60  3.465458 -2.830324 
28 61  3.602849 -2.641420 
28 62  3.730617 -2.443569 
28 63  3.848189 -2.236989 
28 64  3.954962 -2.021906 
28 65  4.050299 -1.798560 
28 66  4.133522 -1.567205 
28 67  4.203902 -1.328110 
28 68  4.260657 -1.081566 
28 69  4.302933 -0.827884 
28 70  4.329799 -0.567406 
28 71  4.340224 -0.300504 
28 72  4.333057 -0.027594 
28 73  4.307003 0.250860 
28 74  4.260580 0.534333 
28 75  4.192073 0.822221 
28 76  4.099460 1.113818 
28 77  3.980317 1.408285 
28 78  3.831662 1.704601 
28 79  3.649728 2.001492 
28 80  3.429582 2.297308 
28 81  3.164470 2.589817 
28 82  2.844559 2.875821 
28 83  2.454255 3.150320 
28 84  1.965296 3.404406 
28 85  1.312443 3.617895 
28 86  0.191787 3.698896 
29 14  -2.772235 2.572384 
29 15  -3.516558 1.738426 
29 16  -3.843121 1.125202 
29 17  -4.022729 0.596044 
29 18  -4.116168 0.120742 
29 19  -4.150103 -0.313787 
29 20  -4.139365 -0.714735 
29 21  -4.093361 -1.086611 
29 22  -4.018587 -1.432499 
29 23  -3.919803 -1.754637 
29 24  -3.800663 -2.054725 
29 25  -3.664063 -2.334101 
29 26  -3.512370 -2.593848 
29 27  -3.347559 -2.834865 
29 28  -3.171310 -3.057911 
29 29  -2.985080 -3.263638 
29 30  -2.790144 -3.452614 
29 31  -2.587635 -3.625341 
29 32  -2.378573 -3.782268 
29 33  -2.163879 -3.923799 
29 34  -1.944397 -4.050301 
29 35  -1.720907 -4.162113 
29 36  -1.494131 -4.259544 
29 37  -1.264744 -4.342886 
29 38  -1.033381 -4.412409 
29 39  -0.800645 -4.468369 
29 40  -0.567106 -4.511008 
29 41  -0.333311 -4.540556 
29 42  -0.099786 -4.557233 
29 43  0.132963 -4.561250 
29 44  0.364444 -4.552811 
29 45  0.594179 -4.532114 
29 46  0.821699 -4.499351 
29 47  1.046545 -4.454710 
29 48  1.268265 -4.398375 
29 49  1.486412 -4.330528 
29 50  1.700539 -4.251347 
29 51  1.910204 -4.161011 
29 52  2.114963 -4.059696 
29 53  2.314371 -3.947580 
29 54  2.507978 -3.824840 
29 55  2.695329 -3.691654 
29 56  2.875962 -3.548204 
29 57  3.049406 -3.394673 
29 58  3.215178 -3.231248 
29 59  3.372781 -3.058120 
29 60  3.521703 -2.875485 
29 61  3.661411 -2.683547 
29 62  3.791351 -2.482516 
29 63  3.910943 -2.272611 
29 64  4.019574 -2.054062 
29 65  4.116597 -1.827111 
29 66  4.201323 -1.592013 
29 67  4.273015 -1.349042 
29 68  4.330875 -1.098489 
29 69  4.374040 -0.840671 
29 70  4.401562 -0.575931 
29 71  4.412394 -0.304648 
29 72  4.405370 -0.027239 
29 73  4.379174 0.255828 
29 74  4.332301 0.544020 
29 75  4.263012 0.836730 
29 76  4.169256 1.133243 
29 77  4.048573 1.432714 
29 78  3.897941 1.734112 
29 79  3.713545 2.036151 
29 80  3.490392 2.337168 
29 81  3.221652 2.634914 
29 82  2.897403 2.926170 
29 83  2.501946 3.205914 
29 84  2.006948 3.465230 
29 85  1.347559 3.684073 
29 86  0.233423 3.774647 
30 14  -2.854283 2.599459 
30 15  -3.588739 1.762224 
30 16  -3.916350 1.140512 
30 17  -4.096713 0.603310 
30 18  -4.190247 0.120571 
30 19  -4.223679 -0.320833 
30 20  -4.211930 -0.728150 
30 21  -4.164488 -1.105939 
30 22  -4.087913 -1.457320 
30 23  -3.987021 -1.784563 
30 24  -3.865506 -2.089395 
30 25  -3.726304 -2.373174 
30 26  -3.571809 -2.637003 
30 27  -3.404024 -2.881795 
30 28  -3.224652 -3.108323 
30 29  -3.035168 -3.317249 
30 30  -2.836866 -3.509153 
30 31  -2.630894 -3.684547 
30 32  -2.418285 -3.843887 
30 33  -2.199975 -3.987585 
30 34  -1.976819 -4.116014 
30 35  -1.749606 -4.229519 
30 36  -1.519069 -4.328417 
30 37  -1.285893 -4.413003 
30 38  -1.050723 -4.483553 
30 39  -0.814166 -4.540328 
30 40  -0.576804 -4.583572 
30 41  -0.339190 -4.613521 
30 42  -0.101857 -4.630399 
30 43  0.134681 -4.634419 
30 44  0.369926 -4.625790 
30 45  0.603392 -4.604712 
30 46  0.834606 -4.571380 
30 47  1.063102 -4.525986 
30 48  1.288421 -4.468717 
30 49  1.510108 -4.399755 
30 50  1.727714 -4.319284 
30 51  1.940787 -4.227484 
30 52  2.148879 -4.124533 
30 53  2.351537 -4.010612 
30 54  2.548306 -3.885901 
30 55  2.738724 -3.750579 
30 56  2.922323 -3.604831 
30 57  3.098624 -3.448842 
30 58  3.267137 -3.282801 
30 59  3.427359 -3.106902 
30 60  3.578770 -2.921343 
30 61  3.720829 -2.726330 
30 62  3.852974 -2.522075 
30 63  3.974615 -2.308800 
30 64  4.085131 -2.086737 
30 65  4.183866 -1.856130 
30 66  4.270120 -1.617239 
30 67  4.343144 -1.370337 
30 68  4.402129 -1.115721 
30 69  4.446197 -0.853711 
30 70  4.474388 -0.584652 
30 71  4.485638 -0.308926 
30 72  4.478764 -0.026956 
30 73  4.452428 0.260785 
30 74  4.405106 0.553762 
30 75  4.335030 0.851359 
30 76  4.240122 1.152856 
30 77  4.117886 1.457400 
30 78  3.965261 1.763950 
30 79  3.778380 2.071208 
30 80  3.552191 2.377498 
30 81  3.279791 2.680554 
30 82  2.951165 2.977136 
30 83  2.550509 3.262199 
30 84  2.049418 3.526819 
30 85  1.383415 3.751086 
30 86  0.274164 3.850838 
31 14  -2.936263 2.627347 
31 15  -3.662056 1.786118 
31 16  -3.990723 1.155812 
31 17  -4.171828 0.610474 
31 18  -4.265441 0.120210 
31 19  -4.298347 -0.328152 
31 20  -4.285560 -0.741916 
31 21  -4.236649 -1.125690 
31 22  -4.158240 -1.482632 
31 23  -4.055203 -1.815045 
31 24  -3.931275 -2.124681 
31 25  -3.789428 -2.412920 
31 26  -3.632089 -2.680882 
31 27  -3.461285 -2.929497 
31 28  -3.278743 -3.159550 
31 29  -3.085957 -3.371717 
31 30  -2.884239 -3.566587 
31 31  -2.674753 -3.744681 
31 32  -2.458547 -3.906465 
31 33  -2.236567 -4.052357 
31 34  -2.009683 -4.182738 
31 35  -1.778694 -4.297958 
31 36  -1.544343 -4.398341 
31 37  -1.307324 -4.484187 
31 38  -1.068290 -4.555776 
31 39  -0.827859 -4.613375 
31 40  -0.586619 -4.657232 
31 41  -0.345132 -4.687586 
31 42  -0.103937 -4.704666 
31 43  0.136444 -4.708688 
31 44  0.375507 -4.699865 
31 45  0.612759 -4.678400 
31 46  0.847719 -4.644491 
31 47  1.079917 -4.598333 
31 48  1.308885 -4.540115 
31 49  1.534164 -4.470023 
31 50  1.755297 -4.388244 
31 51  1.971828 -4.294958 
31 52  2.183300 -4.190349 
31 53  2.389255 -4.074597 
31 54  2.589232 -3.947886 
31 55  2.782761 -3.810399 
31 56  2.969368 -3.662321 
31 57  3.148567 -3.503839 
31 58  3.319862 -3.335146 
31 59  3.482741 -3.156437 
31 60  3.636677 -2.967913 
31 61  3.781122 -2.769782 
31 62  3.915504 -2.562259 
31 63  4.039225 -2.345567 
31 64  4.151656 -2.119941 
31 65  4.252129 -1.885629 
31 66  4.339935 -1.642891 
31 67  4.414312 -1.392005 
31 68  4.474441 -1.133270 
31 69  4.519429 -0.867008 
31 70  4.548302 -0.593571 
31 71  4.559980 -0.313342 
31 72  4.553262 -0.026748 
31 73  4.526790 0.265734 
31 74  4.479018 0.563561 
31 75  4.408151 0.866112 
31 76  4.312083 1.172663 
31 77  4.188282 1.482349 
31 78  4.033645 1.794122 
31 79  3.844256 2.106673 
31 80  3.615003 2.418309 
31 81  3.338907 2.726750 
31 82  3.005864 3.028732 
31 83  2.599962 3.319190 
31 84  2.092723 3.589190 
31 85  1.420028 3.818952 
31 86  0.314296 3.927570 
32 14  -3.018392 2.655956 
32 15  -3.736534 1.810114 
32 16  -4.066266 1.171104 
32 17  -4.248099 0.617535 
32 18  -4.341772 0.119657 
32 19  -4.374129 -0.335748 
32 20  -4.360279 -0.756039 
32 21  -4.309868 -1.145872 
32 22  -4.229592 -1.508447 
32 23  -4.124372 -1.846095 
32 24  -3.997991 -2.160595 
32 25  -3.853458 -2.453351 
32 26  -3.693229 -2.725500 
32 27  -3.519360 -2.977986 
32 28  -3.333599 -3.211611 
32 29  -3.137462 -3.427060 
32 30  -2.932277 -3.624935 
32 31  -2.719226 -3.805765 
32 32  -2.499369 -3.970023 
32 33  -2.273667 -4.118137 
32 34  -2.043001 -4.250495 
32 35  -1.808180 -4.367453 
32 36  -1.569959 -4.469339 
32 37  -1.329041 -4.556461 
32 38  -1.086089 -4.629103 
32 39  -0.841728 -4.687535 
32 40  -0.596554 -4.732012 
32 41  -0.351138 -4.762776 
32 42  -0.106026 -4.780059 
32 43  0.138254 -4.784083 
32 44  0.381189 -4.775062 
32 45  0.622281 -4.753203 
32 46  0.861042 -4.718708 
32 47  1.096994 -4.671774 
32 48  1.329665 -4.612594 
32 49  1.558588 -4.541356 
32 50  1.783299 -4.458248 
32 51  2.003337 -4.363456 
32 52  2.218238 -4.257164 
32 53  2.427538 -4.139557 
32 54  2.630768 -4.010818 
32 55  2.827454 -3.871134 
32 56  3.017113 -3.720693 
32 57  3.199253 -3.559684 
32 58  3.373370 -3.388301 
32 59  3.538946 -3.206743 
32 60  3.695444 -3.015213 
32 61  3.842310 -2.813920 
32 62  3.978963 -2.603082 
32 63  4.104796 -2.382926 
32 64  4.219170 -2.153688 
32 65  4.321408 -1.915617 
32 66  4.410790 -1.668979 
32 67  4.486543 -1.414053 
32 68  4.547835 -1.151142 
32 69  4.593760 -0.880570 
32 70  4.623328 -0.602693 
32 71  4.635445 -0.317897 
32 72  4.628890 -0.026615 
32 73  4.602286 0.270672 
32 74  4.554062 0.573417 
32 75  4.482401 0.880993 
32 76  4.385163 1.192666 
32 77  4.259783 1.507567 
32 78  4.103116 1.824636 
32 79  3.911196 2.142553 
32 80  3.678849 2.459612 
32 81  3.399023 2.773513 
32 82  3.061520 3.080974 
32 83  2.650323 3.376904 
32 84  2.136879 3.652362 
32 85  1.457412 3.887692 
32 86  0.354038 4.004928 
33 14  -3.100845 2.685217 
33 15  -3.812198 1.834213 
33 16  -4.143002 1.186391 
33 17  -4.325552 0.624492 
33 18  -4.419267 0.118907 
33 19  -4.451053 -0.343627 
33 20  -4.436110 -0.770527 
33 21  -4.384169 -1.166496 
33 22  -4.301990 -1.534774 
33 23  -4.194550 -1.877725 
33 24  -4.065675 -2.197153 
33 25  -3.918412 -2.494484 
33 26  -3.755249 -2.770873 
33 27  -3.578267 -3.027282 
33 28  -3.389239 -3.264524 
33 29  -3.189700 -3.483299 
33 30  -2.980997 -3.684218 
33 31  -2.764327 -3.867819 
33 32  -2.540765 -4.034585 
33 33  -2.311286 -4.184950 
33 34  -2.076781 -4.319310 
33 35  -1.838074 -4.438027 
33 36  -1.595926 -4.541437 
33 37  -1.351053 -4.629850 
33 38  -1.104125 -4.703557 
33 39  -0.855776 -4.762834 
33 40  -0.606612 -4.807938 
33 41  -0.357209 -4.839117 
33 42  -0.108123 -4.856605 
33 43  0.140112 -4.860629 
33 44  0.386976 -4.851406 
33 45  0.631963 -4.829147 
33 46  0.874580 -4.794057 
33 47  1.114341 -4.746336 
33 48  1.350768 -4.686178 
33 49  1.583387 -4.613777 
33 50  1.811729 -4.529322 
33 51  2.035325 -4.433002 
33 52  2.253705 -4.325003 
33 53  2.466398 -4.205513 
33 54  2.672930 -4.074717 
33 55  2.872818 -3.932805 
33 56  3.065574 -3.779967 
33 57  3.250698 -3.616395 
33 58  3.427679 -3.442285 
33 59  3.595991 -3.257837 
33 60  3.755090 -3.063257 
33 61  3.904413 -2.858758 
33 62  4.043371 -2.644559 
33 63  4.171349 -2.420889 
33 64  4.287696 -2.187988 
33 65  4.391727 -1.946107 
33 66  4.482711 -1.695513 
33 67  4.559862 -1.436491 
33 68  4.622336 -1.169344 
33 69  4.669215 -0.894402 
33 70  4.699493 -0.612022 
33 71  4.712058 -0.322596 
33 72  4.705673 -0.026560 
33 73  4.678940 0.275601 
33 74  4.630265 0.583333 
33 75  4.557804 0.896003 
33 76  4.459388 1.212872 
33 77  4.332415 1.533061 
33 78  4.173699 1.855501 
33 79  3.979223 2.178861 
33 80  3.743753 2.501418 
33 81  3.460160 2.820858 
33 82  3.118154 3.133875 
33 83  2.701612 3.435358 
33 84  2.181904 3.716353 
33 85  1.495583 3.957326 
33 86  0.393565 4.082981 
34 14  -3.183764 2.715076 
34 15  -3.889074 1.858422 
34 16  -4.220958 1.201673 
34 17  -4.404213 0.631344 
34 18  -4.497951 0.117957 
34 19  -4.529142 -0.351795 
34 20  -4.513080 -0.785387 
34 21  -4.459576 -1.187571 
34 22  -4.375459 -1.561626 
34 23  -4.265760 -1.909948 
34 24  -4.134350 -2.234368 
34 25  -3.984313 -2.536334 
34 26  -3.818169 -2.817020 
34 27  -3.638026 -3.077403 
34 28  -3.445681 -3.318311 
34 29  -3.242688 -3.540455 
34 30  -3.030413 -3.744457 
34 31  -2.810070 -3.930866 
34 32  -2.582748 -4.100172 
34 33  -2.349435 -4.252818 
34 34  -2.111036 -4.389207 
34 35  -1.868384 -4.509707 
34 36  -1.622253 -4.614659 
34 37  -1.373365 -4.704380 
34 38  -1.122403 -4.779167 
34 39  -0.870009 -4.839298 
34 40  -0.616795 -4.885037 
34 41  -0.363348 -4.916635 
34 42  -0.110229 -4.934330 
34 43  0.142018 -4.938353 
34 44  0.392868 -4.928925 
34 45  0.641808 -4.906259 
34 46  0.888337 -4.870564 
34 47  1.131963 -4.822043 
34 48  1.372201 -4.760894 
34 49  1.608571 -4.687312 
34 50  1.840596 -4.601490 
34 51  2.067802 -4.503619 
34 52  2.289712 -4.393889 
34 53  2.505850 -4.272488 
34 54  2.715731 -4.139606 
34 55  2.918869 -3.995435 
34 56  3.114767 -3.840165 
34 57  3.302920 -3.673992 
34 58  3.482807 -3.497115 
34 59  3.653897 -3.309737 
34 60  3.815636 -3.112065 
34 61  3.967453 -2.904313 
34 62  4.108752 -2.686705 
34 63  4.238906 -2.459472 
34 64  4.357258 -2.222855 
34 65  4.463110 -1.977109 
34 66  4.555720 -1.722504 
34 67  4.634293 -1.459327 
34 68  4.697970 -1.187885 
34 69  4.745820 -0.908510 
34 70  4.776821 -0.621563 
34 71  4.789846 -0.327441 
34 72  4.783638 -0.026583 
34 73  4.756780 0.280519 
34 74  4.707653 0.593309 
34 75  4.634388 0.911147 
34 76  4.534783 1.233285 
34 77  4.406204 1.558837 
34 78  4.245419 1.886725 
34 79  4.048363 2.215605 
34 80  3.809739 2.543740 
34 81  3.522341 2.868798 
34 82  3.175787 3.187453 
34 83  2.753848 3.494568 
34 84  2.227816 3.781183 
34 85  1.534556 4.027874 
34 86  0.433018 4.161789 
35 14  -3.267273 2.745493 
35 15  -3.967189 1.882743 
35 16  -4.300162 1.216951 
35 17  -4.484110 0.638089 
35 18  -4.577852 0.116804 
35 19  -4.608425 -0.360257 
35 20  -4.591214 -0.800628 
35 21  -4.536116 -1.209107 
35 22  -4.450024 -1.589014 
35 23  -4.338026 -1.942778 
35 24  -4.204039 -2.272256 
35 25  -4.051183 -2.578917 
35 26  -3.882010 -2.863957 
35 27  -3.698657 -3.128367 
35 28  -3.502942 -3.372989 
35 29  -3.296443 -3.598547 
35 30  -3.080542 -3.805674 
35 31  -2.856470 -3.994928 
35 32  -2.625332 -4.166809 
35 33  -2.388128 -4.321766 
35 34  -2.145776 -4.460210 
35 35  -1.899121 -4.582516 
35 36  -1.648946 -4.689032 
35 37  -1.395986 -4.780078 
35 38  -1.140929 -4.855958 
35 39  -0.884429 -4.916954 
35 40  -0.627107 -4.963336 
35 41  -0.369555 -4.995357 
35 42  -0.112345 -5.013261 
35 43  0.143975 -5.017282 
35 44  0.398870 -5.007644 
35 45  0.651821 -4.984565 
35 46  0.902319 -4.948256 
35 47  1.149866 -4.898922 
35 48  1.393971 -4.836767 
35 49  1.634147 -4.761987 
35 50  1.869911 -4.674778 
35 51  2.100781 -4.575333 
35 52  2.326274 -4.463846 
35 53  2.545905 -4.340507 
35 54  2.759187 -4.205508 
35 55  2.965623 -4.059044 
35 56  3.164711 -3.901308 
35 57  3.355937 -3.732497 
35 58  3.538774 -3.552814 
35 59  3.712683 -3.362462 
35 60  3.877102 -3.161652 
35 61  4.031452 -2.950602 
35 62  4.175127 -2.729536 
35 63  4.307492 -2.498687 
35 64  4.427879 -2.258302 
35 65  4.535581 -2.008636 
35 66  4.629845 -1.749962 
35 67  4.709863 -1.482570 
35 68  4.774763 -1.206771 
35 69  4.823601 -0.922900 
35 70  4.855340 -0.631321 
35 71  4.868836 -0.332436 
35 72  4.862813 -0.026687 
35 73  4.835832 0.285429 
35 74  4.786254 0.603349 
35 75  4.712179 0.926427 
35 76  4.611377 1.253911 
35 77  4.481176 1.584903 
35 78  4.318303 1.918317 
35 79  4.118640 2.252796 
35 80  3.876829 2.586590 
35 81  3.585588 2.917348 
35 82  3.234442 3.241722 
35 83  2.807053 3.554554 
35 84  2.274634 3.846869 
35 85  1.574348 4.099358 
35 86  0.472513 4.241407 
36 14  -3.351475 2.776435 
36 15  -4.046570 1.907182 
36 16  -4.380640 1.232228 
36 17  -4.565269 0.644726 
36 18  -4.658998 0.115444 
36 19  -4.688927 -0.369021 
36 20  -4.670540 -0.816257 
36 21  -4.613814 -1.231113 
36 22  -4.525711 -1.616950 
36 23  -4.411373 -1.976227 
36 24  -4.274765 -2.310831 
36 25  -4.119044 -2.622252 
36 26  -3.946794 -2.911703 
36 27  -3.760179 -3.180194 
36 28  -3.561043 -3.428581 
36 29  -3.350983 -3.657599 
36 30  -3.131401 -3.867893 
36 31  -2.903543 -4.060030 
36 32  -2.668531 -4.234520 
36 33  -2.427377 -4.391820 
36 34  -2.181013 -4.532347 
36 35  -1.930294 -4.656483 
36 36  -1.676015 -4.764582 
36 37  -1.418921 -4.856971 
36 38  -1.159709 -4.933958 
36 39  -0.899043 -4.995831 
36 40  -0.637550 -5.042863 
36 41  -0.375833 -5.075312 
36 42  -0.114470 -5.093427 
36 43  0.145983 -5.097444 
36 44  0.404983 -5.087593 
36 45  0.662004 -5.064093 
36 46  0.916531 -5.027160 
36 47  1.168058 -4.977002 
36 48  1.416088 -4.913824 
36 49  1.660127 -4.837828 
36 50  1.899684 -4.749211 
36 51  2.134272 -4.648170 
36 52  2.363401 -4.534899 
36 53  2.586580 -4.409593 
36 54  2.803312 -4.272447 
36 55  3.013096 -4.123656 
36 56  3.215421 -3.963417 
36 57  3.409767 -3.791930 
36 58  3.595600 -3.609399 
36 59  3.772370 -3.416031 
36 60  3.939511 -3.212038 
36 61  4.096432 -2.997641 
36 62  4.242519 -2.773067 
36 63  4.377130 -2.538551 
36 64  4.499585 -2.294342 
36 65  4.609167 -2.040699 
36 66  4.705111 -1.777897 
36 67  4.786597 -1.506230 
36 68  4.852743 -1.226011 
36 69  4.902587 -0.937578 
36 70  4.935078 -0.641301 
36 71  4.949056 -0.337584 
36 72  4.943225 -0.026873 
36 73  4.916126 0.290328 
36 74  4.866094 0.613453 
36 75  4.791205 0.941848 
36 76  4.689196 1.274754 
36 77  4.557358 1.611265 
36 78  4.392376 1.950285 
36 79  4.190081 2.290444 
36 80  3.945051 2.629980 
36 81  3.649927 2.966521 
36 82  3.294140 3.296699 
36 83  2.861246 3.615332 
36 84  2.322376 3.913434 
36 85  1.614977 4.171801 
36 86  0.512148 4.321884 
37 14  -3.436464 2.807876 
37 15  -4.127246 1.931742 
37 16  -4.462422 1.247504 
37 17  -4.647721 0.651254 
37 18  -4.741416 0.113872 
37 19  -4.770679 -0.378091 
37 20  -4.751086 -0.832283 
37 21  -4.692697 -1.253601 
37 22  -4.602545 -1.645446 
37 23  -4.485827 -2.010312 
37 24  -4.346553 -2.350109 
37 25  -4.187920 -2.666354 
37 26  -4.012543 -2.960277 
37 27  -3.822615 -3.232904 
37 28  -3.620004 -3.485107 
37 29  -3.406327 -3.717632 
37 30  -3.183007 -3.931136 
37 31  -2.951306 -4.126196 
37 32  -2.712359 -4.303330 
37 33  -2.467196 -4.463004 
37 34  -2.216759 -4.605642 
37 35  -1.961915 -4.731633 
37 36  -1.703470 -4.841337 
37 37  -1.442179 -4.935087 
37 38  -1.178750 -5.013196 
37 39  -0.913854 -5.075956 
37 40  -0.648128 -5.123646 
37 41  -0.382183 -5.156529 
37 42  -0.116604 -5.174856 
37 43  0.148043 -5.178869 
37 44  0.411209 -5.168800 
37 45  0.672362 -5.144872 
37 46  0.930978 -5.107305 
37 47  1.186546 -5.056310 
37 48  1.438559 -4.992094 
37 49  1.686518 -4.914863 
37 50  1.929927 -4.824817 
37 51  2.168289 -4.722155 
37 52  2.401109 -4.607075 
37 53  2.627887 -4.479773 
37 54  2.848123 -4.340447 
37 55  3.061305 -4.189295 
37 56  3.266917 -4.026516 
37 57  3.464431 -3.852314 
37 58  3.653304 -3.666893 
37 59  3.832980 -3.470464 
37 60  4.002883 -3.263242 
37 61  4.162416 -3.045449 
37 62  4.310954 -2.817314 
37 63  4.447845 -2.579078 
37 64  4.572401 -2.330989 
37 65  4.683892 -2.073311 
37 66  4.781544 -1.806321 
37 67  4.864524 -1.530316 
37 68  4.931936 -1.245612 
37 69  4.982805 -0.952552 
37 70  5.016064 -0.651508 
37 71  5.030535 -0.342887 
37 72  5.024904 -0.027143 
37 73  4.997690 0.295218 
37 74  4.947205 0.623623 
37 75  4.871496 0.957413 
37 76  4.768269 1.295820 
37 77  4.634780 1.637931 
37 78  4.467668 1.982639 
37 79  4.262713 2.328562 
37 80  4.014429 2.673923 
37 81  3.715382 3.016333 
37 82  3.354907 3.352402 
37 83  2.916450 3.676922 
37 84  2.371062 3.980898 
37 85  1.656460 4.245224 
37 86  0.552007 4.403265 
38 14  -3.522322 2.839798 
38 15  -4.209247 1.956428 
38 16  -4.545538 1.262782 
38 17  -4.731494 0.657671 
38 18  -4.825138 0.112086 
38 19  -4.853709 -0.387475 
38 20  -4.832879 -0.848714 
38 21  -4.772794 -1.276582 
38 22  -4.680554 -1.674516 
38 23  -4.561414 -2.045045 
38 24  -4.419429 -2.390108 
38 25  -4.257834 -2.711241 
38 26  -4.079280 -3.009698 
38 27  -3.885986 -3.286519 
38 28  -3.679845 -3.542589 
38 29  -3.462495 -3.778670 
38 30  -3.235378 -3.995428 
38 31  -2.999774 -4.193451 
38 32  -2.756833 -4.373266 
38 33  -2.507598 -4.535347 
38 34  -2.253025 -4.680125 
38 35  -1.993993 -4.807996 
38 36  -1.731319 -4.919327 
38 37  -1.465767 -5.014456 
38 38  -1.198057 -5.093701 
38 39  -0.928867 -5.157360 
38 40  -0.658844 -5.205717 
38 41  -0.388607 -5.239038 
38 42  -0.118749 -5.257580 
38 43  0.150156 -5.261587 
38 44  0.417552 -5.251295 
38 45  0.682899 -5.226933 
38 46  0.945666 -5.188721 
38 47  1.205335 -5.136875 
38 48  1.461392 -5.071606 
38 49  1.713332 -4.993121 
38 50  1.960650 -4.901624 
38 51  2.202843 -4.797317 
38 52  2.439410 -4.680399 
38 53  2.669844 -4.551071 
38 54  2.893635 -4.409533 
38 55  3.110268 -4.255985 
38 56  3.319217 -4.090629 
38 57  3.519947 -3.913670 
38 58  3.711908 -3.725317 
38 59  3.894535 -3.525782 
38 60  4.067244 -3.315282 
38 61  4.229428 -3.094043 
38 62  4.380455 -2.862296 
38 63  4.519663 -2.620283 
38 64  4.646353 -2.368258 
38 65  4.759785 -2.106485 
38 66  4.859173 -1.835245 
38 67  4.943672 -1.554838 
38 68  5.012373 -1.265584 
38 69  5.064285 -0.967828 
38 70  5.098327 -0.661946 
38 71  5.113303 -0.348351 
38 72  5.107880 -0.027499 
38 73  5.080555 0.300098 
38 74  5.029615 0.633861 
38 75  4.953081 0.973125 
38 76  4.848626 1.317114 
38 77  4.713469 1.664908 
38 78  4.544205 2.015388 
38 79  4.336562 2.367161 
38 80  4.084991 2.718434 
38 81  3.781979 3.066800 
38 82  3.416765 3.408847 
38 83  2.972688 3.739344 
38 84  2.420712 4.049282 
38 85  1.698815 4.319653 
38 86  0.592166 4.485593 
39 14  -3.609125 2.872184 
39 15  -4.292604 1.981245 
39 16  -4.630017 1.278062 
39 17  -4.816620 0.663977 
39 18  -4.910193 0.110079 
39 19  -4.938047 -0.397179 
39 20  -4.915950 -0.865561 
39 21  -4.854134 -1.300066 
39 22  -4.759766 -1.704172 
39 23  -4.638160 -2.080443 
39 24  -4.493418 -2.430843 
39 25  -4.328813 -2.756934 
39 26  -4.147029 -3.059986 
39 27  -3.950315 -3.341058 
39 28  -3.740586 -3.601050 
39 29  -3.519506 -3.840737 
39 30  -3.288532 -4.060794 
39 31  -3.048964 -4.261822 
39 32  -2.801967 -4.444354 
39 33  -2.548598 -4.608875 
39 34  -2.289825 -4.755822 
39 35  -2.026540 -4.885600 
39 36  -1.759572 -4.998579 
39 37  -1.489694 -5.095106 
39 38  -1.217636 -5.175503 
39 39  -0.944087 -5.240074 
39 40  -0.669701 -5.289105 
39 41  -0.395106 -5.322870 
39 42  -0.120904 -5.341628 
39 43  0.152324 -5.345628 
39 44  0.424015 -5.335110 
39 45  0.693619 -5.310305 
39 46  0.960601 -5.271438 
39 47  1.224433 -5.218728 
39 48  1.484597 -5.152389 
39 49  1.740577 -5.072631 
39 50  1.991864 -4.979661 
39 51  2.237948 -4.873683 
39 52  2.478319 -4.754900 
39 53  2.712464 -4.623516 
39 54  2.939867 -4.479732 
39 55  3.160003 -4.323751 
39 56  3.372341 -4.155779 
39 57  3.576337 -3.976023 
39 58  3.771433 -3.784693 
39 59  3.957056 -3.582005 
39 60  4.132615 -3.368179 
39 61  4.297493 -3.143442 
39 62  4.451049 -2.908029 
39 63  4.592610 -2.662184 
39 64  4.721469 -2.406163 
39 65  4.836874 -2.140234 
39 66  4.938026 -1.864682 
39 67  5.024070 -1.579807 
39 68  5.094082 -1.285935 
39 69  5.147058 -0.983413 
39 70  5.181899 -0.672622 
39 71  5.197391 -0.353978 
39 72  5.192183 -0.027942 
39 73  5.164751 0.304968 
39 74  5.113356 0.644169 
39 75  5.035991 0.988988 
39 76  4.930298 1.338643 
39 77  4.793456 1.692204 
39 78  4.622019 2.048542 
39 79  4.411659 2.406252 
39 80  4.156765 2.763525 
39 81  3.849744 3.117937 
39 82  3.479740 3.466053 
39 83  3.029982 3.802618 
39 84  2.471349 4.118608 
39 85  1.742061 4.395111 
39 86  0.632688 4.568910 
40 14  -3.696944 2.905024 
40 15  -4.377346 2.006198 
40 16  -4.715891 1.293347 
40 17  -4.903131 0.670169 
40 18  -4.996614 0.107850 
40 19  -5.023725 -0.407210 
40 20  -5.000330 -0.882832 
40 21  -4.936746 -1.324064 
40 22  -4.840211 -1.734429 
40 23  -4.716095 -2.116520 
40 24  -4.568547 -2.472333 
40 25  -4.400881 -2.803449 
40 26  -4.215815 -3.111161 
40 27  -4.015624 -3.396545 
40 28  -3.802251 -3.660514 
40 29  -3.577380 -3.903856 
40 30  -3.342489 -4.127260 
40 31  -3.098894 -4.331334 
40 32  -2.847777 -4.516622 
40 33  -2.590209 -4.683617 
40 34  -2.327171 -4.832765 
40 35  -2.059567 -4.964475 
40 36  -1.788238 -5.079126 
40 37  -1.513968 -5.177070 
40 38  -1.237495 -5.258634 
40 39  -0.959519 -5.324128 
40 40  -0.680703 -5.373844 
40 41  -0.401684 -5.408057 
40 42  -0.123070 -5.427033 
40 43  0.154548 -5.431025 
40 44  0.430599 -5.420276 
40 45  0.704527 -5.395021 
40 46  0.975789 -5.355488 
40 47  1.243849 -5.301900 
40 48  1.508181 -5.234474 
40 49  1.768265 -5.153423 
40 50  2.023583 -5.058956 
40 51  2.273617 -4.951282 
40 52  2.517851 -4.830606 
40 53  2.755765 -4.697134 
40 54  2.986835 -4.551070 
40 55  3.210529 -4.392620 
40 56  3.426308 -4.221992 
40 57  3.633621 -4.039396 
40 58  3.831901 -3.845045 
40 59  4.020569 -3.639156 
40 60  4.199022 -3.421953 
40 61  4.366637 -3.193666 
40 62  4.522761 -2.954531 
40 63  4.666714 -2.704797 
40 64  4.797777 -2.444720 
40 65  4.915187 -2.174573 
40 66  5.018134 -1.894643 
40 67  5.105749 -1.605234 
40 68  5.177095 -1.306673 
40 69  5.231154 -0.999314 
40 70  5.266809 -0.683540 
40 71  5.282831 -0.359772 
40 72  5.277847 -0.028475 
40 73  5.250311 0.309829 
40 74  5.198460 0.654548 
40 75  5.120258 1.005006 
40 76  5.013315 1.360412 
40 77  4.874772 1.719826 
40 78  4.701138 2.082111 
40 79  4.488033 2.445847 
40 80  4.229778 2.809212 
40 81  3.918704 3.169761 
40 82  3.543858 3.524039 
40 83  3.088358 3.866764 
40 84  2.522992 4.188900 
40 85  1.786218 4.471623 
40 86  0.673632 4.653255 
41 14  -3.785843 2.938309 
41 15  -4.463508 2.031291 
41 16  -4.803194 1.308638 
41 17  -4.991058 0.676246 
41 18  -5.084432 0.105392 
41 19  -5.110774 -0.417576 
41 20  -5.086050 -0.900536 
41 21  -5.020661 -1.348590 
41 22  -4.921917 -1.765300 
41 23  -4.795246 -2.153294 
41 24  -4.644844 -2.514594 
41 25  -4.474066 -2.850808 
41 26  -4.285662 -3.163246 
41 27  -4.081938 -3.453003 
41 28  -3.864862 -3.721005 
41 29  -3.636139 -3.968055 
41 30  -3.397268 -4.194852 
41 31  -3.149583 -4.402015 
41 32  -2.894280 -4.590099 
41 33  -2.632447 -4.759603 
41 34  -2.365077 -4.910982 
41 35  -2.093087 -5.044652 
41 36  -1.817328 -5.160998 
41 37  -1.538597 -5.260378 
41 38  -1.257641 -5.343126 
41 39  -0.975169 -5.409556 
41 40  -0.691854 -5.459964 
41 41  -0.408340 -5.494632 
41 42  -0.125247 -5.513829 
41 43  0.156829 -5.517811 
41 44  0.437308 -5.506826 
41 45  0.715628 -5.481113 
41 46  0.991235 -5.440904 
41 47  1.263589 -5.386424 
41 48  1.532155 -5.317893 
41 49  1.796407 -5.235528 
41 50  2.055817 -5.139542 
41 51  2.309863 -5.030146 
41 52  2.558021 -4.907547 
41 53  2.799762 -4.771954 
41 54  3.034557 -4.623575 
41 55  3.261865 -4.462618 
41 56  3.481139 -4.289294 
41 57  3.691821 -4.103814 
41 58  3.893337 -3.906395 
41 59  4.085096 -3.697258 
41 60  4.266490 -3.476627 
41 61  4.436885 -3.244735 
41 62  4.595620 -3.001822 
41 63  4.742003 -2.748138 
41 64  4.875306 -2.483945 
41 65  4.994754 -2.209516 
41 66  5.099526 -1.925141 
41 67  5.188740 -1.631129 
41 68  5.261444 -1.327810 
41 69  5.316605 -1.015540 
41 70  5.353092 -0.694708 
41 71  5.369656 -0.365737 
41 72  5.364903 -0.029099 
41 73  5.337267 0.314679 
41 74  5.284959 0.665002 
41 75  5.205915 1.021184 
41 76  5.097710 1.382427 
41 77  4.957449 1.747784 
41 78  4.781595 2.116105 
41 79  4.565713 2.485959 
41 80  4.304061 2.855508 
41 81  3.988889 3.222290 
41 82  3.609146 3.582823 
41 83  3.147838 3.931805 
41 84  2.575666 4.260182 
41 85  1.831305 4.549216 
41 86  0.715052 4.738667 
42 14  -3.875885 2.972033 
42 15  -4.551122 2.056530 
42 16  -4.891959 1.323936 
42 17  -5.080437 0.682206 
42 18  -5.173682 0.102701 
42 19  -5.199229 -0.428283 
42 20  -5.173143 -0.918684 
42 21  -5.105911 -1.373655 
42 22  -5.004917 -1.796799 
42 23  -4.875643 -2.190780 
42 24  -4.722338 -2.557646 
42 25  -4.548394 -2.899030 
42 26  -4.356597 -3.216263 
42 27  -4.149281 -3.510454 
42 28  -3.928441 -3.782548 
42 29  -3.695804 -4.033358 
42 30  -3.452890 -4.263597 
42 31  -3.201048 -4.473895 
42 32  -2.941494 -4.664814 
42 33  -2.675327 -4.836864 
42 34  -2.403557 -4.990505 
42 35  -2.127111 -5.126163 
42 36  -1.846853 -5.244229 
42 37  -1.563590 -5.345066 
42 38  -1.278080 -5.429013 
42 39  -0.991041 -5.496391 
42 40  -0.703156 -5.547501 
42 41  -0.415079 -5.582630 
42 42  -0.127435 -5.602049 
42 43  0.159169 -5.606020 
42 44  0.444146 -5.594795 
42 45  0.726925 -5.568616 
42 46  1.006946 -5.527718 
42 47  1.283661 -5.472331 
42 48  1.556528 -5.402679 
42 49  1.825012 -5.318980 
42 50  2.088580 -5.221450 
42 51  2.346701 -5.110304 
42 52  2.598844 -4.985752 
42 53  2.844474 -4.848006 
42 54  3.083051 -4.697276 
42 55  3.314031 -4.533773 
42 56  3.536856 -4.357711 
42 57  3.750960 -4.169303 
42 58  3.955762 -3.968770 
42 59  4.150664 -3.756333 
42 60  4.335045 -3.532221 
42 61  4.508265 -3.296669 
42 62  4.669653 -3.049920 
42 63  4.818507 -2.792227 
42 64  4.954086 -2.523853 
42 65  5.075607 -2.245076 
42 66  5.182234 -1.956189 
42 67  5.273074 -1.657503 
42 68  5.347161 -1.349353 
42 69  5.403445 -1.032098 
42 70  5.440781 -0.706129 
42 71  5.457899 -0.371877 
42 72  5.453387 -0.029816 
42 73  5.425655 0.319521 
42 74  5.372889 0.675532 
42 75  5.292996 1.037525 
42 76  5.183518 1.404696 
42 77  5.041521 1.776086 
42 78  4.863422 2.150536 
42 79  4.644733 2.526602 
42 80  4.379644 2.902430 
42 81  4.060326 3.275539 
42 82  3.675631 3.642426 
42 83  3.208450 3.997761 
42 84  2.629393 4.332477 
42 85  1.877344 4.627916 
42 86  0.756997 4.825186 
43 14  -3.967128 3.006193 
43 15  -4.640223 2.081919 
43 16  -4.982220 1.339244 
43 17  -5.171302 0.688049 
43 18  -5.264398 0.099773 
43 19  -5.289123 -0.439339 
43 20  -5.261642 -0.937286 
43 21  -5.192530 -1.399273 
43 22  -5.089241 -1.828943 
43 23  -4.957319 -2.228996 
43 24  -4.801058 -2.601509 
43 25  -4.623894 -2.948137 
43 26  -4.428646 -3.270233 
43 27  -4.217680 -3.568923 
43 28  -3.993014 -3.845168 
43 29  -3.756399 -4.099794 
43 30  -3.509375 -4.333526 
43 31  -3.253310 -4.547003 
43 32  -2.989435 -4.740799 
43 33  -2.718866 -4.915430 
43 34  -2.442624 -5.071367 
43 35  -2.161652 -5.209041 
43 36  -1.876823 -5.328851 
43 37  -1.588956 -5.431165 
43 38  -1.298820 -5.516330 
43 39  -1.007142 -5.584669 
43 40  -0.714615 -5.636490 
43 41  -0.421901 -5.672084 
43 42  -0.129635 -5.691728 
43 43  0.161569 -5.695687 
43 44  0.451115 -5.684217 
43 45  0.738424 -5.657563 
43 46  1.022929 -5.615966 
43 47  1.304074 -5.559658 
43 48  1.581310 -5.488865 
43 49  1.854094 -5.403810 
43 50  2.121885 -5.304713 
43 51  2.384146 -5.191789 
43 52  2.640337 -5.065254 
43 53  2.889917 -4.925321 
43 54  3.132338 -4.772203 
43 55  3.367047 -4.606114 
43 56  3.593480 -4.427271 
43 57  3.811062 -4.235890 
43 58  4.019203 -4.032193 
43 59  4.217297 -3.816405 
43 60  4.404715 -3.588759 
43 61  4.580806 -3.349490 
43 62  4.744890 -3.098846 
43 63  4.896254 -2.837081 
43 64  5.034148 -2.564462 
43 65  5.157776 -2.281270 
43 66  5.266291 -1.987801 
43 67  5.358786 -1.684369 
43 68  5.434280 -1.371313 
43 69  5.491709 -1.048995 
43 70  5.529910 -0.717812 
43 71  5.547595 -0.378196 
43 72  5.543333 -0.030629 
43 73  5.515508 0.324352 
43 74  5.462284 0.686139 
43 75  5.381535 1.054034 
43 76  5.270772 1.427223 
43 77  5.127021 1.804740 
43 78  4.946652 2.185414 
43 79  4.725123 2.567789 
43 80  4.456559 2.949994 
43 81  4.133047 3.329529 
43 82  3.743341 3.702869 
43 83  3.270220 4.064658 
43 84  2.684198 4.405812 
43 85  1.924355 4.707751 
43 86  0.799511 4.912849 
44 14  -4.059631 3.040786 
44 15  -4.730848 2.107465 
44 16  -5.074015 1.354564 
44 17  -5.263690 0.693771 
44 18  -5.356617 0.096603 
44 19  -5.380492 -0.450752 
44 20  -5.351582 -0.956353 
44 21  -5.280550 -1.425455 
44 22  -5.174923 -1.861746 
44 23  -5.040303 -2.267959 
44 24  -4.881035 -2.646201 
44 25  -4.700596 -2.998150 
44 26  -4.501839 -3.325180 
44 27  -4.287160 -3.628436 
44 28  -4.058604 -3.908893 
44 29  -3.817946 -4.167390 
44 30  -3.566745 -4.404665 
44 31  -3.306388 -4.621369 
44 32  -3.038123 -4.818083 
44 33  -2.763080 -4.995335 
44 34  -2.482295 -5.153601 
44 35  -2.196722 -5.293321 
44 36  -1.907249 -5.414899 
44 37  -1.614705 -5.518712 
44 38  -1.319868 -5.605111 
44 39  -1.023477 -5.674425 
44 40  -0.726234 -5.726967 
44 41  -0.428809 -5.763033 
44 42  -0.131847 -5.782903 
44 43  0.164030 -5.786849 
44 44  0.458218 -5.775128 
44 45  0.750130 -5.747993 
44 46  1.039191 -5.705684 
44 47  1.324837 -5.648438 
44 48  1.606511 -5.576487 
44 49  1.883663 -5.490054 
44 50  2.155746 -5.389364 
44 51  2.422212 -5.274635 
44 52  2.682517 -5.146084 
44 53  2.936110 -5.003929 
44 54  3.182437 -4.848386 
44 55  3.420935 -4.679670 
44 56  3.651034 -4.498002 
44 57  3.872150 -4.303601 
44 58  4.083684 -4.096691 
44 59  4.285022 -3.877501 
44 60  4.475526 -3.646264 
44 61  4.654535 -3.403220 
44 62  4.821360 -3.148620 
44 63  4.975277 -2.882719 
44 64  5.115525 -2.605790 
44 65  5.241296 -2.318113 
44 66  5.351731 -2.019991 
44 67  5.445909 -1.711739 
44 68  5.522836 -1.393700 
44 69  5.581432 -1.066241 
44 70  5.620516 -0.729761 
44 71  5.638782 -0.384699 
44 72  5.634777 -0.031540 
44 73  5.606865 0.329174 
44 74  5.553180 0.696827 
44 75  5.471570 1.070716 
44 76  5.359509 1.450017 
44 77  5.213984 1.833756 
44 78  5.031321 2.220751 
44 79  4.806919 2.609533 
44 80  4.534838 2.998215 
44 81  4.207082 3.384278 
44 82  3.812307 3.764172 
44 83  3.333174 4.132517 
44 84  2.740105 4.480211 
44 85  1.972362 4.788749 
44 86  0.842639 5.001694 
45 14  -4.153448 3.075813 
45 15  -4.823032 2.133173 
45 16  -5.167380 1.369896 
45 17  -5.357637 0.699372 
45 18  -5.450375 0.093185 
45 19  -5.473373 -0.462530 
45 20  -5.443000 -0.975895 
45 21  -5.370008 -1.452216 
45 22  -5.261997 -1.895225 
45 23  -5.124630 -2.307688 
45 24  -4.962301 -2.691743 
45 25  -4.778529 -3.049092 
45 26  -4.576203 -3.381130 
45 27  -4.357749 -3.689019 
45 28  -4.125239 -3.973749 
45 29  -3.880470 -4.236176 
45 30  -3.625023 -4.477047 
45 31  -3.360303 -4.697025 
45 32  -3.087575 -4.896701 
45 33  -2.807985 -5.076611 
45 34  -2.522583 -5.237241 
45 35  -2.232336 -5.379037 
45 36  -1.938144 -5.502410 
45 37  -1.640846 -5.607743 
45 38  -1.341233 -5.695394 
45 39  -1.040052 -5.765697 
45 40  -0.738016 -5.818970 
45 41  -0.435804 -5.855513 
45 42  -0.134071 -5.875613 
45 43  0.166555 -5.879543 
45 44  0.465459 -5.867567 
45 45  0.762048 -5.839940 
45 46  1.055738 -5.796908 
45 47  1.345957 -5.738710 
45 48  1.632142 -5.665580 
45 49  1.913733 -5.577748 
45 50  2.190175 -5.475438 
45 51  2.460916 -5.358874 
45 52  2.725401 -5.228276 
45 53  2.983072 -5.083864 
45 54  3.233368 -4.925856 
45 55  3.475717 -4.754473 
45 56  3.709542 -4.569935 
45 57  3.934249 -4.372465 
45 58  4.149232 -4.162291 
45 59  4.353867 -3.939644 
45 60  4.547508 -3.704760 
45 61  4.729484 -3.457882 
45 62  4.899095 -3.199263 
45 63  5.055608 -2.929162 
45 64  5.198249 -2.647853 
45 65  5.326200 -2.355622 
45 66  5.438589 -2.052772 
45 67  5.534480 -1.739625 
45 68  5.612866 -1.416525 
45 69  5.672650 -1.083843 
45 70  5.712635 -0.741984 
45 71  5.731496 -0.391390 
45 72  5.727759 -0.032550 
45 73  5.699762 0.333986 
45 74  5.645616 0.707598 
45 75  5.563137 1.087574 
45 76  5.449765 1.473084 
45 77  5.302448 1.863143 
45 78  5.117463 2.256559 
45 79  4.890155 2.651849 
45 80  4.614514 3.047110 
45 81  4.282464 3.439804 
45 82  3.882558 3.826358 
45 83  3.397343 4.201364 
45 84  2.797140 4.555704 
45 85  2.021387 4.870941 
45 86  0.886419 5.091760 
46 14  -4.248636 3.111274 
46 15  -4.916816 2.159049 
46 16  -5.262354 1.385243 
46 17  -5.453183 0.704849 
46 18  -5.545712 0.089514 
46 19  -5.567804 -0.474683 
46 20  -5.535933 -0.995925 
46 21  -5.460940 -1.479571 
46 22  -5.350498 -1.929396 
46 23  -5.210334 -2.348203 
46 24  -5.044889 -2.738157 
46 25  -4.857726 -3.100987 
46 26  -4.651769 -3.438106 
46 27  -4.429475 -3.750698 
46 28  -4.192944 -4.039766 
46 29  -3.943995 -4.306181 
46 30  -3.684231 -4.550702 
46 31  -3.415077 -4.774003 
46 32  -3.137812 -4.976686 
46 33  -2.853601 -5.159294 
46 34  -2.563506 -5.322323 
46 35  -2.268508 -5.466225 
46 36  -1.969518 -5.591420 
46 37  -1.667389 -5.698296 
46 38  -1.362922 -5.787217 
46 39  -1.056874 -5.858523 
46 40  -0.749967 -5.912537 
46 41  -0.442891 -5.949564 
46 42  -0.136307 -5.969895 
46 43  0.169144 -5.973809 
46 44  0.472842 -5.961573 
46 45  0.774183 -5.933446 
46 46  1.072578 -5.889677 
46 47  1.367445 -5.830511 
46 48  1.658213 -5.756183 
46 49  1.944315 -5.666928 
46 50  2.225189 -5.562973 
46 51  2.500274 -5.444544 
46 52  2.769007 -5.311865 
46 53  3.030823 -5.165159 
46 54  3.285152 -5.004647 
46 55  3.531416 -4.830553 
46 56  3.769027 -4.643099 
46 57  3.997385 -4.442512 
46 58  4.215874 -4.229022 
46 59  4.423861 -4.002863 
46 60  4.620691 -3.764273 
46 61  4.805683 -3.513500 
46 62  4.978127 -3.250797 
46 63  5.137279 -2.976429 
46 64  5.282355 -2.690671 
46 65  5.412523 -2.393813 
46 66  5.526899 -2.086161 
46 67  5.624535 -1.768040 
46 68  5.704406 -1.439798 
46 69  5.765403 -1.101811 
46 70  5.806307 -0.754487 
46 71  5.825776 -0.398272 
46 72  5.822315 -0.033663 
46 73  5.794239 0.338788 
46 74  5.739630 0.718453 
46 75  5.656275 1.104614 
46 76  5.541580 1.496431 
46 77  5.392450 1.892911 
46 78  5.205117 2.292850 
46 79  4.974867 2.694752 
46 80  4.695624 3.096698 
46 81  4.359226 3.496129 
46 82  3.954126 3.889449 
46 83  3.462754 4.271224 
46 84  2.855330 4.632316 
46 85  2.071453 4.954357 
46 86  0.930892 5.183085 
47 14  -4.345248 3.147173 
47 15  -5.012237 2.185098 
47 16  -5.358977 1.400606 
47 17  -5.550368 0.710200 
47 18  -5.642666 0.085585 
47 19  -5.663825 -0.487217 
47 20  -5.630419 -1.016453 
47 21  -5.553382 -1.507533 
47 22  -5.440464 -1.964276 
47 23  -5.297449 -2.389521 
47 24  -5.128832 -2.785464 
47 25  -4.938218 -3.153857 
47 26  -4.728567 -3.496136 
47 27  -4.502368 -3.813501 
47 28  -4.261746 -4.106973 
47 29  -4.008547 -4.377437 
47 30  -3.744394 -4.625663 
47 31  -3.470731 -4.852338 
47 32  -3.188855 -5.058073 
47 33  -2.899945 -5.243420 
47 34  -2.605079 -5.408884 
47 35  -2.305251 -5.554925 
47 36  -2.001385 -5.681968 
47 37  -1.694346 -5.790410 
47 38  -1.384944 -5.880619 
47 39  -1.073948 -5.952942 
47 40  -0.762091 -6.007708 
47 41  -0.450070 -6.045225 
47 42  -0.138557 -6.065790 
47 43  0.171799 -6.069686 
47 44  0.480369 -6.057185 
47 45  0.786542 -6.028548 
47 46  1.089718 -5.984031 
47 47  1.389309 -5.923879 
47 48  1.684735 -5.848334 
47 49  1.975423 -5.757632 
47 50  2.260802 -5.652004 
47 51  2.540302 -5.531680 
47 52  2.813353 -5.396887 
47 53  3.079383 -5.247850 
47 54  3.337812 -5.084793 
47 55  3.588055 -4.907943 
47 56  3.829515 -4.717526 
47 57  4.061584 -4.513772 
47 58  4.283638 -4.296912 
47 59  4.495033 -4.067184 
47 60  4.695105 -3.824829 
47 61  4.883164 -3.570097 
47 62  5.058489 -3.303246 
47 63  5.220326 -3.024541 
47 64  5.367878 -2.734263 
47 65  5.500302 -2.432703 
47 66  5.616701 -2.120172 
47 67  5.716112 -1.796998 
47 68  5.797497 -1.463532 
47 69  5.859728 -1.120155 
47 70  5.901571 -0.767277 
47 71  5.921663 -0.405352 
47 72  5.918488 -0.034880 
47 73  5.890336 0.343581 
47 74  5.835263 0.729396 
47 75  5.751024 1.121840 
47 76  5.634992 1.520066 
47 77  5.484029 1.923070 
47 78  5.294319 2.329637 
47 79  5.061093 2.738257 
47 80  4.778202 3.146996 
47 81  4.437402 3.553273 
47 82  4.027045 3.953470 
47 83  3.529439 4.342123 
47 84  2.914703 4.710078 
47 85  2.122587 5.039028 
47 86  0.976095 5.275710 
48 14  -4.443339 3.183512 
48 15  -5.109338 2.211327 
48 16  -5.457290 1.415989 
48 17  -5.649233 0.715424 
48 18  -5.741281 0.081392 
48 19  -5.761475 -0.500143 
48 20  -5.726498 -1.037492 
48 21  -5.647375 -1.536118 
48 22  -5.531930 -1.999884 
48 23  -5.386012 -2.431665 
48 24  -5.214166 -2.833687 
48 25  -5.020039 -3.207728 
48 26  -4.806629 -3.555245 
48 27  -4.576457 -3.877457 
48 28  -4.331675 -4.175401 
48 29  -4.074154 -4.449975 
48 30  -3.805537 -4.701964 
48 31  -3.527288 -4.932064 
48 32  -3.240723 -5.140897 
48 33  -2.947035 -5.329026 
48 34  -2.647318 -5.496962 
48 35  -2.342581 -5.645173 
48 36  -2.033758 -5.774094 
48 37  -1.721725 -5.884125 
48 38  -1.407307 -5.975642 
48 39  -1.091282 -6.048997 
48 40  -0.774391 -6.104525 
48 41  -0.457344 -6.142539 
48 42  -0.140820 -6.163340 
48 43  0.174522 -6.167217 
48 44  0.488045 -6.154444 
48 45  0.799129 -6.125289 
48 46  1.107165 -6.080010 
48 47  1.411559 -6.018856 
48 48  1.711722 -5.942073 
48 49  2.007071 -5.849900 
48 50  2.297029 -5.742572 
48 51  2.581017 -5.620321 
48 52  2.858459 -5.483378 
48 53  3.128772 -5.331971 
48 54  3.391370 -5.166328 
48 55  3.645658 -4.986678 
48 56  3.891033 -4.793249 
48 57  4.126875 -4.586275 
48 58  4.352553 -4.365991 
48 59  4.567414 -4.132636 
48 60  4.770783 -3.886455 
48 61  4.961961 -3.627700 
48 62  5.140217 -3.356632 
48 63  5.304784 -3.073521 
48 64  5.454855 -2.778649 
48 65  5.589575 -2.472311 
48 66  5.708032 -2.154822 
48 67  5.809250 -1.826512 
48 68  5.892177 -1.487738 
48 69  5.955666 -1.138882 
48 70  5.998467 -0.780362 
48 71  6.019198 -0.412635 
48 72  6.016317 -0.036204 
48 73  5.988094 0.348364 
48 74  5.932556 0.740429 
48 75  5.847427 1.139258 
48 76  5.730042 1.543996 
48 77  5.577226 1.953630 
48 78  5.385111 2.366933 
48 79  5.148870 2.782380 
48 80  4.862286 3.198022 
48 81  4.517029 3.611258 
48 82  4.101347 4.018443 
48 83  3.597428 4.414089 
48 84  2.975287 4.789019 
48 85  2.174812 5.124987 
48 86  1.022065 5.369674 
49 14  -4.542962 3.220298 
49 15  -5.208160 2.237743 
49 16  -5.557337 1.431391 
49 17  -5.749822 0.720518 
49 18  -5.841597 0.076929 
49 19  -5.860797 -0.513470 
49 20  -5.824212 -1.059054 
49 21  -5.742958 -1.565341 
49 22  -5.624938 -2.036237 
49 23  -5.476061 -2.474655 
49 24  -5.300926 -2.882850 
49 25  -5.103224 -3.262626 
49 26  -4.885989 -3.615462 
49 27  -4.651774 -3.942596 
49 28  -4.402760 -4.245081 
49 29  -4.140842 -4.523829 
49 30  -3.867685 -4.779639 
49 31  -3.584772 -5.013218 
49 32  -3.293438 -5.225198 
49 33  -2.994892 -5.416151 
49 34  -2.690243 -5.586597 
49 35  -2.380512 -5.737012 
49 36  -2.066649 -5.867838 
49 37  -1.749540 -5.979482 
49 38  -1.430021 -6.072327 
49 39  -1.108882 -6.146730 
49 40  -0.786874 -6.203030 
49 41  -0.464716 -6.241548 
49 42  -0.143098 -6.262589 
49 43  0.177314 -6.266444 
49 44  0.495873 -6.253395 
49 45  0.811950 -6.223712 
49 46  1.124929 -6.177657 
49 47  1.434206 -6.115484 
49 48  1.739184 -6.037442 
49 49  2.039273 -5.943772 
49 50  2.333886 -5.834716 
49 51  2.622439 -5.710506 
49 52  2.904344 -5.571378 
49 53  3.179012 -5.417562 
49 54  3.445849 -5.249289 
49 55  3.704251 -5.066792 
49 56  3.953606 -4.870302 
49 57  4.193286 -4.660056 
49 58  4.422649 -4.436290 
49 59  4.641034 -4.199248 
49 60  4.847757 -3.949178 
49 61  5.042108 -3.686334 
49 62  5.223344 -3.410981 
49 63  5.390689 -3.123391 
49 64  5.543324 -2.823849 
49 65  5.680379 -2.512656 
49 66  5.800932 -2.190126 
49 67  5.903991 -1.856597 
49 68  5.988488 -1.512427 
49 69  6.053261 -1.158004 
49 70  6.097040 -0.793749 
49 71  6.118423 -0.420124 
49 72  6.115848 -0.037638 
49 73  6.087558 0.353137 
49 74  6.031552 0.751554 
49 75  5.945525 1.156873 
49 76  5.826774 1.568230 
49 77  5.672082 1.984602 
49 78  5.477533 2.404751 
49 79  5.238239 2.827138 
49 80  4.947914 3.249796 
49 81  4.598143 3.670105 
49 82  4.177067 4.084395 
49 83  3.666755 4.487149 
49 84  3.037112 4.869171 
49 85  2.228156 5.212269 
49 86  1.068836 5.465017 
50 14  -4.644171 3.257535 
50 15  -5.308749 2.264351 
50 16  -5.659161 1.446817 
50 17  -5.852178 0.725480 
50 18  -5.943659 0.072191 
50 19  -5.961835 -0.527208 
50 20  -5.923602 -1.081153 
50 21  -5.840174 -1.595218 
50 22  -5.719527 -2.073355 
50 23  -5.567635 -2.518513 
50 24  -5.389151 -2.932977 
50 25  -5.187808 -3.318578 
50 26  -4.966680 -3.676816 
50 27  -4.728351 -4.008949 
50 28  -4.475031 -4.316046 
50 29  -4.208639 -4.599034 
50 30  -3.930864 -4.858724 
50 31  -3.643208 -5.095836 
50 32  -3.347023 -5.311012 
50 33  -3.043536 -5.504833 
50 34  -2.733871 -5.677829 
50 35  -2.419062 -5.830483 
50 36  -2.100072 -5.963244 
50 37  -1.777801 -6.076526 
50 38  -1.453095 -6.170718 
50 39  -1.126755 -6.246185 
50 40  -0.799544 -6.303269 
50 41  -0.472188 -6.342297 
50 42  -0.145389 -6.363580 
50 43  0.180178 -6.367413 
50 44  0.503858 -6.354081 
50 45  0.825012 -6.323861 
50 46  1.143017 -6.277016 
50 47  1.457259 -6.213806 
50 48  1.767134 -6.134483 
50 49  2.072043 -6.039292 
50 50  2.371391 -5.928477 
50 51  2.664584 -5.802275 
50 52  2.951029 -5.660925 
50 53  3.230127 -5.504659 
50 54  3.501274 -5.333713 
50 55  3.763860 -5.148321 
50 56  4.017262 -4.948720 
50 57  4.260845 -4.735146 
50 58  4.493957 -4.507841 
50 59  4.715928 -4.267051 
50 60  4.926062 -4.013027 
50 61  5.123640 -3.746027 
50 62  5.307909 -3.466317 
50 63  5.478081 -3.174173 
50 64  5.633323 -2.869885 
50 65  5.772757 -2.553755 
50 66  5.895443 -2.226103 
50 67  6.000377 -1.887268 
50 68  6.086473 -1.537613 
50 69  6.152555 -1.177531 
50 70  6.197332 -0.807446 
50 71  6.219383 -0.427825 
50 72  6.217123 -0.039184 
50 73  6.188771 0.357900 
50 74  6.132297 0.762774 
50 75  6.045363 1.174690 
50 76  5.925232 1.592776 
50 77  5.768641 2.015998 
50 78  5.571626 2.443106 
50 79  5.329242 2.872548 
50 80  5.035128 3.302339 
50 81  4.680782 3.729839 
50 82  4.254242 4.151352 
50 83  3.737453 4.561333 
50 84  3.100208 4.950564 
50 85  2.282645 5.300908 
50 86  1.116445 5.561781 
51 14  -4.747022 3.295231 
51 15  -5.411148 2.291158 
51 16  -5.762809 1.462267 
51 17  -5.956349 0.730308 
51 18  -6.047514 0.067170 
51 19  -6.064633 -0.541366 
51 20  -6.024715 -1.103802 
51 21  -5.939064 -1.625767 
51 22  -5.815738 -2.111258 
51 23  -5.660775 -2.563261 
51 24  -5.478879 -2.984093 
51 25  -5.273829 -3.375611 
51 26  -5.048738 -3.739337 
51 27  -4.806223 -4.076547 
51 28  -4.548521 -4.388330 
51 29  -4.277577 -4.675625 
51 30  -3.995103 -4.939257 
51 31  -3.702621 -5.179958 
51 32  -3.401502 -5.398380 
51 33  -3.092988 -5.595115 
51 34  -2.778220 -5.770700 
51 35  -2.458246 -5.925628 
51 36  -2.134042 -6.060354 
51 37  -1.806520 -6.175300 
51 38  -1.476539 -6.270861 
51 39  -1.144909 -6.347407 
51 40  -0.812405 -6.405287 
51 41  -0.479764 -6.444833 
51 42  -0.147695 -6.466360 
51 43  0.183115 -6.470169 
51 44  0.512003 -6.456549 
51 45  0.838322 -6.425781 
51 46  1.161438 -6.378133 
51 47  1.480730 -6.313867 
51 48  1.795585 -6.233240 
51 49  2.105396 -6.136502 
51 50  2.409559 -6.023898 
51 51  2.707473 -5.895671 
51 52  2.998535 -5.752060 
51 53  3.282138 -5.593304 
51 54  3.557671 -5.419639 
51 55  3.824512 -5.231305 
51 56  4.082032 -5.028538 
51 57  4.329585 -4.811581 
51 58  4.566510 -4.580678 
51 59  4.792128 -4.336077 
51 60  5.005733 -4.078032 
51 61  5.206595 -3.806806 
51 62  5.393950 -3.522666 
51 63  5.566998 -3.225893 
51 64  5.724895 -2.916780 
51 65  5.866749 -2.595630 
51 66  5.991608 -2.262769 
51 67  6.098450 -1.918540 
51 68  6.186177 -1.563309 
51 69  6.253593 -1.197472 
51 70  6.299390 -0.821460 
51 71  6.322124 -0.435744 
51 72  6.320190 -0.040845 
51 73  6.291780 0.362654 
51 74  6.234836 0.774093 
51 75  6.146987 1.192716 
51 76  6.025459 1.617642 
51 77  5.866948 2.047828 
51 78  5.667437 2.482012 
51 79  5.421920 2.918627 
51 80  5.123967 3.355671 
51 81  4.764987 3.790482 
51 82  4.332910 4.219340 
51 83  3.809557 4.636670 
51 84  3.164608 5.033234 
51 85  2.338309 5.390941 
51 86  1.164926 5.660010 
52 14  -4.851569 3.333393 
52 15  -5.515407 2.318171 
52 16  -5.868328 1.477744 
52 17  -6.062381 0.734999 
52 18  -6.153208 0.061861 
52 19  -6.169239 -0.555955 
52 20  -6.127594 -1.127015 
52 21  -6.039675 -1.657004 
52 22  -5.913616 -2.149966 
52 23  -5.755522 -2.608922 
52 24  -5.570150 -3.036224 
52 25  -5.361326 -3.433753 
52 26  -5.132200 -3.803055 
52 27  -4.885422 -4.145425 
52 28  -4.623260 -4.461967 
52 29  -4.347685 -4.753638 
52 30  -4.060429 -5.021276 
52 31  -3.763037 -5.265623 
52 32  -3.456897 -5.487344 
52 33  -3.143270 -5.687040 
52 34  -2.823310 -5.865256 
52 35  -2.498081 -6.022494 
52 36  -2.168573 -6.159216 
52 37  -1.835710 -6.275852 
52 38  -1.500361 -6.372803 
52 39  -1.163352 -6.450445 
52 40  -0.825463 -6.509133 
52 41  -0.487445 -6.549203 
52 42  -0.150016 -6.570977 
52 43  0.186128 -6.574760 
52 44  0.520313 -6.560847 
52 45  0.851885 -6.529520 
52 46  1.180201 -6.481053 
52 47  1.504630 -6.415714 
52 48  1.824551 -6.333761 
52 49  2.139348 -6.235448 
52 50  2.448410 -6.121025 
52 51  2.751126 -5.990737 
52 52  3.046885 -5.844828 
52 53  3.335071 -5.683538 
52 54  3.615064 -5.507108 
52 55  3.886235 -5.315780 
52 56  4.147943 -5.109795 
52 57  4.399535 -4.889397 
52 58  4.640341 -4.654834 
52 59  4.869669 -4.406358 
52 60  5.086806 -4.144225 
52 61  5.291009 -3.868700 
52 62  5.481505 -3.580056 
52 63  5.657481 -3.278576 
52 64  5.818081 -2.964555 
52 65  5.962399 -2.638302 
52 66  6.089470 -2.300144 
52 67  6.198257 -1.950429 
52 68  6.287646 -1.589527 
52 69  6.356422 -1.217840 
52 70  6.403260 -0.835801 
52 71  6.426695 -0.443887 
52 72  6.425097 -0.042624 
52 73  6.396633 0.367398 
52 74  6.339217 0.785512 
52 75  6.250445 1.210955 
52 76  6.127505 1.642838 
52 77  5.967049 2.080106 
52 78  5.765009 2.521484 
52 79  5.516319 2.965393 
52 80  5.214475 3.409813 
52 81  4.850798 3.852060 
52 82  4.413109 4.288387 
52 83  3.883104 4.713193 
52 84  3.230345 5.117213 
52 85  2.395176 5.482405 
52 86  1.214314 5.759746 
53 14  -4.957869 3.372029 
53 15  -5.621573 2.345399 
53 16  -5.975768 1.493250 
53 17  -6.170323 0.739552 
53 18  -6.260791 0.056255 
53 19  -6.275701 -0.570986 
53 20  -6.232289 -1.150806 
53 21  -6.142051 -1.688948 
53 22  -6.013205 -2.189499 
53 23  -5.851919 -2.655522 
53 24  -5.663007 -3.089398 
53 25  -5.450338 -3.493035 
53 26  -5.217104 -3.868002 
53 27  -4.965987 -4.215615 
53 28  -4.699285 -4.536995 
53 29  -4.418994 -4.833113 
53 30  -4.126872 -5.104822 
53 31  -3.824483 -5.352874 
53 32  -3.513234 -5.577947 
53 33  -3.194404 -5.780651 
53 34  -2.869161 -5.961540 
53 35  -2.538586 -6.121125 
53 36  -2.203681 -6.259876 
53 37  -1.865383 -6.378229 
53 38  -1.524574 -6.476591 
53 39  -1.182090 -6.555346 
53 40  -0.838724 -6.614854 
53 41  -0.495235 -6.655457 
53 42  -0.152353 -6.677481 
53 43  0.189217 -6.681237 
53 44  0.528793 -6.667023 
53 45  0.865709 -6.635127 
53 46  1.199314 -6.585828 
53 47  1.528969 -6.519395 
53 48  1.854045 -6.436092 
53 49  2.173915 -6.336177 
53 50  2.487961 -6.219903 
53 51  2.795563 -6.087518 
53 52  3.096100 -5.939270 
53 53  3.388950 -5.775403 
53 54  3.673481 -5.596161 
53 55  3.949057 -5.401788 
53 56  4.215028 -5.192529 
53 57  4.470730 -4.968631 
53 58  4.715484 -4.730346 
53 59  4.948589 -4.477928 
53 60  5.169320 -4.211637 
53 61  5.376924 -3.931740 
53 62  5.570617 -3.638515 
53 63  5.749573 -3.332247 
53 64  5.912925 -3.013234 
53 65  6.059752 -2.681790 
53 66  6.189076 -2.338246 
53 67  6.299845 -1.982951 
53 68  6.390926 -1.616283 
53 69  6.461091 -1.238645 
53 70  6.508991 -0.850476 
53 71  6.533143 -0.452258 
53 72  6.531892 -0.044524 
53 73  6.503380 0.372132 
53 74  6.445490 0.797035 
53 75  6.355786 1.229415 
53 76  6.231417 1.668372 
53 77  6.068991 2.112842 
53 78  5.864390 2.561539 
53 79  5.612484 3.012866 
53 80  5.306696 3.464788 
53 81  4.938257 3.914597 
53 82  4.494879 4.358523 
53 83  3.958130 4.790933 
53 84  3.297453 5.202538 
53 85  2.453278 5.575339 
53 86  1.264644 5.861035 
54 14  -5.065979 3.411150 
54 15  -5.729697 2.372847 
54 16  -6.085180 1.508787 
54 17  -6.280229 0.743962 
54 18  -6.370313 0.050348 
54 19  -6.384070 -0.586470 
54 20  -6.338847 -1.175192 
54 21  -6.246243 -1.721617 
54 22  -6.114552 -2.229881 
54 23  -5.950013 -2.703085 
54 24  -5.757492 -3.143641 
54 25  -5.540907 -3.553486 
54 26  -5.303488 -3.934212 
54 27  -5.047953 -4.287154 
54 28  -4.776629 -4.613451 
54 29  -4.491539 -4.914089 
54 30  -4.194463 -5.189934 
54 31  -3.886988 -5.441754 
54 32  -3.570539 -5.670234 
54 33  -3.246413 -5.875994 
54 34  -2.915795 -6.059601 
54 35  -2.579778 -6.221571 
54 36  -2.239381 -6.362383 
54 37  -1.895552 -6.482480 
54 38  -1.549187 -6.582277 
54 39  -1.201132 -6.662162 
54 40  -0.852192 -6.722503 
54 41  -0.503137 -6.763646 
54 42  -0.154706 -6.785923 
54 43  0.192385 -6.789650 
54 44  0.537446 -6.775129 
54 45  0.879800 -6.742654 
54 46  1.218788 -6.692506 
54 47  1.553762 -6.624960 
54 48  1.884081 -6.540284 
54 49  2.209115 -6.438738 
54 50  2.528232 -6.320580 
54 51  2.840805 -6.186062 
54 52  3.146206 -6.035434 
54 53  3.443800 -5.868945 
54 54  3.732951 -5.686841 
54 55  4.013009 -5.489370 
54 56  4.283318 -5.276780 
54 57  4.543204 -5.049322 
54 58  4.791976 -4.807250 
54 59  5.028924 -4.550822 
54 60  5.253314 -4.280301 
54 61  5.464380 -3.995957 
54 62  5.661327 -3.698071 
54 63  5.843317 -3.386933 
54 64  6.009471 -3.062843 
54 65  6.158854 -2.726118 
54 66  6.290473 -2.377094 
54 67  6.403261 -2.016125 
54 68  6.496069 -1.643590 
54 69  6.567649 -1.259899 
54 70  6.616635 -0.865495 
54 71  6.641521 -0.460865 
54 72  6.640628 -0.046548 
54 73  6.612072 0.376856 
54 74  6.553707 0.808666 
54 75  6.463061 1.248101 
54 76  6.337247 1.694254 
54 77  6.172826 2.146051 
54 78  5.965628 2.602191 
54 79  5.710463 3.061066 
54 80  5.400677 3.520618 
54 81  5.027409 3.978122 
54 82  4.578263 4.429778 
54 83  4.034674 4.869924 
54 84  3.365966 5.289246 
54 85  2.512645 5.669784 
54 86  1.315951 5.963922 
55 14  -5.175958 3.450765 
55 15  -5.839833 2.400524 
55 16  -6.196616 1.524358 
55 17  -6.392150 0.748229 
55 18  -6.481827 0.044130 
55 19  -6.494396 -0.602418 
55 20  -6.447321 -1.200186 
55 21  -6.352298 -1.755030 
55 22  -6.217706 -2.271134 
55 23  -6.049848 -2.751637 
55 24  -5.853650 -3.198984 
55 25  -5.633075 -3.615140 
55 26  -5.391394 -4.001719 
55 27  -5.131360 -4.360078 
55 28  -4.855329 -4.691373 
55 29  -4.565353 -4.996607 
55 30  -4.263234 -5.276658 
55 31  -3.950581 -5.532306 
55 32  -3.628839 -5.764249 
55 33  -3.299322 -5.973118 
55 34  -2.963232 -6.159487 
55 35  -2.621677 -6.323882 
55 36  -2.275690 -6.466788 
55 37  -1.926232 -6.588658 
55 38  -1.574212 -6.689913 
55 39  -1.220488 -6.770946 
55 40  -0.865875 -6.832133 
55 41  -0.511154 -6.873824 
55 42  -0.157076 -6.896357 
55 43  0.195635 -6.900052 
55 44  0.546277 -6.885219 
55 45  0.894166 -6.852152 
55 46  1.238632 -6.801140 
55 47  1.579018 -6.732461 
55 48  1.914676 -6.646386 
55 49  2.244963 -6.543181 
55 50  2.569242 -6.423105 
55 51  2.886875 -6.286416 
55 52  3.197225 -6.133367 
55 53  3.499650 -5.964209 
55 54  3.793501 -5.779193 
55 55  4.078123 -5.578570 
55 56  4.352847 -5.362591 
55 57  4.616990 -5.131510 
55 58  4.869853 -4.885585 
55 59  5.110714 -4.625077 
55 60  5.338828 -4.350251 
55 61  5.553420 -4.061384 
55 62  5.753680 -3.758756 
55 63  5.938760 -3.442661 
55 64  6.107767 -3.113406 
55 65  6.259754 -2.771309 
55 66  6.393710 -2.416710 
55 67  6.508556 -2.049967 
55 68  6.603124 -1.671464 
55 69  6.676149 -1.281614 
55 70  6.726244 -0.880867 
55 71  6.751881 -0.469713 
55 72  6.751358 -0.048698 
55 73  6.722763 0.381571 
55 74  6.663919 0.820406 
55 75  6.572323 1.267020 
55 76  6.445046 1.720494 
55 77  6.278605 2.179745 
55 78  6.068776 2.643459 
55 79  5.810305 3.110011 
55 80  5.496464 3.577328 
55 81  5.118300 4.042660 
55 82  4.663302 4.502182 
55 83  4.112778 4.950200 
55 84  3.435923 5.377374 
55 85  2.573311 5.765782 
55 86  1.368269 6.068456 
56 14  -5.287864 3.490886 
56 15  -5.952034 2.428438 
56 16  -6.310133 1.539966 
56 17  -6.506141 0.752348 
56 18  -6.595389 0.037595 
56 19  -6.606735 -0.618843 
56 20  -6.557762 -1.225806 
56 21  -6.460269 -1.789208 
56 22  -6.322716 -2.313281 
56 23  -6.151475 -2.801204 
56 24  -5.951528 -3.255456 
56 25  -5.726888 -3.678028 
56 26  -5.480864 -4.070560 
56 27  -5.216247 -4.434426 
56 28  -4.935423 -4.770803 
56 29  -4.640471 -5.080709 
56 30  -4.333217 -5.365036 
56 31  -4.015292 -5.624578 
56 32  -3.688161 -5.860042 
56 33  -3.353156 -6.072071 
56 34  -3.011495 -6.261248 
56 35  -2.664302 -6.428108 
56 36  -2.312624 -6.573144 
56 37  -1.957437 -6.696816 
56 38  -1.599660 -6.799552 
56 39  -1.240164 -6.881753 
56 40  -0.879777 -6.943798 
56 41  -0.519290 -6.986045 
56 42  -0.159463 -7.008838 
56 43  0.198968 -7.012500 
56 44  0.555292 -6.997347 
56 45  0.908815 -6.963678 
56 46  1.258857 -6.911785 
56 47  1.604753 -6.841952 
56 48  1.945844 -6.754453 
56 49  2.281479 -6.649558 
56 50  2.611012 -6.527530 
56 51  2.933796 -6.388631 
56 52  3.249184 -6.233117 
56 53  3.556525 -6.061243 
56 54  3.855162 -5.873263 
56 55  4.144429 -5.669432 
56 56  4.423648 -5.450004 
56 57  4.692127 -5.215237 
56 58  4.949154 -4.965391 
56 59  5.194000 -4.700730 
56 60  5.425906 -4.421524 
56 61  5.644086 -4.128052 
56 62  5.847721 -3.820599 
56 63  6.035948 -3.499462 
56 64  6.207862 -3.164950 
56 65  6.362500 -2.817387 
56 66  6.498840 -2.457114 
56 67  6.615783 -2.084496 
56 68  6.712146 -1.699919 
56 69  6.786644 -1.303803 
56 70  6.837872 -0.896601 
56 71  6.864278 -0.478810 
56 72  6.864137 -0.050979 
56 73  6.835507 0.386275 
56 74  6.776184 0.832260 
56 75  6.683628 1.286178 
56 76  6.554869 1.747103 
56 77  6.386381 2.213938 
56 78  6.173885 2.685359 
56 79  5.912062 3.159724 
56 80  5.594108 3.634942 
56 81  5.210976 4.108241 
56 82  4.750044 4.575768 
56 83  4.192483 5.031798 
56 84  3.507362 5.466964 
56 85  2.635309 5.863375 
56 86  1.421636 6.174686 
57 14  -5.401760 3.531523 
57 15  -6.066358 2.456597 
57 16  -6.425788 1.555611 
57 17  -6.622261 0.756317 
57 18  -6.711055 0.030735 
57 19  -6.721143 -0.635757 
57 20  -6.670227 -1.252068 
57 21  -6.570209 -1.824171 
57 22  -6.429633 -2.356348 
57 23  -6.254942 -2.851816 
57 24  -6.051174 -3.313089 
57 25  -5.822390 -3.742186 
57 26  -5.571943 -4.140770 
57 27  -5.302657 -4.510238 
57 28  -5.016951 -4.851783 
57 29  -4.716930 -5.166440 
57 30  -4.404447 -5.455117 
57 31  -4.081153 -5.718617 
57 32  -3.748534 -5.957663 
57 33  -3.407940 -6.172905 
57 34  -3.060607 -6.364937 
57 35  -2.707675 -6.534303 
57 36  -2.350202 -6.681506 
57 37  -1.989181 -6.807010 
57 38  -1.625544 -6.911251 
57 39  -1.260172 -6.994638 
57 40  -0.893905 -7.057555 
57 41  -0.527547 -7.100368 
57 42  -0.161867 -7.123422 
57 43  0.202387 -7.127051 
57 44  0.564496 -7.111570 
57 45  0.923754 -7.077287 
57 46  1.279473 -7.024498 
57 47  1.630978 -6.953488 
57 48  1.977601 -6.864539 
57 49  2.318682 -6.757923 
57 50  2.653564 -6.633909 
57 51  2.981592 -6.492759 
57 52  3.302109 -6.334736 
57 53  3.614456 -6.160097 
57 54  3.917966 -5.969100 
57 55  4.211962 -5.762004 
57 56  4.495758 -5.539065 
57 57  4.768651 -5.300545 
57 58  5.029919 -5.046708 
57 59  5.278822 -4.777820 
57 60  5.514590 -4.494157 
57 61  5.736426 -4.195999 
57 62  5.943498 -3.883635 
57 63  6.134931 -3.557365 
57 64  6.309806 -3.217502 
57 65  6.467146 -2.864375 
57 66  6.605914 -2.498329 
57 67  6.724995 -2.119731 
57 68  6.823189 -1.728973 
57 69  6.899191 -1.326479 
57 70  6.951576 -0.912707 
57 71  6.978770 -0.488160 
57 72  6.979022 -0.053394 
57 73  6.950363 0.390970 
57 74  6.890558 0.844231 
57 75  6.797031 1.305583 
57 76  6.666774 1.774090 
57 77  6.496211 2.248645 
57 78  6.281009 2.727909 
57 79  6.015787 3.210227 
57 80  5.693660 3.693487 
57 81  5.305488 4.174895 
57 82  4.838533 4.650570 
57 83  4.273832 5.114754 
57 84  3.580321 5.558055 
57 85  2.698675 5.962610 
57 86  1.476086 6.282661 
58 14  -5.517708 3.572689 
58 15  -6.182863 2.485010 
58 16  -6.543638 1.571298 
58 17  -6.740568 0.760134 
58 18  -6.828883 0.023541 
58 19  -6.837677 -0.653174 
58 20  -6.784772 -1.278989 
58 21  -6.682174 -1.859941 
58 22  -6.538514 -2.400359 
58 23  -6.360302 -2.903501 
58 24  -6.152638 -3.371915 
58 25  -5.919631 -3.807648 
58 26  -5.664675 -4.212388 
58 27  -5.390632 -4.587553 
58 28  -5.099952 -4.934356 
58 29  -4.794768 -5.253846 
58 30  -4.476958 -5.546946 
58 31  -4.148196 -5.814474 
58 32  -3.809988 -6.057162 
58 33  -3.463703 -6.275673 
58 34  -3.110593 -6.470609 
58 35  -2.751815 -6.642524 
58 36  -2.388442 -6.791929 
58 37  -2.021480 -6.919296 
58 38  -1.651874 -7.025068 
58 39  -1.280519 -7.109661 
58 40  -0.908266 -7.173465 
58 41  -0.535929 -7.216851 
58 42  -0.164290 -7.240171 
58 43  0.205895 -7.243763 
58 44  0.573893 -7.227949 
58 45  0.938992 -7.193039 
58 46  1.300492 -7.139335 
58 47  1.657708 -7.067129 
58 48  2.009964 -6.976702 
58 49  2.356589 -6.868334 
58 50  2.696918 -6.742296 
58 51  3.030287 -6.598855 
58 52  3.356028 -6.438277 
58 53  3.673472 -6.260823 
58 54  3.981944 -6.066754 
58 55  4.280757 -5.856333 
58 56  4.569214 -5.629820 
58 57  4.846602 -5.387480 
58 58  5.112190 -5.129579 
58 59  5.365225 -4.856389 
58 60  5.604927 -4.568188 
58 61  5.830487 -4.265259 
58 62  6.041060 -3.947895 
58 63  6.235759 -3.616400 
58 64  6.413651 -3.271092 
58 65  6.573745 -2.912301 
58 66  6.714988 -2.540377 
58 67  6.836249 -2.155692 
58 68  6.936310 -1.758642 
58 69  7.013848 -1.349656 
58 70  7.067415 -0.929197 
58 71  7.095415 -0.497773 
58 72  7.096073 -0.055946 
58 73  7.067391 0.395656 
58 74  7.007101 0.856323 
58 75  6.912593 1.325242 
58 76  6.780817 1.801467 
58 77  6.608151 2.283880 
58 78  6.390206 2.771129 
58 79  6.121534 3.261542 
58 80  5.795172 3.752988 
58 81  5.401885 4.242651 
58 82  4.928818 4.726621 
58 83  4.356871 5.199109 
58 84  3.654843 5.650691 
58 85  2.763445 6.063533 
58 86  1.531658 6.392436 
59 14  -5.635772 3.614399 
59 15  -6.301610 2.513685 
59 16  -6.663747 1.587029 
59 17  -6.861124 0.763794 
59 18  -6.948936 0.016005 
59 19  -6.956397 -0.671105 
59 20  -6.901456 -1.306589 
59 21  -6.796222 -1.896541 
59 22  -6.649412 -2.445341 
59 23  -6.467610 -2.956290 
59 24  -6.255972 -3.431967 
59 25  -6.018659 -3.874452 
59 26  -5.759108 -4.285455 
59 27  -5.480217 -4.666416 
59 28  -5.184469 -5.018567 
59 29  -4.874024 -5.342974 
59 30  -4.550788 -5.640575 
59 31  -4.216455 -5.912199 
59 32  -3.872554 -6.158593 
59 33  -3.520472 -6.380429 
59 34  -3.161478 -6.578320 
59 35  -2.796745 -6.752829 
59 36  -2.427363 -6.904473 
59 37  -2.054350 -7.033735 
59 38  -1.678665 -7.141065 
59 39  -1.301216 -7.226883 
59 40  -0.922866 -7.291588 
59 41  -0.544440 -7.335556 
59 42  -0.166732 -7.359146 
59 43  0.209493 -7.362699 
59 44  0.583490 -7.346543 
59 45  0.954536 -7.310995 
59 46  1.321924 -7.256360 
59 47  1.684957 -7.182932 
59 48  2.042950 -7.091001 
59 49  2.395223 -6.980848 
59 50  2.741099 -6.852749 
59 51  3.079906 -6.706974 
59 52  3.410968 -6.543794 
59 53  3.733605 -6.363473 
59 54  4.047131 -6.166277 
59 55  4.350850 -5.952470 
59 56  4.644055 -5.722318 
59 57  4.926022 -5.476087 
59 58  5.196010 -5.214049 
59 59  5.453254 -4.936479 
59 60  5.696963 -4.643656 
59 61  5.926317 -4.335870 
59 62  6.140457 -4.013415 
59 63  6.338485 -3.676601 
59 64  6.519451 -3.325747 
59 65  6.682352 -2.961190 
59 66  6.826119 -2.583282 
59 67  6.949603 -2.192399 
59 68  7.051569 -1.788944 
59 69  7.130674 -1.373348 
59 70  7.185449 -0.946080 
59 71  7.214276 -0.507654 
59 72  7.215351 -0.058639 
59 73  7.186651 0.400331 
59 74  7.125875 0.868538 
59 75  7.030375 1.345162 
59 76  6.897061 1.829246 
59 77  6.722262 2.319659 
59 78  6.501534 2.815037 
59 79  6.229361 3.313692 
59 80  5.898702 3.813474 
59 81  5.500222 4.311543 
59 82  5.020950 4.803959 
59 83  4.441646 5.284901 
59 84  3.730970 5.744916 
59 85  2.829659 6.166193 
59 86  1.588388 6.504063 
60 14  -5.756021 3.656665 
60 15  -6.422663 2.542632 
60 16  -6.786179 1.602806 
60 17  -6.983993 0.767294 
60 18  -7.071277 0.008118 
60 19  -7.077368 -0.689567 
60 20  -7.020341 -1.334885 
60 21  -6.912412 -1.933993 
60 22  -6.762387 -2.491322 
60 23  -6.576920 -3.010213 
60 24  -6.361230 -3.493282 
60 25  -6.119527 -3.942635 
60 26  -5.855292 -4.360011 
60 27  -5.571459 -4.746871 
60 28  -5.270545 -5.104464 
60 29  -4.954740 -5.433875 
60 30  -4.625974 -5.736054 
60 31  -4.285966 -6.011848 
60 32  -3.936264 -6.262012 
60 33  -3.578275 -6.487232 
60 34  -3.213287 -6.688129 
60 35  -2.842489 -6.865276 
60 36  -2.466984 -7.019199 
60 37  -2.087807 -7.150389 
60 38  -1.705930 -7.259302 
60 39  -1.322273 -7.346367 
60 40  -0.937712 -7.411988 
60 41  -0.553083 -7.456548 
60 42  -0.169193 -7.480410 
60 43  0.213184 -7.483923 
60 44  0.593292 -7.467419 
60 45  0.970397 -7.431219 
60 46  1.343782 -7.375634 
60 47  1.712741 -7.300962 
60 48  2.076578 -7.207498 
60 49  2.434603 -7.095526 
60 50  2.786131 -6.965327 
60 51  3.130478 -6.817176 
60 52  3.466960 -6.651345 
60 53  3.794886 -6.468104 
60 54  4.113560 -6.267722 
60 55  4.422277 -6.050467 
60 56  4.720319 -5.816608 
60 57  5.006952 -5.566416 
60 58  5.281422 -5.300164 
60 59  5.542956 -5.018132 
60 60  5.790749 -4.720604 
60 61  6.023968 -4.407870 
60 62  6.241744 -4.080232 
60 63  6.443163 -3.738001 
60 64  6.627264 -3.381500 
60 65  6.793027 -3.011070 
60 66  6.939366 -2.627068 
60 67  7.065118 -2.229874 
60 68  7.169028 -1.819896 
60 69  7.249733 -1.397568 
60 70  7.305743 -0.963367 
60 71  7.335415 -0.517812 
60 72  7.336922 -0.061477 
60 73  7.308209 0.404996 
60 74  7.246943 0.880883 
60 75  7.150440 1.365352 
60 76  7.015568 1.857437 
60 77  6.838606 2.355998 
60 78  6.615054 2.859654 
60 79  6.339328 3.366703 
60 80  6.004305 3.874974 
60 81  5.600554 4.381602 
60 82  5.114981 4.882621 
60 83  4.528206 5.372174 
60 84  3.808746 5.840776 
60 85  2.897354 6.270639 
60 86  1.646315 6.617599 
61 13  -3.860566 5.536979 
61 14  -5.878521 3.699502 
61 15  -6.546087 2.571860 
61 16  -6.910999 1.618633 
61 17  -7.109242 0.770632 
61 18  -7.195971 -0.000129 
61 19  -7.200653 -0.708572 
61 20  -7.141490 -1.363897 
61 21  -7.030807 -1.972322 
61 22  -6.877498 -2.538329 
61 23  -6.688292 -3.065303 
61 24  -6.468468 -3.555894 
61 25  -6.222288 -4.012239 
61 26  -5.953276 -4.436101 
61 27  -5.664406 -4.828963 
61 28  -5.358227 -5.192095 
61 29  -5.036959 -5.526598 
61 30  -4.702557 -5.833439 
61 31  -4.356765 -6.113475 
61 32  -4.001152 -6.367477 
61 33  -3.637144 -6.596140 
61 34  -3.266048 -6.800097 
61 35  -2.889069 -6.979929 
61 36  -2.507327 -7.136171 
61 37  -2.121869 -7.269323 
61 38  -1.733683 -7.379847 
61 39  -1.343701 -7.468180 
61 40  -0.952812 -7.534732 
61 41  -0.561864 -7.579893 
61 42  -0.171674 -7.604031 
61 43  0.216971 -7.607502 
61 44  0.603305 -7.590641 
61 45  0.986583 -7.553777 
61 46  1.366079 -7.497222 
61 47  1.741074 -7.421283 
61 48  2.110865 -7.326256 
61 49  2.474751 -7.212431 
61 50  2.832037 -7.080093 
61 51  3.182030 -6.929520 
61 52  3.524033 -6.760989 
61 53  3.857348 -6.574774 
61 54  4.181269 -6.371146 
61 55  4.495079 -6.150379 
61 56  4.798049 -5.912743 
61 57  5.089436 -5.658515 
61 58  5.368475 -5.387972 
61 59  5.634379 -5.101396 
61 60  5.886334 -4.799074 
61 61  6.123494 -4.481302 
61 62  6.344975 -4.148383 
61 63  6.549852 -3.800634 
61 64  6.737148 -3.438382 
61 65  6.905828 -3.061970 
61 66  7.054792 -2.671761 
61 67  7.182856 -2.268140 
61 68  7.288750 -1.851517 
61 69  7.371089 -1.422334 
61 70  7.428361 -0.981071 
61 71  7.458900 -0.528254 
61 72  7.460851 -0.064464 
61 73  7.432131 0.409652 
61 74  7.370373 0.893359 
61 75  7.272856 1.385819 
61 76  7.136404 1.886055 
61 77  6.957248 2.392913 
61 78  6.730829 2.905002 
61 79  6.451496 3.420599 
61 80  6.112042 3.937516 
61 81  5.702936 4.452864 
61 82  5.210965 4.962645 
61 83  4.616601 5.460969 
61 84  3.888218 5.938320 
61 85  2.966573 6.376925 
61 86  1.705479 6.733102 
61 87  -1.023024 6.671996 
62 13  -4.124134 5.523261 
62 14  -6.003344 3.742927 
62 15  -6.671952 2.601380 
62 16  -7.038278 1.634511 
62 17  -7.236940 0.773804 
62 18  -7.323088 -0.008746 
62 19  -7.326321 -0.728137 
62 20  -7.264970 -1.393645 
62 21  -7.151471 -2.011553 
62 22  -6.994809 -2.586393 
62 23  -6.801787 -3.121594 
62 24  -6.577744 -3.619842 
62 25  -6.326997 -4.083303 
62 26  -6.053115 -4.513767 
62 27  -5.759109 -4.912741 
62 28  -5.447562 -5.281511 
62 29  -5.120724 -5.621198 
62 30  -4.780578 -5.932783 
62 31  -4.428890 -6.217139 
62 32  -4.067252 -6.475048 
62 33  -3.697110 -6.707216 
62 34  -3.319789 -6.914287 
62 35  -2.936511 -7.096852 
62 36  -2.548411 -7.255455 
62 37  -2.156554 -7.390602 
62 38  -1.761938 -7.502766 
62 39  -1.365510 -7.592389 
62 40  -0.968172 -7.659888 
62 41  -0.570784 -7.705660 
62 42  -0.174175 -7.730079 
62 43  0.220856 -7.733504 
62 44  0.613534 -7.716280 
62 45  1.003104 -7.678737 
62 46  1.388826 -7.621195 
62 47  1.769974 -7.543963 
62 48  2.145832 -7.447343 
62 49  2.515690 -7.331629 
62 50  2.878844 -7.197110 
62 51  3.234589 -7.044070 
62 52  3.582221 -6.872788 
62 53  3.921028 -6.683541 
62 54  4.250295 -6.476607 
62 55  4.569295 -6.252261 
62 56  4.877289 -6.010778 
62 57  5.173521 -5.752438 
62 58  5.457216 -5.477522 
62 59  5.727575 -5.186316 
62 60  5.983772 -4.879111 
62 61  6.224948 -4.556205 
62 62  6.450207 -4.217908 
62 63  6.658609 -3.864537 
62 64  6.849163 -3.496425 
62 65  7.020819 -3.113920 
62 66  7.172459 -2.717388 
62 67  7.302884 -2.307218 
62 68  7.410802 -1.883826 
62 69  7.494810 -1.447660 
62 70  7.553372 -0.999203 
62 71  7.584799 -0.538989 
62 72  7.587208 -0.067603 
62 73  7.558486 0.414297 
62 74  7.496233 0.905972 
62 75  7.397690 1.406572 
62 76  7.259637 1.915111 
62 77  7.078255 2.430422 
62 78  6.848926 2.951101 
62 79  6.565929 3.475407 
62 80  6.221975 4.001133 
62 81  5.807430 4.525363 
62 82  5.308958 5.044072 
62 83  4.706885 5.551334 
62 84  3.969435 6.037596 
62 85  3.037359 6.485104 
62 86  1.765920 6.850632 
62 87  -0.822703 6.843833 
63 13  -4.338278 5.536934 
63 14  -6.130563 3.786955 
63 15  -6.800329 2.631201 
63 16  -7.168086 1.650446 
63 17  -7.367159 0.776805 
63 18  -7.452700 -0.017742 
63 19  -7.454441 -0.748277 
63 20  -7.390850 -1.424151 
63 21  -7.274472 -2.051712 
63 22  -7.114385 -2.635545 
63 23  -6.917466 -3.179122 
63 24  -6.689120 -3.685165 
63 25  -6.433714 -4.155872 
63 26  -6.154863 -4.593059 
63 27  -5.855619 -4.998253 
63 28  -5.538599 -5.372765 
63 29  -5.206082 -5.717731 
63 30  -4.860079 -6.034147 
63 31  -4.502380 -6.322901 
63 32  -4.134601 -6.584787 
63 33  -3.758206 -6.820524 
63 34  -3.374539 -7.030766 
63 35  -2.984840 -7.216113 
63 36  -2.590260 -7.377119 
63 37  -2.191879 -7.514298 
63 38  -1.790710 -7.628130 
63 39  -1.387713 -7.719066 
63 40  -0.983802 -7.787529 
63 41  -0.579850 -7.833921 
63 42  -0.176698 -7.858624 
63 43  0.224843 -7.862003 
63 44  0.623988 -7.844406 
63 45  1.019969 -7.806171 
63 46  1.412037 -7.747621 
63 47  1.799456 -7.669071 
63 48  2.181498 -7.570827 
63 49  2.557444 -7.453188 
63 50  2.926579 -7.316447 
63 51  3.288188 -7.160891 
63 52  3.641555 -6.986805 
63 53  3.985960 -6.794469 
63 54  4.320677 -6.584165 
63 55  4.644968 -6.356172 
63 56  4.958082 -6.110769 
63 57  5.259253 -5.848239 
63 58  5.547695 -5.568867 
63 59  5.822596 -5.272943 
63 60  6.083118 -4.960761 
63 61  6.328389 -4.632625 
63 62  6.557500 -4.288846 
63 63  6.769497 -3.929748 
63 64  6.963374 -3.555665 
63 65  7.138065 -3.166951 
63 66  7.292436 -2.763976 
63 67  7.425269 -2.347134 
63 68  7.535254 -1.916845 
63 69  7.620966 -1.473563 
63 70  7.680848 -1.017776 
63 71  7.713184 -0.550024 
63 72  7.716065 -0.070900 
63 73  7.687347 0.418933 
63 74  7.624597 0.918725 
63 75  7.525015 1.427620 
63 76  7.385338 1.944618 
63 77  7.201697 2.468544 
63 78  6.969413 2.997974 
63 79  6.682695 3.531155 
63 80  6.334168 4.065856 
63 81  5.914097 4.599139 
63 82  5.409018 5.126945 
63 83  4.799111 5.643313 
63 84  4.052445 6.138658 
63 85  3.109755 6.595235 
63 86  1.827680 6.970252 
63 87  -0.677064 7.001420 
64 13  -4.531802 5.563308 
64 14  -6.260255 3.831604 
64 15  -6.931291 2.661334 
64 16  -7.300499 1.666438 
64 17  -7.499973 0.779632 
64 18  -7.584879 -0.027128 
64 19  -7.585088 -0.769008 
64 20  -7.519202 -1.455436 
64 21  -7.399880 -2.092826 
64 22  -7.236293 -2.685816 
64 23  -7.035396 -3.237922 
64 24  -6.802657 -3.751904 
64 25  -6.542497 -4.229990 
64 26  -6.258578 -4.674022 
64 27  -5.953991 -5.085553 
64 28  -5.631388 -5.465912 
64 29  -5.293080 -5.816253 
64 30  -4.941104 -6.137589 
64 31  -4.577277 -6.430822 
64 32  -4.203235 -6.696759 
64 33  -3.820465 -6.936131 
64 34  -3.430328 -7.149602 
64 35  -3.034083 -7.337782 
64 36  -2.632897 -7.501235 
64 37  -2.227865 -7.640482 
64 38  -1.820014 -7.756013 
64 39  -1.410320 -7.848285 
64 40  -0.999708 -7.917728 
64 41  -0.589065 -7.964751 
64 42  -0.179243 -7.989743 
64 43  0.228935 -7.993072 
64 44  0.634672 -7.975095 
64 45  1.037189 -7.936153 
64 46  1.435727 -7.876575 
64 47  1.829538 -7.796681 
64 48  2.217885 -7.696781 
64 49  2.600037 -7.577179 
64 50  2.975269 -7.438172 
64 51  3.342855 -7.280052 
64 52  3.702070 -7.103107 
64 53  4.052183 -6.907623 
64 54  4.392456 -6.693883 
64 55  4.722141 -6.462172 
64 56  5.040476 -6.212774 
64 57  5.346683 -5.945973 
64 58  5.639964 -5.662060 
64 59  5.919496 -5.361327 
64 60  6.184429 -5.044074 
64 61  6.433876 -4.710607 
64 62  6.666916 -4.361241 
64 63  6.882580 -3.996305 
64 64  7.079846 -3.616137 
64 65  7.257634 -3.221095 
64 66  7.414791 -2.811554 
64 67  7.550082 -2.387912 
64 68  7.662177 -1.950595 
64 69  7.749630 -1.500059 
64 70  7.810861 -1.036803 
64 71  7.844129 -0.561369 
64 72  7.847497 -0.074358 
64 73  7.818789 0.423559 
64 74  7.755538 0.931624 
64 75  7.654905 1.448971 
64 76  7.513582 1.974592 
64 77  7.327647 2.507295 
64 78  7.092361 3.045646 
64 79  6.801862 3.587871 
64 80  6.448688 4.131720 
64 81  6.023000 4.674228 
64 82  5.511208 5.211306 
64 83  4.893338 5.736957 
64 84  4.137301 6.241558 
64 85  3.183808 6.707374 
64 86  1.890802 7.092027 
64 87  -0.555114 7.153984 
65 13  -4.714209 5.597583 
65 14  -6.392497 3.876892 
65 15  -7.064916 2.691791 
65 16  -7.435595 1.682493 
65 17  -7.635462 0.782282 
65 18  -7.719704 -0.036915 
65 19  -7.718338 -0.790347 
65 20  -7.650100 -1.487524 
65 21  -7.527768 -2.134924 
65 22  -7.360605 -2.737240 
65 23  -7.155645 -3.298033 
65 24  -6.918421 -3.820101 
65 25  -6.653410 -4.305703 
65 26  -6.364320 -4.756709 
65 27  -6.054282 -5.174694 
65 28  -5.725984 -5.561009 
65 29  -5.381769 -5.916826 
65 30  -5.023702 -6.243174 
65 31  -4.653624 -6.540969 
65 32  -4.273195 -6.811032 
65 33  -3.883923 -7.054106 
65 34  -3.487189 -7.270865 
65 35  -3.084268 -7.461931 
65 36  -2.676346 -7.627876 
65 37  -2.264531 -7.769231 
65 38  -1.849868 -7.886491 
65 39  -1.433344 -7.980123 
65 40  -1.015900 -8.050564 
65 41  -0.598434 -8.098229 
65 42  -0.181811 -8.123512 
65 43  0.233134 -8.126791 
65 44  0.645593 -8.108425 
65 45  1.054775 -8.068761 
65 46  1.459910 -8.008134 
65 47  1.860239 -7.926868 
65 48  2.255014 -7.825279 
65 49  2.643494 -7.703675 
65 50  3.024943 -7.562358 
65 51  3.398625 -7.401623 
65 52  3.763803 -7.221764 
65 53  4.119736 -7.023069 
65 54  4.465675 -6.805828 
65 55  4.800860 -6.570327 
65 56  5.124519 -6.316854 
65 57  5.435862 -6.045700 
65 58  5.734079 -5.757157 
65 59  6.018334 -5.451522 
65 60  6.287764 -5.129098 
65 61  6.541472 -4.790197 
65 62  6.778519 -4.435137 
65 63  6.997923 -4.064249 
65 64  7.198648 -3.677879 
65 65  7.379595 -3.276386 
65 66  7.539596 -2.860152 
65 67  7.677397 -2.429578 
65 68  7.791646 -1.985096 
65 69  7.880879 -1.527168 
65 70  7.943490 -1.056297 
65 71  7.977712 -0.573033 
65 72  7.981581 -0.077983 
65 73  7.952890 0.428174 
65 74  7.889134 0.944673 
65 75  7.787437 1.470636 
65 76  7.644444 2.005045 
65 77  7.456180 2.546697 
65 78  7.217845 3.094140 
65 79  6.923503 3.645585 
65 80  6.565606 4.198759 
65 81  6.134208 4.750671 
65 82  5.615589 5.297202 
65 83  4.989623 5.832316 
65 84  4.224057 6.346353 
65 85  3.259566 6.821584 
65 86  1.955331 7.216024 
65 87  -0.446665 7.304601 
66 13  -4.890039 5.637502 
66 14  -6.527372 3.922839 
66 15  -7.201285 2.722583 
66 16  -7.573455 1.698612 
66 17  -7.773705 0.784749 
66 18  -7.857256 -0.047114 
66 19  -7.854269 -0.812313 
66 20  -7.783622 -1.520438 
66 21  -7.658210 -2.178034 
66 22  -7.487393 -2.789852 
66 23  -7.278284 -3.359495 
66 24  -7.036482 -3.889800 
66 25  -6.766519 -4.383060 
66 26  -6.472150 -4.841171 
66 27  -6.156550 -5.265732 
66 28  -5.822442 -5.658115 
66 29  -5.472200 -6.019511 
66 30  -5.107918 -6.350965 
66 31  -4.731464 -6.653409 
66 32  -4.344521 -6.927676 
66 33  -3.948617 -7.174522 
66 34  -3.545153 -7.394632 
66 35  -3.135424 -7.588638 
66 36  -2.720630 -7.757121 
66 37  -2.301899 -7.900621 
66 38  -1.880287 -8.019644 
66 39  -1.456798 -8.114660 
66 40  -1.032386 -8.186117 
66 41  -0.607961 -8.234435 
66 42  -0.184402 -8.260015 
66 43  0.237445 -8.263239 
66 44  0.656758 -8.244475 
66 45  1.072738 -8.204074 
66 46  1.484600 -8.142376 
66 47  1.891577 -8.059711 
66 48  2.292908 -7.956400 
66 49  2.687842 -7.832754 
66 50  3.075632 -7.689080 
66 51  3.455531 -7.525679 
66 52  3.826791 -7.342847 
66 53  4.188659 -7.140878 
66 54  4.540377 -6.920066 
66 55  4.881172 -6.680700 
66 56  5.210261 -6.423074 
66 57  5.526843 -6.147480 
66 58  5.830094 -5.854216 
66 59  6.119168 -5.543583 
66 60  6.393187 -5.215888 
66 61  6.651240 -4.871445 
66 62  6.892376 -4.510578 
66 63  7.115597 -4.133623 
66 64  7.319850 -3.740929 
66 65  7.504022 -3.332859 
66 66  7.666926 -2.909800 
66 67  7.807289 -2.472159 
66 68  7.923740 -2.020372 
66 69  8.014791 -1.554907 
66 70  8.078813 -1.076273 
66 71  8.114014 -0.585025 
66 72  8.118399 -0.081779 
66 73  8.089731 0.432780 
66 74  8.025468 0.957877 
66 75  7.922693 1.492625 
66 76  7.778004 2.035994 
66 77  7.587375 2.586768 
66 78  7.345941 3.143482 
66 79  7.047693 3.704327 
66 80  6.684994 4.267009 
66 81  6.247789 4.828510 
66 82  5.722229 5.384680 
66 83  5.088029 5.929442 
66 84  4.312769 6.453102 
66 85  3.337080 6.937929 
66 86  2.021312 7.342312 
66 87  -0.346870 7.454769 
67 13  -5.061890 5.681806 
67 14  -6.664964 3.969463 
67 15  -7.340481 2.753721 
67 16  -7.714163 1.714800 
67 17  -7.914788 0.787029 
67 18  -7.997617 -0.057737 
67 19  -7.992964 -0.834923 
67 20  -7.919850 -1.554202 
67 21  -7.791287 -2.222189 
67 22  -7.616735 -2.843687 
67 23  -7.403387 -3.422349 
67 24  -7.156909 -3.961048 
67 25  -6.881890 -4.462111 
67 26  -6.582134 -4.927462 
67 27  -6.260856 -5.358726 
67 28  -5.920819 -5.757293 
67 29  -5.564427 -6.124374 
67 30  -5.193805 -6.461032 
67 31  -4.810845 -6.768213 
67 32  -4.417255 -7.046765 
67 33  -4.014585 -7.297454 
67 34  -3.604256 -7.520978 
67 35  -3.187580 -7.717980 
67 36  -2.765778 -7.889049 
67 37  -2.339990 -8.034736 
67 38  -1.911290 -8.155553 
67 39  -1.480696 -8.251980 
67 40  -1.049175 -8.324471 
67 41  -0.617652 -8.373453 
67 42  -0.187018 -8.399334 
67 43  0.241869 -8.402502 
67 44  0.668175 -8.383331 
67 45  1.091088 -8.342177 
67 46  1.509814 -8.279386 
67 47  1.923572 -8.195293 
67 48  2.331591 -8.090224 
67 49  2.733109 -7.964495 
67 50  3.127367 -7.818417 
67 51  3.513607 -7.652295 
67 52  3.891071 -7.466432 
67 53  4.258995 -7.261124 
67 54  4.616608 -7.036669 
67 55  4.963127 -6.793361 
67 56  5.297756 -6.531498 
67 57  5.619683 -6.251377 
67 58  5.928071 -5.953298 
67 59  6.222060 -5.637568 
67 60  6.500762 -5.304496 
67 61  6.763249 -4.954402 
67 62  7.008557 -4.587614 
67 63  7.235673 -4.204471 
67 64  7.443528 -3.805327 
67 65  7.630992 -3.390551 
67 66  7.796860 -2.960532 
67 67  7.939840 -2.515684 
67 68  8.058540 -2.056447 
67 69  8.151449 -1.583296 
67 70  8.216915 -1.096744 
67 71  8.253119 -0.597356 
67 72  8.258036 -0.085751 
67 73  8.229396 0.437376 
67 74  8.164623 0.971240 
67 75  8.060755 1.514947 
67 76  7.914347 2.067454 
67 77  7.721314 2.627532 
67 78  7.476730 3.193699 
67 79  7.174511 3.764130 
67 80  6.806927 4.336508 
67 81  6.363817 4.907789 
67 82  5.831196 5.473789 
67 83  5.188619 6.028392 
67 84  4.403497 6.561864 
67 85  3.416402 7.056474 
67 86  2.088792 7.470966 
67 87  -0.252980 7.605370 
68 13  -5.231424 5.729721 
68 14  -6.805360 4.016787 
68 15  -7.482590 2.785219 
68 16  -7.857807 1.731060 
68 17  -8.058798 0.789118 
68 18  -8.140875 -0.068795 
68 19  -8.134509 -0.858197 
68 20  -8.058867 -1.588844 
68 21  -7.927081 -2.267419 
68 22  -7.748710 -2.898784 
68 23  -7.531031 -3.486637 
68 24  -7.279777 -4.033893 
68 25  -6.999595 -4.542910 
68 26  -6.694338 -5.015641 
68 27  -6.367266 -5.453735 
68 28  -6.021175 -5.858606 
68 29  -5.658507 -6.231483 
68 30  -5.281413 -6.573445 
68 31  -4.891814 -6.885455 
68 32  -4.491441 -7.168374 
68 33  -4.081867 -7.422980 
68 34  -3.664532 -7.649985 
68 35  -3.240769 -7.850040 
68 36  -2.811815 -8.023745 
68 37  -2.378827 -8.171660 
68 38  -1.942895 -8.294306 
68 39  -1.505051 -8.392170 
68 40  -1.066277 -8.465713 
68 41  -0.627512 -8.515371 
68 42  -0.189659 -8.541558 
68 43  0.246411 -8.544668 
68 44  0.679852 -8.525079 
68 45  1.109840 -8.483157 
68 46  1.535568 -8.419250 
68 47  1.956244 -8.333700 
68 48  2.371087 -8.226836 
68 49  2.779322 -8.098981 
68 50  3.180180 -7.950450 
68 51  3.572891 -7.781553 
68 52  3.956686 -7.592596 
68 53  4.330788 -7.383882 
68 54  4.694416 -7.155711 
68 55  5.046776 -6.908382 
68 56  5.387058 -6.642197 
68 57  5.714439 -6.357457 
68 58  6.028069 -6.054467 
68 59  6.327075 -5.733536 
68 60  6.610555 -5.394980 
68 61  6.877568 -5.039122 
68 62  7.127135 -4.666294 
68 63  7.358227 -4.276839 
68 64  7.569759 -3.871116 
68 65  7.760584 -3.449498 
68 66  7.929479 -3.012381 
68 67  8.075131 -2.560181 
68 68  8.196129 -2.093346 
68 69  8.290938 -1.612354 
68 70  8.357882 -1.117727 
68 71  8.395114 -0.610034 
68 72  8.400579 -0.089904 
68 73  8.371975 0.441961 
68 74  8.306687 0.984769 
68 75  8.201713 1.537613 
68 76  8.053558 2.099441 
68 77  7.858083 2.669008 
68 78  7.610296 3.244819 
68 79  7.304037 3.825028 
68 80  6.931485 4.407297 
68 81  6.482367 4.988554 
68 82  5.942561 5.564580 
68 83  5.291461 6.129222 
68 84  4.496301 6.672704 
68 85  3.497587 7.177290 
68 86  2.157821 7.602060 
68 87  -0.163259 7.756987 
69 13  -5.399789 5.780737 
69 14  -6.948652 4.064832 
69 15  -7.627705 2.817090 
69 16  -8.004479 1.747397 
69 17  -8.205826 0.791012 
69 18  -8.287122 -0.080302 
69 19  -8.278995 -0.882155 
69 20  -8.200761 -1.624389 
69 21  -8.065676 -2.313758 
69 22  -7.883402 -2.955181 
69 23  -7.661296 -3.552406 
69 24  -7.405162 -4.108384 
69 25  -7.119707 -4.625510 
69 26  -6.808834 -5.105766 
69 27  -6.475844 -5.550825 
69 28  -6.123574 -5.962123 
69 29  -5.754498 -6.340908 
69 30  -5.370798 -6.688279 
69 31  -4.974423 -7.005212 
69 32  -4.567126 -7.292583 
69 33  -4.150505 -7.551183 
69 34  -3.726020 -7.781736 
69 35  -3.295023 -7.984903 
69 36  -2.858770 -8.161296 
69 37  -2.418433 -8.311482 
69 38  -1.975121 -8.435991 
69 39  -1.529879 -8.535320 
69 40  -1.083703 -8.609936 
69 41  -0.637546 -8.660282 
69 42  -0.192326 -8.686778 
69 43  0.251075 -8.689827 
69 44  0.691797 -8.669813 
69 45  1.129004 -8.627104 
69 46  1.561879 -8.562058 
69 47  1.989616 -8.475019 
69 48  2.411423 -8.366324 
69 49  2.826513 -8.236299 
69 50  3.234106 -8.085265 
69 51  3.633421 -7.913536 
69 52  4.023676 -7.721423 
69 53  4.404085 -7.509232 
69 54  4.773852 -7.277269 
69 55  5.132172 -7.025837 
69 56  5.478225 -6.755242 
69 57  5.811171 -6.465789 
69 58  6.130152 -6.157788 
69 59  6.434280 -5.831551 
69 60  6.722637 -5.487400 
69 61  6.994271 -5.125660 
69 62  7.248185 -4.746669 
69 63  7.483336 -4.350775 
69 64  7.698624 -3.938339 
69 65  7.892881 -3.509741 
69 66  8.064867 -3.065381 
69 67  8.213251 -2.605681 
69 68  8.336597 -2.131093 
69 69  8.433349 -1.642103 
69 70  8.501805 -1.139238 
69 71  8.540090 -0.623073 
69 72  8.546121 -0.094245 
69 73  8.517559 0.446536 
69 74  8.451752 0.998469 
69 75  8.345657 1.560635 
69 76  8.195727 2.131972 
69 77  7.997770 2.711221 
69 78  7.746726 3.296870 
69 79  7.436357 3.887056 
69 80  7.058750 4.479415 
69 81  6.603517 5.070850 
69 82  6.056400 5.657107 
69 83  5.396625 6.231992 
69 84  4.591246 6.785686 
69 85  3.580690 7.300448 
69 86  2.228450 7.735673 
69 87  -0.076523 7.910043 
70 13  -5.567825 5.834504 
70 14  -7.094935 4.113620 
70 15  -7.775920 2.849346 
70 16  -8.154274 1.763813 
70 17  -8.355970 0.792704 
70 18  -8.436452 -0.092271 
70 19  -8.426514 -0.906818 
70 20  -8.345623 -1.660866 
70 21  -8.207163 -2.361240 
70 22  -8.020896 -3.012920 
70 23  -7.794265 -3.619700 
70 24  -7.533146 -4.184574 
70 25  -7.242304 -4.709969 
70 26  -6.925693 -5.197898 
70 27  -6.586660 -5.650060 
70 28  -6.228080 -6.067912 
70 29  -5.852461 -6.452723 
70 30  -5.462017 -6.805610 
70 31  -5.058722 -7.127563 
70 32  -4.644358 -7.419475 
70 33  -4.220542 -7.682149 
70 34  -3.788758 -7.916319 
70 35  -3.350377 -8.122661 
70 36  -2.906672 -8.301793 
70 37  -2.458834 -8.454295 
70 38  -2.007987 -8.580704 
70 39  -1.555193 -8.681525 
70 40  -1.101461 -8.757233 
70 41  -0.647760 -8.808280 
70 42  -0.195019 -8.835092 
70 43  0.255864 -8.838077 
70 44  0.704018 -8.817626 
70 45  1.148595 -8.774114 
70 46  1.588764 -8.707904 
70 47  2.023709 -8.619346 
70 48  2.452624 -8.508781 
70 49  2.874712 -8.376540 
70 50  3.289180 -8.222951 
70 51  3.695236 -8.048331 
70 52  4.092087 -7.852995 
70 53  4.478932 -7.637256 
70 54  4.854967 -7.401423 
70 55  5.219372 -7.145804 
70 56  5.571315 -6.870707 
70 57  5.909945 -6.576445 
70 58  6.234388 -6.263329 
70 59  6.543744 -5.931678 
70 60  6.837081 -5.581816 
70 61  7.113433 -5.214075 
70 62  7.371787 -4.828794 
70 63  7.611084 -4.426328 
70 64  7.830206 -4.007042 
70 65  8.027970 -3.571322 
70 66  8.203114 -3.119571 
70 67  8.354288 -2.652217 
70 68  8.480035 -2.169718 
70 69  8.578774 -1.672565 
70 70  8.648778 -1.161292 
70 71  8.688143 -0.636482 
70 72  8.694756 -0.098778 
70 73  8.666243 0.451102 
70 74  8.599914 1.012345 
70 75  8.492682 1.584025 
70 76  8.340950 2.165064 
70 77  8.140468 2.754193 
70 78  7.886111 3.349883 
70 79  7.571560 3.950249 
70 80  7.188807 4.552907 
70 81  6.727350 5.154728 
70 82  6.172790 5.751426 
70 83  5.504182 6.336765 
70 84  4.688397 6.900881 
70 85  3.665772 7.426023 
70 86  2.300732 7.871887 
70 87  0.008078 8.064865 
71 13  -5.736182 5.890776 
71 14  -7.244307 4.163177 
71 15  -7.927333 2.882002 
71 16  -8.307293 1.780313 
71 17  -8.509328 0.794190 
71 18  -8.588964 -0.104715 
71 19  -8.577164 -0.932207 
71 20  -8.493551 -1.698304 
71 21  -8.351635 -2.409903 
71 22  -8.161283 -3.072043 
71 23  -7.930027 -3.688570 
71 24  -7.663812 -4.262517 
71 25  -7.367465 -4.796347 
71 26  -7.044993 -5.292103 
71 27  -6.699787 -5.751509 
71 28  -6.334762 -6.176048 
71 29  -5.952461 -6.567006 
71 30  -5.555128 -6.925518 
71 31  -5.144768 -7.252593 
71 32  -4.723185 -7.549136 
71 33  -4.292023 -7.815965 
71 34  -3.852786 -8.053826 
71 35  -3.406865 -8.263404 
71 36  -2.955551 -8.445332 
71 37  -2.500056 -8.600195 
71 38  -2.041516 -8.728541 
71 39  -1.581010 -8.830883 
71 40  -1.119564 -8.907706 
71 41  -0.658160 -8.959465 
71 42  -0.197741 -8.986597 
71 43  0.260782 -8.989516 
71 44  0.716525 -8.968618 
71 45  1.168626 -8.924286 
71 46  1.616242 -8.856886 
71 47  2.058546 -8.766776 
71 48  2.494719 -8.654301 
71 49  2.923952 -8.519799 
71 50  3.345440 -8.363600 
71 51  3.758379 -8.186028 
71 52  4.161963 -7.987403 
71 53  4.555381 -7.768042 
71 54  4.937815 -7.528257 
71 55  5.308433 -7.268363 
71 56  5.666391 -6.988672 
71 57  6.010824 -6.689499 
71 58  6.340845 -6.371163 
71 59  6.655540 -6.033985 
71 60  6.953964 -5.678294 
71 61  7.235133 -5.304426 
71 62  7.498022 -4.912725 
71 63  7.741554 -4.503551 
71 64  7.964594 -4.077274 
71 65  8.165940 -3.634282 
71 66  8.344311 -3.174987 
71 67  8.498337 -2.699821 
71 68  8.626538 -2.209247 
71 69  8.727310 -1.703762 
71 70  8.798899 -1.183908 
71 71  8.839372 -0.650273 
71 72  8.846585 -0.103509 
71 73  8.818128 0.455657 
71 74  8.751273 1.026404 
71 75  8.642887 1.607794 
71 76  8.489324 2.198738 
71 77  8.286275 2.797951 
71 78  8.028545 3.403888 
71 79  7.709737 4.014646 
71 80  7.321746 4.627815 
71 81  6.853952 5.240239 
71 82  6.291812 5.847595 
71 83  5.614210 6.443605 
71 84  4.787824 7.018360 
71 85  3.752895 7.554094 
71 86  2.374721 8.010789 
71 87  0.091183 8.221722 
72 13  -5.905377 5.949376 
72 14  -7.396872 4.213527 
72 15  -8.082048 2.915074 
72 16  -8.463639 1.796901 
72 17  -8.666004 0.795464 
72 18  -8.744761 -0.117649 
72 19  -8.731048 -0.958346 
72 20  -8.644643 -1.736733 
72 21  -8.499188 -2.459783 
72 22  -8.304659 -3.132595 
72 23  -8.068672 -3.759065 
72 24  -7.797248 -4.342269 
72 25  -7.495275 -4.884706 
72 26  -7.166814 -5.388447 
72 27  -6.815300 -5.855246 
72 28  -6.443690 -6.286606 
72 29  -6.054563 -6.683836 
72 30  -5.650194 -7.048089 
72 31  -5.232616 -7.380389 
72 32  -4.803662 -7.681657 
72 33  -4.364996 -7.952725 
72 34  -3.918147 -8.194351 
72 35  -3.464525 -8.407232 
72 36  -3.005441 -8.592010 
72 37  -2.542124 -8.749282 
72 38  -2.075727 -8.879604 
72 39  -1.607347 -8.983498 
72 40  -1.138023 -9.061456 
72 41  -0.668752 -9.113942 
72 42  -0.200491 -9.141400 
72 43  0.265834 -9.144249 
72 44  0.729326 -9.122894 
72 45  1.189111 -9.077722 
72 46  1.644333 -9.009107 
72 47  2.094152 -8.917410 
72 48  2.537737 -8.802985 
72 49  2.974266 -8.666172 
72 50  3.402923 -8.507308 
72 51  3.822891 -8.326722 
72 52  4.233353 -8.124738 
72 53  4.633484 -7.901678 
72 54  5.022453 -7.657859 
72 55  5.399417 -7.393599 
72 56  5.763518 -7.109217 
72 57  6.113878 -6.805031 
72 58  6.449597 -6.481364 
72 59  6.769746 -6.138543 
72 60  7.073365 -5.776901 
72 61  7.359456 -5.396777 
72 62  7.626977 -4.998522 
72 63  7.874835 -4.582498 
72 64  8.101878 -4.149082 
72 65  8.306885 -3.698668 
72 66  8.488556 -3.231670 
72 67  8.645497 -2.748527 
72 68  8.776208 -2.249709 
72 69  8.879059 -1.735719 
72 70  8.952271 -1.207103 
72 71  8.993881 -0.664458 
72 72  9.001711 -0.108445 
72 73  8.973318 0.460202 
72 74  8.905932 1.040651 
72 75  8.796376 1.631955 
72 76  8.640952 2.233011 
72 77  8.435290 2.842520 
72 78  8.174129 3.458920 
72 79  7.850987 4.080287 
72 80  7.457660 4.704188 
72 81  6.983411 5.327437 
72 82  6.413551 5.945675 
72 83  5.726786 6.552580 
72 84  4.889600 7.138197 
72 85  3.842122 7.684742 
72 86  2.450475 8.152466 
72 87  0.173290 8.380842 
73 13  -6.075842 6.010176 
73 14  -7.552737 4.264697 
73 15  -8.240173 2.948575 
73 16  -8.623421 1.813582 
73 17  -8.826107 0.796521 
73 18  -8.903951 -0.131089 
73 19  -8.888270 -0.985258 
73 20  -8.799003 -1.776186 
73 21  -8.649925 -2.510920 
73 22  -8.451120 -3.194623 
73 23  -8.210295 -3.831240 
73 24  -7.933545 -4.423891 
73 25  -7.625821 -4.975110 
73 26  -7.291238 -5.487001 
73 27  -6.933278 -5.961344 
73 28  -6.554940 -6.399666 
73 29  -6.158837 -6.803297 
73 30  -5.747279 -7.173408 
73 31  -5.322328 -7.511041 
73 32  -4.885841 -7.817132 
73 33  -4.439510 -8.092526 
73 34  -3.984885 -8.337994 
73 35  -3.523396 -8.554245 
73 36  -3.056374 -8.741932 
73 37  -2.585067 -8.901662 
73 38  -2.110645 -9.033999 
73 39  -1.634220 -9.139476 
73 40  -1.156848 -9.218592 
73 41  -0.679541 -9.271819 
73 42  -0.203271 -9.299607 
73 43  0.271023 -9.302384 
73 44  0.742432 -9.280560 
73 45  1.210066 -9.234530 
73 46  1.673057 -9.164672 
73 47  2.130552 -9.071356 
73 48  2.581708 -8.954937 
73 49  3.025691 -8.815764 
73 50  3.461671 -8.654178 
73 51  3.888820 -8.470513 
73 52  4.306306 -8.265098 
73 53  4.713294 -8.038259 
73 54  5.108940 -7.790319 
73 55  5.492387 -7.521601 
73 56  5.862764 -7.232428 
73 57  6.219179 -6.923122 
73 58  6.560718 -6.594011 
73 59  6.886440 -6.245427 
73 60  7.195367 -5.877705 
73 61  7.486487 -5.491193 
73 62  7.758742 -5.086244 
73 63  8.011022 -4.663226 
73 64  8.242155 -4.222520 
73 65  8.450904 -3.764525 
73 66  8.635947 -3.289661 
73 67  8.795870 -2.798373 
73 68  8.929148 -2.291136 
73 69  9.034128 -1.768459 
73 70  9.109001 -1.230896 
73 71  9.151776 -0.679051 
73 72  9.160243 -0.113593 
73 73  9.131922 0.464736 
73 74  9.064001 1.055094 
73 75  8.953257 1.656521 
73 76  8.795940 2.267903 
73 77  8.587620 2.887926 
73 78  8.322965 3.515011 
73 79  7.995408 4.147213 
73 80  7.596647 4.782074 
73 81  7.115822 5.416378 
73 82  6.538095 6.045730 
73 83  5.841994 6.663762 
73 84  4.993800 7.260470 
73 85  3.933522 7.818053 
73 86  2.528053 8.297013 
73 87  0.254799 8.542432 
74 13  -6.247942 6.073085 
74 14  -7.712013 4.316715 
74 15  -8.401820 2.982523 
74 16  -8.786753 1.830360 
74 17  -8.989752 0.797354 
74 18  -9.066648 -0.145049 
74 19  -9.048942 -1.012968 
74 20  -8.956740 -1.816696 
74 21  -8.803951 -2.563356 
74 22  -8.600770 -3.258175 
74 23  -8.354996 -3.905149 
74 24  -8.072798 -4.507443 
74 25  -7.759194 -5.067628 
74 26  -7.418352 -5.587839 
74 27  -7.053804 -6.069882 
74 28  -6.668588 -6.515311 
74 29  -6.265356 -6.925476 
74 30  -5.846451 -7.301568 
74 31  -5.413964 -7.644645 
74 32  -4.969781 -7.955659 
74 33  -4.515617 -8.235469 
74 34  -4.053045 -8.484859 
74 35  -3.583518 -8.704550 
74 36  -3.108386 -8.895206 
74 37  -2.628914 -9.057444 
74 38  -2.146292 -9.191839 
74 39  -1.661648 -9.298930 
74 40  -1.176054 -9.379227 
74 41  -0.690536 -9.433209 
74 42  -0.206082 -9.461333 
74 43  0.276355 -9.464035 
74 44  0.755851 -9.441732 
74 45  1.231505 -9.394823 
74 46  1.702434 -9.323695 
74 47  2.167773 -9.228722 
74 48  2.626665 -9.110267 
74 49  3.078263 -8.968682 
74 50  3.521726 -8.804314 
74 51  3.956211 -8.617503 
74 52  4.380875 -8.408582 
74 53  4.794870 -8.177883 
74 54  5.197337 -7.925734 
74 55  5.587409 -7.652461 
74 56  5.964198 -7.358393 
74 57  6.326801 -7.043857 
74 58  6.674289 -6.709185 
74 59  7.005705 -6.354712 
74 60  7.320057 -5.980782 
74 61  7.616317 -5.587744 
74 62  7.893411 -5.175958 
74 63  8.150209 -4.745795 
74 64  8.385525 -4.297642 
74 65  8.598099 -3.831903 
74 66  8.786591 -3.349005 
74 67  8.949563 -2.849396 
74 68  9.085468 -2.333559 
74 69  9.192626 -1.802009 
74 70  9.269201 -1.255307 
74 71  9.313173 -0.694065 
74 72  9.322296 -0.118958 
74 73  9.294053 0.469260 
74 74  9.225592 1.069739 
74 75  9.113642 1.681507 
74 76  8.954401 2.303437 
74 77  8.743375 2.934199 
74 78  8.475161 3.572198 
74 79  8.143107 4.215467 
74 80  7.738808 4.861524 
74 81  7.251281 5.507121 
74 82  6.665538 6.147825 
74 83  5.959921 6.777223 
74 84  5.100504 7.385263 
74 85  4.027165 7.954117 
74 86  2.607517 8.444527 
74 87  0.336038 8.706677 
75 13  -6.422001 6.138039 
75 14  -7.874818 4.369608 
75 15  -8.567107 3.016933 
75 16  -8.953754 1.847240 
75 17  -9.157055 0.797958 
75 18  -9.232967 -0.159547 
75 19  -9.213181 -1.041503 
75 20  -9.117968 -1.858297 
75 21  -8.961377 -2.617133 
75 22  -8.753717 -3.323301 
75 23  -8.502878 -3.980851 
75 24  -8.215108 -4.592991 
75 25  -7.895489 -5.162330 
75 26  -7.548248 -5.691036 
75 27  -7.176962 -6.180943 
75 28  -6.784715 -6.633629 
75 29  -6.374196 -7.050466 
75 30  -5.947780 -7.432665 
75 31  -5.507590 -7.781301 
75 32  -5.055540 -8.097341 
75 33  -4.593370 -8.381660 
75 34  -4.122676 -8.635055 
75 35  -3.644933 -8.858258 
75 36  -3.161512 -9.051945 
75 37  -2.673696 -9.216744 
75 38  -2.182694 -9.353238 
75 39  -1.689649 -9.461978 
75 40  -1.195651 -9.543479 
75 41  -0.701743 -9.598230 
75 42  -0.208925 -9.626697 
75 43  0.281834 -9.629321 
75 44  0.769596 -9.606525 
75 45  1.253446 -9.558718 
75 46  1.732487 -9.486292 
75 47  2.205841 -9.389625 
75 48  2.672639 -9.269087 
75 49  3.132021 -9.125038 
75 50  3.583131 -8.957827 
75 51  4.025114 -8.767800 
75 52  4.457114 -8.555297 
75 53  4.878270 -8.320654 
75 54  5.287710 -8.064203 
75 55  5.684552 -7.786276 
75 56  6.067896 -7.487205 
75 57  6.436824 -7.167325 
75 58  6.790392 -6.826970 
75 59  7.127628 -6.466482 
75 60  7.447526 -6.086208 
75 61  7.749041 -5.686502 
75 62  8.031080 -5.267729 
75 63  8.292500 -4.830265 
75 64  8.532092 -4.374504 
75 65  8.748578 -3.900854 
75 66  8.940597 -3.409746 
75 67  9.106688 -2.901636 
75 68  9.245281 -2.377012 
75 69  9.354669 -1.836397 
75 70  9.432989 -1.280357 
75 71  9.478187 -0.709513 
75 72  9.487986 -0.124549 
75 73  9.459830 0.473774 
75 74  9.390825 1.084593 
75 75  9.277651 1.706926 
75 76  9.116451 2.339633 
75 77  8.902670 2.981369 
75 78  8.630830 3.630518 
75 79  8.294193 4.285095 
75 80  7.884250 4.942590 
75 81  7.389891 5.599726 
75 82  6.795975 6.252029 
75 83  6.080655 6.893042 
75 84  5.209794 7.512659 
75 85  4.123124 8.093026 
75 86  2.688931 8.595108 
75 87  0.417284 8.873753 
76 13  -6.598308 6.204995 
76 14  -8.041272 4.423409 
76 15  -8.736157 3.051824 
76 16  -9.124547 1.864226 
76 17  -9.328142 0.798325 
76 18  -9.403034 -0.174600 
76 19  -9.381107 -1.070889 
76 20  -9.282805 -1.901026 
76 21  -9.122320 -2.672297 
76 22  -8.910072 -3.390055 
76 23  -8.654049 -4.058405 
76 24  -8.360578 -4.680601 
76 25  -8.034807 -5.259290 
76 26  -7.681019 -5.796673 
76 27  -7.302844 -6.294612 
76 28  -6.903407 -6.754710 
76 29  -6.485435 -7.178362 
76 30  -6.051340 -7.566798 
76 31  -5.603275 -7.921111 
76 32  -5.143181 -8.242285 
76 33  -4.672826 -8.531209 
76 34  -4.193829 -8.788694 
76 35  -3.707687 -9.015485 
76 36  -3.215791 -9.212267 
76 37  -2.719445 -9.379680 
76 38  -2.219875 -9.518319 
76 39  -1.718243 -9.628740 
76 40  -1.215655 -9.711471 
76 41  -0.713169 -9.767008 
76 42  -0.211801 -9.795822 
76 43  0.287465 -9.798364 
76 44  0.783677 -9.775066 
76 45  1.275904 -9.726339 
76 46  1.763239 -9.652584 
76 47  2.244788 -9.554185 
76 48  2.719667 -9.431518 
76 49  3.187005 -9.284948 
76 50  3.645933 -9.114831 
76 51  4.095581 -8.921518 
76 52  4.535081 -8.705353 
76 53  4.963558 -8.466677 
76 54  5.380126 -8.205829 
76 55  5.783889 -7.923145 
76 56  6.173935 -7.618962 
76 57  6.549328 -7.293619 
76 58  6.909113 -6.947456 
76 59  7.252300 -6.580820 
76 60  7.577868 -6.194062 
76 61  7.884756 -5.787541 
76 62  8.171854 -5.361627 
76 63  8.437998 -4.916703 
76 64  8.681964 -4.453165 
76 65  8.902452 -3.971429 
76 66  9.098079 -3.471931 
76 67  9.267363 -2.955134 
76 68  9.408707 -2.421530 
76 69  9.520379 -1.871649 
76 70  9.600486 -1.306067 
76 71  9.646944 -0.725410 
76 72  9.657439 -0.130372 
76 73  9.629378 0.478277 
76 74  9.559823 1.099664 
76 75  9.445405 1.732795 
76 76  9.282213 2.376515 
76 77  9.065625 3.029465 
76 78  8.790090 3.690010 
76 79  8.448781 4.356143 
76 80  8.033084 5.025329 
76 81  7.531759 5.694258 
76 82  6.929507 6.358416 
76 83  6.204292 7.011299 
76 84  5.321757 7.642748 
76 85  4.221476 8.234878 
76 86  2.772363 8.748863 
76 87  0.498778 9.043830 
77 13  -6.777129 6.273929 
77 14  -8.211504 4.478148 
77 15  -8.909099 3.087214 
77 16  -9.299262 1.881325 
77 17  -9.503143 0.798450 
77 18  -9.576976 -0.190225 
77 19  -9.552847 -1.101154 
77 20  -9.451376 -1.944922 
77 21  -9.286899 -2.728894 
77 22  -9.069954 -3.458493 
77 23  -8.808624 -4.137877 
77 24  -8.509318 -4.770346 
77 25  -8.177252 -5.358587 
77 26  -7.816767 -5.904833 
77 27  -7.431543 -6.410978 
77 28  -7.024751 -6.878649 
77 29  -6.599157 -7.309263 
77 30  -6.157208 -7.704071 
77 31  -5.701088 -8.064185 
77 32  -5.232769 -8.390604 
77 33  -4.754043 -8.684233 
77 34  -4.266555 -8.945897 
77 35  -3.771824 -9.176351 
77 36  -3.271263 -9.376296 
77 37  -2.766194 -9.546380 
77 38  -2.257864 -9.687208 
77 39  -1.747451 -9.799347 
77 40  -1.236079 -9.883333 
77 41  -0.724822 -9.939670 
77 42  -0.214712 -9.968839 
77 43  0.293253 -9.971296 
77 44  0.798105 -9.947481 
77 45  1.298899 -9.897814 
77 46  1.794714 -9.822699 
77 47  2.284641 -9.722529 
77 48  2.767785 -9.597685 
77 49  3.243258 -9.448537 
77 50  3.710179 -9.275448 
77 51  4.167666 -9.078774 
77 52  4.614835 -8.858865 
77 53  5.050797 -8.616066 
77 54  5.474654 -8.350722 
77 55  5.885496 -8.063175 
77 56  6.282394 -7.753765 
77 57  6.664400 -7.422838 
77 58  7.030542 -7.070737 
77 59  7.379816 -6.697815 
77 60  7.711183 -6.304428 
77 61  8.023566 -5.890940 
77 62  8.315838 -5.457727 
77 63  8.586816 -5.005176 
77 64  8.835257 -4.533688 
77 65  9.059839 -4.043686 
77 66  9.259158 -3.535611 
77 67  9.431710 -3.009932 
77 68  9.575870 -2.467149 
77 69  9.689881 -1.907797 
77 70  9.771820 -1.332460 
77 71  9.819571 -0.741772 
77 72  9.830784 -0.136435 
77 73  9.802826 0.482770 
77 74  9.732716 1.114960 
77 75  9.617035 1.759128 
77 76  9.451814 2.414107 
77 77  9.232367 3.078520 
77 78  8.953065 3.750715 
77 79  8.606992 4.428662 
77 80  8.185426 5.109799 
77 81  7.676995 5.790783 
77 82  7.066241 6.467061 
77 83  6.330931 7.132079 
77 84  5.436482 7.775623 
77 85  4.322303 8.379775 
77 86  2.857884 8.905903 
77 87  0.580729 9.217072 
78 13  -6.958711 6.344827 
78 14  -8.385646 4.533859 
78 15  -9.086066 3.123121 
78 16  -9.478035 1.898542 
78 17  -9.682192 0.798324 
78 18  -9.754927 -0.206442 
78 19  -9.728534 -1.132329 
78 20  -9.623812 -1.990024 
78 21  -9.455242 -2.786975 
78 22  -9.233485 -3.528672 
78 23  -8.966721 -4.219331 
78 24  -8.661441 -4.862298 
78 25  -8.322932 -5.460300 
78 26  -7.955593 -6.015605 
78 27  -7.563158 -6.530136 
78 28  -7.148840 -7.005545 
78 29  -6.715449 -7.443275 
78 30  -6.265465 -7.844595 
78 31  -5.801106 -8.210637 
78 32  -5.324372 -8.542416 
78 33  -4.837084 -8.840853 
78 34  -4.340910 -9.106786 
78 35  -3.837394 -9.340985 
78 36  -3.327969 -9.544161 
78 37  -2.813979 -9.716973 
78 38  -2.296688 -9.860038 
78 39  -1.777295 -9.973932 
78 40  -1.256938 -10.059199 
78 41  -0.736709 -10.116353 
78 42  -0.217658 -10.145883 
78 43  0.299204 -10.148252 
78 44  0.812892 -10.123908 
78 45  1.322449 -10.073276 
78 46  1.826937 -9.996770 
78 47  2.325434 -9.894788 
78 48  2.817030 -9.767716 
78 49  3.300825 -9.615932 
78 50  3.775921 -9.439803 
78 51  4.241425 -9.239691 
78 52  4.696438 -9.015953 
78 53  5.140057 -8.768938 
78 54  5.571370 -8.498997 
78 55  5.989452 -8.206475 
78 56  6.393359 -7.891721 
78 57  6.782130 -7.555082 
78 58  7.154775 -7.196910 
78 59  7.510275 -6.817560 
78 60  7.847575 -6.417394 
78 61  8.165580 -5.996782 
78 62  8.463145 -5.556104 
78 63  8.739070 -5.095754 
78 64  8.992088 -4.616138 
78 65  9.220861 -4.117683 
78 66  9.423960 -3.600838 
78 67  9.599856 -3.066077 
78 68  9.746901 -2.513907 
78 69  9.863309 -1.944871 
78 70  9.947126 -1.359559 
78 71  9.996204 -0.758614 
78 72  10.008157 -0.142746 
78 73  9.980311 0.487252 
78 74  9.909640 1.130488 
78 75  9.792675 1.785943 
78 76  9.625387 2.452433 
78 77  9.403026 3.128568 
78 78  9.119883 3.812676 
78 79  8.768951 4.502703 
78 80  8.341397 5.196060 
78 81  7.825717 5.889371 
78 82  7.206287 6.578043 
78 83  6.460674 7.255470 
78 84  5.554066 7.911382 
78 85  4.425689 8.527823 
78 86  2.945565 9.066344 
78 87  0.663324 9.393641 
79 13  -7.143291 6.417691 
79 14  -8.563838 4.590577 
79 15  -9.267201 3.159566 
79 16  -9.661009 1.915882 
79 17  -9.865433 0.797940 
79 18  -9.937030 -0.223271 
79 19  -9.908307 -1.164445 
79 20  -9.800248 -2.036373 
79 21  -9.627483 -2.846590 
79 22  -9.400794 -3.600653 
79 23  -9.128465 -4.302837 
79 24  -8.817068 -4.956536 
79 25  -8.471962 -5.564516 
79 26  -8.097608 -6.129081 
79 27  -7.697791 -6.652183 
79 28  -7.275772 -7.135504 
79 29  -6.834401 -7.580507 
79 30  -6.376195 -7.988484 
79 31  -5.903405 -8.360585 
79 32  -5.418061 -8.697844 
79 33  -4.922012 -9.001195 
79 34  -4.416952 -9.271493 
79 35  -3.904447 -9.509519 
79 36  -3.385954 -9.715997 
79 37  -2.862836 -9.891598 
79 38  -2.336378 -10.036948 
79 39  -1.807795 -10.152635 
79 40  -1.278247 -10.239211 
79 41  -0.748840 -10.297199 
79 42  -0.220641 -10.327096 
79 43  0.305323 -10.329374 
79 44  0.828052 -10.304487 
79 45  1.346573 -10.252868 
79 46  1.859934 -10.174938 
79 47  2.367198 -10.071100 
79 48  2.867442 -9.941749 
79 49  3.359750 -9.787267 
79 50  3.843211 -9.608028 
79 51  4.316917 -9.404400 
79 52  4.779955 -9.176744 
79 53  5.231408 -8.925416 
79 54  5.670350 -8.650772 
79 55  6.095839 -8.353162 
79 56  6.506919 -8.032940 
79 57  6.902610 -7.690459 
79 58  7.281909 -7.326076 
79 59  7.643780 -6.940151 
79 60  7.987152 -6.533052 
79 61  8.310910 -6.105153 
79 62  8.613893 -5.656840 
79 63  8.894880 -5.188512 
79 64  9.152585 -4.700581 
79 65  9.385647 -4.193481 
79 66  9.592615 -3.667666 
79 67  9.771937 -3.123616 
79 68  9.921937 -2.561845 
79 69  10.040800 -1.982903 
79 70  10.126544 -1.387389 
79 71  10.176984 -0.775953 
79 72  10.189700 -0.149315 
79 73  10.161975 0.491723 
79 74  10.090738 1.146258 
79 75  9.972466 1.813256 
79 76  9.803074 2.491521 
79 77  9.577741 3.179645 
79 78  9.290681 3.875937 
79 79  8.934791 4.578320 
79 80  8.501126 5.284176 
79 81  7.978047 5.990097 
79 82  7.349761 6.691446 
79 83  6.593631 7.381565 
79 84  5.674606 8.050127 
79 85  4.531721 8.679135 
79 86  3.035485 9.230307 
79 87  0.746735 9.573701 
80 13  -7.331097 6.492530 
80 14  -8.746226 4.648339 
80 15  -9.452652 3.196570 
80 16  -9.848333 1.933350 
80 17  -10.053014 0.797290 
80 18  -10.123432 -0.240731 
80 19  -10.092313 -1.197534 
80 20  -9.980826 -2.084014 
80 21  -9.803759 -2.907794 
80 22  -9.572016 -3.674501 
80 23  -9.293985 -4.388469 
80 24  -8.976324 -5.053140 
80 25  -8.624463 -5.671322 
80 26  -8.242926 -6.245355 
80 27  -7.835552 -6.777223 
80 28  -7.405649 -7.268633 
80 29  -6.956108 -7.721074 
80 30  -6.489486 -8.135858 
80 31  -6.008067 -8.514155 
80 32  -5.513911 -8.857016 
80 33  -5.008896 -9.165393 
80 34  -4.494741 -9.440152 
80 35  -3.973036 -9.682092 
80 36  -3.445262 -9.891946 
80 37  -2.912803 -10.070398 
80 38  -2.376963 -10.218085 
80 39  -1.838977 -10.335604 
80 40  -1.300022 -10.423517 
80 41  -0.761223 -10.482357 
80 42  -0.223662 -10.512628 
80 43  0.311616 -10.514811 
80 44  0.843597 -10.489367 
80 45  1.371292 -10.436737 
80 46  1.893733 -10.357348 
80 47  2.409970 -10.251612 
80 48  2.919063 -10.119927 
80 49  3.420083 -9.962684 
80 50  3.912105 -9.780263 
80 51  4.394205 -9.573036 
80 52  4.865456 -9.341370 
80 53  5.324926 -9.085629 
80 54  5.771675 -8.806172 
80 55  6.204745 -8.503356 
80 56  6.623165 -8.177540 
80 57  7.025941 -7.829081 
80 58  7.412050 -7.458343 
80 59  7.780442 -7.065691 
80 60  8.130028 -6.651497 
80 61  8.459676 -6.216143 
80 62  8.768204 -5.760018 
80 63  9.054373 -5.283528 
80 64  9.316877 -4.787090 
80 65  9.554331 -4.271145 
80 66  9.765262 -3.736151 
80 67  9.948092 -3.182598 
80 68  10.101119 -2.611004 
80 69  10.222500 -2.021928 
80 70  10.310219 -1.415976 
80 71  10.362060 -0.793806 
80 72  10.375562 -0.156149 
80 73  10.347967 0.496184 
80 74  10.276157 1.162278 
80 75  10.156557 1.841086 
80 76  9.985020 2.531398 
80 77  9.756657 3.231788 
80 78  9.465599 3.940545 
80 79  9.104648 4.655569 
80 80  8.664746 5.374215 
80 81  8.134112 6.093036 
80 82  7.496783 6.807355 
80 83  6.729913 7.510461 
80 84  5.798206 8.191966 
80 85  4.640493 8.833828 
80 86  3.127723 9.397919 
80 87  0.831119 9.757416 
81 13  -7.522350 6.569364 
81 14  -8.932962 4.707183 
81 15  -9.642572 3.234154 
81 16  -10.040163 1.950955 
81 17  -10.245092 0.796367 
81 18  -10.314289 -0.258846 
81 19  -10.280702 -1.231630 
81 20  -10.165698 -2.132993 
81 21  -9.984217 -2.970643 
81 22  -9.747293 -3.750282 
81 23  -9.463419 -4.476301 
81 24  -9.139339 -5.152195 
81 25  -8.780559 -5.780813 
81 26  -8.391665 -6.364531 
81 27  -7.976552 -6.905364 
81 28  -7.538576 -7.405048 
81 29  -7.080671 -7.865096 
81 30  -6.605432 -8.286842 
81 31  -6.115178 -8.671477 
81 32  -5.612001 -9.020069 
81 33  -5.097805 -9.333585 
81 34  -4.574339 -9.612909 
81 35  -4.043218 -9.858850 
81 36  -3.505943 -10.072157 
81 37  -2.963921 -10.253525 
81 38  -2.418477 -10.403601 
81 39  -1.870866 -10.522993 
81 40  -1.322281 -10.612273 
81 41  -0.773867 -10.671982 
81 42  -0.226723 -10.702635 
81 43  0.318090 -10.704719 
81 44  0.859542 -10.678703 
81 45  1.396627 -10.625038 
81 46  1.928364 -10.544155 
81 47  2.453785 -10.436474 
81 48  2.971937 -10.302400 
81 49  3.481876 -10.142330 
81 50  3.982660 -9.956651 
81 51  4.473352 -9.745740 
81 52  4.953011 -9.509971 
81 53  5.420689 -9.249712 
81 54  5.875429 -8.965329 
81 55  6.316261 -8.657184 
81 56  6.742196 -8.325642 
81 57  7.152223 -7.971066 
81 58  7.545306 -7.593823 
81 59  7.920375 -7.194286 
81 60  8.276323 -6.772831 
81 61  8.612001 -6.329846 
81 62  8.926208 -5.865727 
81 63  9.217684 -5.380883 
81 64  9.485101 -4.875739 
81 65  9.727054 -4.350741 
81 66  9.942045 -3.806355 
81 67  10.128470 -3.243075 
81 68  10.284600 -2.661429 
81 69  10.408561 -2.061982 
81 70  10.498308 -1.445346 
81 71  10.551586 -0.812192 
81 72  10.565898 -0.163258 
81 73  10.538444 0.500634 
81 74  10.466054 1.178557 
81 75  10.345103 1.869452 
81 76  10.171380 2.572093 
81 77  9.939925 3.285036 
81 78  9.644786 4.006550 
81 79  9.278669 4.734511 
81 80  8.832397 5.466245 
81 81  8.294047 6.198269 
81 82  7.647482 6.925862 
81 83  6.869641 7.642260 
81 84  5.924977 8.337010 
81 85  4.752101 8.992023 
81 86  3.222363 9.569314 
81 87  0.916624 9.944953 
82 13  -7.717270 6.648219 
82 14  -9.124206 4.767150 
82 15  -9.837124 3.272342 
82 16  -10.236662 1.968701 
82 17  -10.441830 0.795160 
82 18  -10.509761 -0.277637 
82 19  -10.473636 -1.266770 
82 20  -10.355018 -2.183357 
82 21  -10.169009 -3.035197 
82 22  -9.926773 -3.828066 
82 23  -9.636909 -4.566416 
82 24  -9.306252 -5.253791 
82 25  -8.940382 -5.893086 
82 26  -8.543951 -6.486712 
82 27  -8.120911 -7.036719 
82 28  -7.674666 -7.544868 
82 29  -7.208194 -8.012699 
82 30  -6.724130 -8.441570 
82 31  -6.224828 -8.832689 
82 32  -5.712411 -9.187143 
82 33  -5.188816 -9.505918 
82 34  -4.655815 -9.789911 
82 35  -4.115050 -10.039947 
82 36  -3.568046 -10.256786 
82 37  -3.016232 -10.441136 
82 38  -2.460954 -10.593655 
82 39  -1.903486 -10.714963 
82 40  -1.345041 -10.805641 
82 41  -0.786782 -10.866239 
82 42  -0.229825 -10.897280 
82 43  0.324751 -10.899261 
82 44  0.875901 -10.872660 
82 45  1.422602 -10.817932 
82 46  1.963856 -10.735519 
82 47  2.498682 -10.625845 
82 48  3.026110 -10.489325 
82 49  3.545180 -10.326361 
82 50  4.054938 -10.137344 
82 51  4.554429 -9.922661 
82 52  5.042697 -9.682691 
82 53  5.518779 -9.417806 
82 54  5.981703 -9.128380 
82 55  6.430483 -8.814779 
82 56  6.864113 -8.477374 
82 57  7.281567 -8.116535 
82 58  7.681790 -7.732633 
82 59  8.063697 -7.326047 
82 60  8.426162 -6.897160 
82 61  8.768016 -6.446363 
82 62  9.088039 -5.974058 
82 63  9.384951 -5.480663 
82 64  9.657403 -4.966607 
82 65  9.903965 -4.432341 
82 66  10.123115 -3.878339 
82 67  10.313224 -3.305103 
82 68  10.472535 -2.713165 
82 69  10.599143 -2.103100 
82 70  10.690970 -1.475530 
82 71  10.745726 -0.831131 
82 72  10.760874 -0.170652 
82 73  10.733569 0.505073 
82 74  10.660594 1.195106 
82 75  10.538267 1.898374 
82 76  10.362314 2.613635 
82 77  10.127703 3.339429 
82 78  9.828399 4.074003 
82 79  9.457005 4.815208 
82 80  9.004225 5.560340 
82 81  8.457992 6.305881 
82 82  7.801990 7.047064 
82 83  7.012939 7.777068 
82 84  6.055031 8.485378 
82 85  4.866647 9.153851 
82 86  3.319494 9.744630 
82 87  1.003390 10.136483 
83 13  -7.916076 6.729130 
83 14  -9.320127 4.828282 
83 15  -10.036480 3.311158 
83 16  -10.438004 1.986595 
83 17  -10.643401 0.793662 
83 18  -10.710021 -0.297129 
83 19  -10.671283 -1.302991 
83 20  -10.548953 -2.235157 
83 21  -10.358297 -3.101519 
83 22  -10.110612 -3.907927 
83 23  -9.814606 -4.658896 
83 24  -9.477206 -5.358022 
83 25  -9.104070 -6.008243 
83 26  -8.699917 -6.612011 
83 27  -8.268753 -7.171406 
83 28  -7.814035 -7.688219 
83 29  -7.338787 -8.164017 
83 30  -6.845682 -8.600178 
83 31  -6.337110 -8.997934 
83 32  -5.815229 -9.358389 
83 33  -5.282004 -9.682546 
83 34  -4.739237 -9.971317 
83 35  -4.188593 -10.225543 
83 36  -3.631624 -10.445997 
83 37  -3.069780 -10.633398 
83 38  -2.504429 -10.788418 
83 39  -1.936865 -10.911685 
83 40  -1.368321 -11.003792 
83 41  -0.799978 -11.065298 
83 42  -0.232970 -11.096735 
83 43  0.331606 -11.098610 
83 44  0.892688 -11.071407 
83 45  1.449238 -11.015590 
83 46  2.000241 -10.931608 
83 47  2.544700 -10.819894 
83 48  3.081629 -10.680868 
83 49  3.610053 -10.514938 
83 50  4.129002 -10.322504 
83 51  4.637505 -10.103957 
83 52  5.134591 -9.859683 
83 53  5.619282 -9.590061 
83 54  6.090590 -9.295469 
83 55  6.547510 -8.976281 
83 56  6.989023 -8.632873 
83 57  7.414085 -8.265619 
83 58  7.821624 -7.874898 
83 59  8.210535 -7.461093 
83 60  8.579675 -7.024593 
83 61  8.927857 -6.565796 
83 62  9.253840 -6.085110 
83 63  9.556322 -5.582957 
83 64  9.833932 -5.059774 
83 65  10.085218 -4.516018 
83 66  10.308632 -3.952170 
83 67  10.502517 -3.368737 
83 68  10.665090 -2.766261 
83 69  10.794413 -2.145324 
83 70  10.888375 -1.506555 
83 71  10.944651 -0.850642 
83 72  10.960660 -0.178341 
83 73  10.933514 0.509501 
83 74  10.859947 1.211934 
83 75  10.736219 1.927872 
83 76  10.557992 2.656057 
83 77  10.320160 3.395011 
83 78  10.016600 4.142958 
83 79  9.639814 4.897726 
83 80  9.180385 5.656578 
83 81  8.626096 6.415960 
83 82  7.960449 7.171059 
83 83  7.159938 7.914997 
83 84  6.188489 8.637192 
83 85  4.984239 9.319445 
83 86  3.419208 9.924016 
83 87  1.091551 10.332181 
84 13  -8.118986 6.812138 
84 14  -9.520900 4.890624 
84 15  -10.240818 3.350626 
84 16  -10.644368 2.004646 
84 17  -10.849986 0.791862 
84 18  -10.915247 -0.317346 
84 19  -10.873820 -1.340333 
84 20  -10.747675 -2.288447 
84 21  -10.552249 -3.169674 
84 22  -10.298973 -3.989942 
84 23  -9.996668 -4.753829 
84 24  -9.652355 -5.464985 
84 25  -9.271770 -6.126394 
84 26  -8.859699 -6.740544 
84 27  -8.420209 -7.309550 
84 28  -7.956808 -7.835234 
84 29  -7.472566 -8.319187 
84 30  -6.970195 -8.762813 
84 31  -6.452125 -9.167363 
84 32  -5.920546 -9.533962 
84 33  -5.377453 -9.863628 
84 34  -4.824678 -10.157292 
84 35  -4.263913 -10.415807 
84 36  -3.696733 -10.639961 
84 37  -3.124612 -10.830486 
84 38  -2.548940 -10.988064 
84 39  -1.971032 -11.113337 
84 40  -1.392141 -11.206906 
84 41  -0.813466 -11.269340 
84 42  -0.236160 -11.301182 
84 43  0.338663 -11.302946 
84 44  0.909921 -11.275125 
84 45  1.476562 -11.218191 
84 46  2.037554 -11.132602 
84 47  2.591881 -11.018796 
84 48  3.138545 -10.877201 
84 49  3.676553 -10.708232 
84 50  4.204919 -10.512296 
84 51  4.722656 -10.289791 
84 52  5.228778 -10.041108 
84 53  5.722290 -9.766632 
84 54  6.202186 -9.466748 
84 55  6.667449 -9.141837 
84 56  7.117039 -8.792277 
84 57  7.549897 -8.418452 
84 58  7.964931 -8.020745 
84 59  8.361020 -7.599546 
84 60  8.737002 -7.155248 
84 61  9.091669 -6.688256 
84 62  9.423760 -6.198985 
84 63  9.731951 -5.687861 
84 64  10.014849 -5.155328 
84 65  10.270976 -4.601851 
84 66  10.498761 -4.027916 
84 67  10.696520 -3.434039 
84 68  10.862438 -2.820768 
84 69  10.994548 -2.188694 
84 70  11.090702 -1.538454 
84 71  11.148539 -0.870746 
84 72  11.165437 -0.186336 
84 73  11.138462 0.513918 
84 74  11.064295 1.229054 
84 75  10.939139 1.957970 
84 76  10.758592 2.699393 
84 77  10.517469 3.451826 
84 78  10.209561 4.213472 
84 79  9.827265 4.982132 
84 80  9.361039 5.755039 
84 81  8.798513 6.528600 
84 82  8.123004 7.297954 
84 83  7.310774 8.056166 
84 84  6.325476 8.792584 
84 85  5.104989 9.488949 
84 86  3.521601 10.107625 
84 87  1.181239 10.532228 
85 13  -8.326223 6.897290 
85 14  -9.726711 4.954223 
85 15  -10.450327 3.390774 
85 16  -10.855945 2.022859 
85 17  -11.061773 0.789750 
85 18  -11.125627 -0.338316 
85 19  -11.081431 -1.378838 
85 20  -10.951366 -2.343281 
85 21  -10.751041 -3.239731 
85 22  -10.492028 -4.074192 
85 23  -10.183261 -4.851309 
85 24  -9.831856 -5.574785 
85 25  -9.443632 -6.247650 
85 26  -9.023443 -6.872433 
85 27  -8.575417 -7.451283 
85 28  -8.103114 -7.986052 
85 29  -7.609650 -8.478357 
85 30  -7.097782 -8.929628 
85 31  -6.569975 -9.341136 
85 32  -6.028455 -9.714026 
85 33  -5.475248 -10.049335 
85 34  -4.912216 -10.348009 
85 35  -4.341077 -10.610916 
85 36  -3.763431 -10.838859 
85 37  -3.180777 -11.032582 
85 38  -2.594527 -11.192781 
85 39  -2.006017 -11.320106 
85 40  -1.416521 -11.415170 
85 41  -0.827256 -11.478555 
85 42  -0.239396 -11.510809 
85 43  0.345928 -11.512458 
85 44  0.927617 -11.484002 
85 45  1.504600 -11.425923 
85 46  2.075828 -11.338685 
85 47  2.640271 -11.222734 
85 48  3.196912 -11.078506 
85 49  3.744742 -10.906423 
85 50  4.282759 -10.706898 
85 51  4.809961 -10.480335 
85 52  5.325344 -10.227133 
85 53  5.827896 -9.947684 
85 54  6.316597 -9.642377 
85 55  6.790410 -9.311599 
85 56  7.248279 -8.955737 
85 57  7.689127 -8.575178 
85 58  8.111845 -8.170313 
85 59  8.515293 -7.741535 
85 60  8.898288 -7.289247 
85 61  9.259602 -6.813858 
85 62  9.597954 -6.315788 
85 63  9.911999 -5.795472 
85 64  10.200318 -5.253359 
85 65  10.461412 -4.689921 
85 66  10.693680 -4.105651 
85 67  10.895411 -3.501071 
85 68  11.064761 -2.876740 
85 69  11.199731 -2.233254 
85 70  11.298137 -1.571260 
85 71  11.357580 -0.891466 
85 72  11.375394 -0.194648 
85 73  11.348600 0.518324 
85 74  11.273826 1.246475 
85 75  11.147216 1.988689 
85 76  10.964299 2.743677 
85 77  10.719815 3.509922 
85 78  10.407463 4.285604 
85 79  10.019534 5.068499 
85 80  9.546356 5.855808 
85 81  8.975407 6.643897 
85 82  8.289810 7.427859 
85 83  7.465594 8.200697 
85 84  6.466126 8.951688 
85 85  5.229014 9.662510 
85 86  3.626775 10.295617 
85 87  1.272582 10.736812 
86 13  -8.538013 6.984639 
86 14  -9.937753 5.019128 
86 15  -10.665204 3.431629 
86 16  -11.072935 2.041244 
86 17  -11.278962 0.787316 
86 18  -11.341360 -0.360066 
86 19  -11.294311 -1.418548 
86 20  -11.160217 -2.399719 
86 21  -10.954861 -3.311762 
86 22  -10.689957 -4.160763 
86 23  -10.374558 -4.951432 
86 24  -10.015878 -5.687530 
86 25  -9.619818 -6.372131 
86 26  -9.191302 -7.007807 
86 27  -8.734521 -7.596741 
86 28  -8.253088 -8.140817 
86 29  -7.750169 -8.641681 
86 30  -7.228561 -9.100783 
86 31  -6.690771 -9.519420 
86 32  -6.139057 -9.898755 
86 33  -5.575481 -10.239844 
86 34  -5.001931 -10.543650 
86 35  -4.420155 -10.811057 
86 36  -3.831779 -11.042881 
86 37  -3.238326 -11.239880 
86 38  -2.641231 -11.402762 
86 39  -2.041851 -11.532189 
86 40  -1.441482 -11.628785 
86 41  -0.841361 -11.693141 
86 42  -0.242681 -11.725817 
86 43  0.353409 -11.727346 
86 44  0.945792 -11.698238 
86 45  1.533378 -11.638984 
86 46  2.115101 -11.550054 
86 47  2.689915 -11.431904 
86 48  3.256785 -11.284975 
86 49  3.814685 -11.109699 
86 50  4.362598 -10.906494 
86 51  4.899503 -10.675772 
86 52  5.424380 -10.417937 
86 53  5.936202 -10.133389 
86 54  6.433929 -9.822523 
86 55  6.916508 -9.485732 
86 56  7.382867 -9.123408 
86 57  7.831908 -8.735947 
86 58  8.262505 -8.323743 
86 59  8.673497 -7.887198 
86 60  9.063683 -7.426719 
86 61  9.431815 -6.942722 
86 62  9.776589 -6.435634 
86 63  10.096636 -5.905895 
86 64  10.390517 -5.353963 
86 65  10.656703 -4.780314 
86 66  10.893571 -4.185450 
86 67  11.099379 -3.569901 
86 68  11.272252 -2.934231 
86 69  11.410158 -2.279048 
86 70  11.510878 -1.605007 
86 71  11.571971 -0.912825 
86 72  11.590731 -0.203290 
86 73  11.564130 0.522719 
86 74  11.488741 1.264210 
86 75  11.360648 2.020055 
86 76  11.175312 2.788946 
86 77  10.927392 3.569348 
86 78  10.610495 4.359418 
86 79  10.216804 5.156904 
86 80  9.736515 5.958974 
86 81  9.156948 6.761956 
86 82  8.461031 7.560890 
86 83  7.624548 8.348720 
86 84  6.610577 9.114649 
86 85  5.356438 9.840286 
86 86  3.734836 10.488164 
86 87  1.365707 10.946127 
87 13  -8.754589 7.074246 
87 14  -10.154233 5.085391 
87 15  -10.885657 3.473220 
87 16  -11.295547 2.059808 
87 17  -11.501765 0.784548 
87 18  -11.562653 -0.382626 
87 19  -11.512666 -1.459511 
87 20  -11.374429 -2.457822 
87 21  -11.163903 -3.385844 
87 22  -10.892951 -4.249744 
87 23  -10.570745 -5.054302 
87 24  -10.204598 -5.803333 
87 25  -9.800495 -6.499963 
87 26  -9.363436 -7.146802 
87 27  -8.897672 -7.746071 
87 28  -8.406875 -8.299686 
87 29  -7.894255 -8.809318 
87 30  -7.362658 -9.276447 
87 31  -6.814626 -9.702389 
87 32  -6.252458 -10.088330 
87 33  -5.678245 -10.435343 
87 34  -5.093908 -10.744408 
87 35  -4.501223 -11.016426 
87 36  -3.901842 -11.252227 
87 37  -3.297314 -11.452582 
87 38  -2.689095 -11.618213 
87 39  -2.078568 -11.749793 
87 40  -1.467048 -11.847958 
87 41  -0.855793 -11.913308 
87 42  -0.246015 -11.946415 
87 43  0.361116 -11.947819 
87 44  0.964465 -11.918042 
87 45  1.562925 -11.857580 
87 46  2.155413 -11.766915 
87 47  2.740862 -11.646508 
87 48  3.318222 -11.496810 
87 49  3.886451 -11.318258 
87 50  4.444512 -11.111279 
87 51  4.991369 -10.876291 
87 52  5.525984 -10.613706 
87 53  6.047312 -10.323928 
87 54  6.554297 -10.007361 
87 55  7.045868 -9.664403 
87 56  7.520933 -9.295455 
87 57  7.978377 -8.900915 
87 58  8.417055 -8.481186 
87 59  8.835787 -8.036676 
87 60  9.233350 -7.567799 
87 61  9.608475 -7.074976 
87 62  9.959836 -6.558640 
87 63  10.286043 -6.019240 
87 64  10.585628 -5.457238 
87 65  10.857042 -4.873120 
87 66  11.098629 -4.267394 
87 67  11.308621 -3.640597 
87 68  11.485111 -2.993302 
87 69  11.626032 -2.326126 
87 70  11.729129 -1.639732 
87 71  11.791922 -0.934848 
87 72  11.811658 -0.212272 
87 73  11.785260 0.527102 
87 74  11.709248 1.282272 
87 75  11.579643 2.052093 
87 76  11.391835 2.835240 
87 77  11.140403 3.630157 
87 78  10.818857 4.434979 
87 79  10.419270 5.247426 
87 80  9.931705 6.064632 
87 81  9.343318 6.882883 
87 82  8.636836 7.697170 
87 83  7.787796 8.500373 
87 84  6.758976 9.281617 
87 85  5.487393 10.022441 
87 86  3.845899 10.685444 
87 87  1.460739 11.160377 
88 13  -8.976187 7.166176 
88 14  -10.376364 5.153068 
88 15  -11.111907 3.515580 
88 16  -11.524002 2.078560 
88 17  -11.730400 0.781435 
88 18  -11.789726 -0.406025 
88 19  -11.736712 -1.501774 
88 20  -11.594213 -2.517655 
88 21  -11.378375 -3.462056 
88 22  -11.101210 -4.341231 
88 23  -10.772012 -5.160026 
88 24  -10.398200 -5.922317 
88 25  -9.985842 -6.631277 
88 26  -9.540015 -7.289560 
88 27  -9.065033 -7.899425 
88 28  -8.564624 -8.462818 
88 29  -8.042051 -8.981441 
88 30  -7.500202 -9.456798 
88 31  -6.941663 -9.890230 
88 32  -6.368767 -10.282942 
88 33  -5.783641 -10.636028 
88 34  -5.188237 -10.950485 
88 35  -4.584360 -11.227229 
88 36  -3.973688 -11.467106 
88 37  -3.357796 -11.670902 
88 38  -2.738166 -11.839350 
88 39  -2.116202 -11.973136 
88 40  -1.493242 -12.072908 
88 41  -0.870564 -12.139277 
88 42  -0.249402 -12.172823 
88 43  0.369057 -12.174098 
88 44  0.983657 -12.143632 
88 45  1.593273 -12.081932 
88 46  2.196803 -11.989484 
88 47  2.793164 -11.866762 
88 48  3.381287 -11.714222 
88 49  3.960111 -11.532310 
88 50  4.528583 -11.321458 
88 51  5.085650 -11.082094 
88 52  5.630256 -10.814635 
88 53  6.161338 -10.519493 
88 54  6.677821 -10.197077 
88 55  7.178617 -9.847794 
88 56  7.662615 -9.472049 
88 57  8.128682 -9.070249 
88 58  8.575651 -8.642802 
88 59  9.002324 -8.190122 
88 60  9.407457 -7.712629 
88 61  9.789758 -7.210752 
88 62  10.147879 -6.684932 
88 63  10.480406 -6.135621 
88 64  10.785848 -5.563292 
88 65  11.062625 -4.968435 
88 66  11.309058 -4.351567 
88 67  11.523346 -3.713233 
88 68  11.703550 -3.054015 
88 69  11.847570 -2.374537 
88 70  11.953111 -1.675473 
88 71  12.017651 -0.957560 
88 72  12.038395 -0.221610 
88 73  12.012213 0.531474 
88 74  11.935569 1.300673 
88 75  11.804421 2.084829 
88 76  11.614087 2.882598 
88 77  11.359061 3.692404 
88 78  11.032759 4.512357 
88 79  10.627138 5.340149 
88 80  10.132123 6.172879 
88 81  9.534705 7.006793 
88 82  8.817405 7.836828 
88 83  7.955507 8.655798 
88 84  6.911477 9.452752 
88 85  5.622015 10.209149 
88 86  3.960079 10.887645 
88 87  1.557807 11.379774 
89 13  -9.203054 7.260501 
89 14  -10.604373 5.222214 
89 15  -11.344183 3.558739 
89 16  -11.758534 2.097510 
89 17  -11.965102 0.777964 
89 18  -12.022810 -0.430297 
89 19  -11.966677 -1.545389 
89 20  -11.819792 -2.579287 
89 21  -11.598493 -3.540484 
89 22  -11.314944 -4.435322 
89 23  -10.978565 -5.268718 
89 24  -10.596880 -6.044606 
89 25  -10.176046 -6.766212 
89 26  -9.721215 -7.436232 
89 27  -9.236769 -8.056963 
89 28  -8.726494 -8.630384 
89 29  -8.193704 -9.158228 
89 30  -7.641333 -9.642024 
89 31  -7.072008 -10.083136 
89 32  -6.488102 -10.482793 
89 33  -5.891776 -10.842107 
89 34  -5.285012 -11.162093 
89 35  -4.669647 -11.443684 
89 36  -4.047388 -11.687741 
89 37  -3.419834 -11.895065 
89 38  -2.788493 -12.066401 
89 39  -2.154791 -12.202449 
89 40  -1.520090 -12.303868 
89 41  -0.885690 -12.371279 
89 42  -0.252843 -12.405274 
89 43  0.377241 -12.406416 
89 44  1.003388 -12.375242 
89 45  1.624453 -12.312268 
89 46  2.239316 -12.217992 
89 47  2.846875 -12.092892 
89 48  3.446043 -11.937435 
89 49  4.035742 -11.752073 
89 50  4.614899 -11.537248 
89 51  5.182444 -11.293392 
89 52  5.737304 -11.020931 
89 53  6.278395 -10.720284 
89 54  6.804627 -10.391867 
89 55  7.314891 -10.036093 
89 56  7.808058 -9.653374 
89 57  8.282974 -9.244123 
89 58  8.738455 -8.808756 
89 59  9.173278 -8.347692 
89 60  9.586181 -7.861360 
89 61  9.975848 -7.350193 
89 62  10.340909 -6.814640 
89 63  10.679925 -6.255161 
89 64  10.991379 -5.672235 
89 65  11.273665 -5.066359 
89 66  11.525073 -4.438059 
89 67  11.743773 -3.787887 
89 68  11.927793 -3.116435 
89 69  12.074997 -2.424334 
89 70  12.183051 -1.712270 
89 71  12.249391 -0.980990 
89 72  12.271174 -0.231316 
89 73  12.245221 0.535834 
89 74  12.167937 1.319429 
89 75  12.035214 2.118292 
89 76  11.842296 2.931064 
89 77  11.583594 3.756146 
89 78  11.252423 4.591625 
89 79  10.840622 5.435162 
89 80  10.337978 6.283821 
89 81  9.731310 7.133806 
89 82  9.002929 7.979998 
89 83  8.127857 8.815148 
89 84  7.068242 9.628220 
89 85  5.760450 10.400592 
89 86  4.077502 11.094964 
89 87  1.657038 11.604538 
90 13  -9.435444 7.357298 
90 14  -10.838500 5.292893 
90 15  -11.582729 3.602733 
90 16  -11.999388 2.116665 
90 17  -12.206115 0.774122 
90 18  -12.262147 -0.455476 
90 19  -12.202799 -1.590409 
90 20  -12.051401 -2.642789 
90 21  -11.824486 -3.621217 
90 22  -11.534376 -4.532123 
90 23  -11.190618 -5.380497 
90 24  -10.800844 -6.170335 
90 25  -10.371304 -6.904914 
90 26  -9.907226 -7.586976 
90 27  -9.413061 -8.218854 
90 28  -8.892653 -8.802564 
90 29  -8.349371 -9.339868 
90 30  -7.786196 -9.832321 
90 31  -7.205797 -10.281314 
90 32  -6.610586 -10.688096 
90 33  -6.002759 -11.053798 
90 34  -5.384333 -11.379457 
90 35  -4.757174 -11.666020 
90 36  -4.123018 -11.914365 
90 37  -3.483491 -12.125307 
90 38  -2.840125 -12.299606 
90 39  -2.194373 -12.437973 
90 40  -1.547618 -12.541080 
90 41  -0.901183 -12.609560 
90 42  -0.256340 -12.644015 
90 43  0.385678 -12.645017 
90 44  1.023679 -12.613115 
90 45  1.656499 -12.548833 
90 46  2.282996 -12.452677 
90 47  2.902052 -12.325137 
90 48  3.512559 -12.166684 
90 49  4.113422 -11.977780 
90 50  4.703550 -11.758875 
90 51  5.281853 -11.510408 
90 52  5.847239 -11.232812 
90 53  6.398608 -10.926514 
90 54  6.934849 -10.591936 
90 55  7.454834 -10.229499 
90 56  7.957415 -9.839621 
90 57  8.441417 -9.422722 
90 58  8.905636 -8.979224 
90 59  9.348829 -8.509556 
90 60  9.769709 -8.014149 
90 61  10.166941 -7.493447 
90 62  10.539129 -6.947904 
90 63  10.884808 -6.377987 
90 64  11.202437 -5.784183 
90 65  11.490381 -5.166998 
90 66  11.746901 -4.526963 
90 67  11.970134 -3.864641 
90 68  12.158076 -3.180631 
90 69  12.308552 -2.475574 
90 70  12.419191 -1.750167 
90 71  12.487384 -1.005166 
90 72  12.510242 -0.241406 
90 73  12.484530 0.540182 
90 74  12.406595 1.338553 
90 75  12.272264 2.152513 
90 76  12.076704 2.980684 
90 77  11.814238 3.821446 
90 78  11.478081 4.672860 
90 79  11.059950 5.532558 
90 80  10.549490 6.397568 
90 81  9.933343 7.264047 
90 82  9.193608 8.126826 
90 83  8.305034 8.978582 
90 84  7.229442 9.808197 
90 85  5.902850 10.596964 
90 86  4.198298 11.307612 
90 87  1.758565 11.834901 
91 13  -9.673623 7.456651 
91 14  -11.078996 5.365167 
91 15  -11.827802 3.647597 
91 16  -12.246823 2.136038 
91 17  -12.453699 0.769895 
91 18  -12.507996 -0.481598 
91 19  -12.445332 -1.636892 
91 20  -12.289289 -2.708237 
91 21  -12.056597 -3.704348 
91 22  -11.759739 -4.631744 
91 23  -11.408396 -5.495490 
91 24  -11.010310 -6.299645 
91 25  -10.571823 -7.047539 
91 26  -10.098244 -7.741959 
91 27  -9.594094 -8.385278 
91 28  -9.063278 -8.979548 
91 29  -8.509218 -9.526560 
91 30  -7.934944 -10.027900 
91 31  -7.343170 -10.484980 
91 32  -6.736347 -10.899073 
91 33  -6.116708 -11.271333 
91 34  -5.486304 -11.602812 
91 35  -4.847031 -11.894478 
91 36  -4.200656 -12.147224 
91 37  -3.548832 -12.361879 
91 38  -2.893118 -12.539217 
91 39  -2.234990 -12.679964 
91 40  -1.575855 -12.784802 
91 41  -0.917059 -12.854378 
91 42  -0.259897 -12.889303 
91 43  0.394379 -12.890160 
91 44  1.044555 -12.857509 
91 45  1.689446 -12.791882 
91 46  2.327892 -12.693796 
91 47  2.958755 -12.563747 
91 48  3.580908 -12.402217 
91 49  4.193237 -12.209676 
91 50  4.794632 -11.986580 
91 51  5.383984 -11.733377 
91 52  5.960182 -11.450508 
91 53  6.522106 -11.138406 
91 54  7.068627 -10.797502 
91 55  7.598596 -10.428222 
91 56  8.110846 -10.030992 
91 57  8.604181 -9.606240 
91 58  9.077375 -9.154394 
91 59  9.529165 -8.675888 
91 60  9.958241 -8.171164 
91 61  10.363243 -7.640671 
91 62  10.742752 -7.084869 
91 63  11.095278 -6.504235 
91 64  11.419250 -5.899261 
91 65  11.713008 -5.270463 
91 66  11.974780 -4.618379 
91 67  12.202673 -3.943580 
91 68  12.394647 -3.246676 
91 69  12.548489 -2.528316 
91 70  12.661787 -1.789207 
91 71  12.731889 -1.030118 
91 72  12.755855 -0.251895 
91 73  12.730398 0.544518 
91 74  12.651804 1.358061 
91 75  12.515830 2.187522 
91 76  12.317566 3.031505 
91 77  12.051246 3.888367 
91 78  11.709979 4.756143 
91 79  11.285362 5.632435 
91 80  10.766890 6.514234 
91 81  10.141028 7.397652 
91 82  9.389651 8.277460 
91 83  8.487234 9.146268 
91 84  7.395259 9.992871 
91 85  6.049376 10.798468 
91 86  4.322606 11.525808 
91 87  1.862520 12.071108 
92 13  -9.917867 7.558651 
92 14  -11.326127 5.439105 
92 15  -12.079672 3.693369 
92 16  -12.501112 2.155638 
92 17  -12.708127 0.765268 
92 18  -12.760625 -0.508701 
92 19  -12.694543 -1.684897 
92 20  -12.533716 -2.775713 
92 21  -12.295079 -3.789977 
92 22  -11.991281 -4.734302 
92 23  -11.632139 -5.613831 
92 24  -11.225506 -6.432685 
92 25  -10.777823 -7.194249 
92 26  -10.294480 -7.901357 
92 27  -9.780067 -8.556424 
92 28  -9.238554 -9.161535 
92 29  -8.673419 -9.718516 
92 30  -8.087741 -10.228978 
92 31  -7.484278 -10.694362 
92 32  -6.865523 -11.115963 
92 33  -6.233748 -11.494955 
92 34  -5.591036 -11.832410 
92 35  -4.939317 -12.129315 
92 36  -4.280388 -12.386578 
92 37  -3.615929 -12.605044 
92 38  -2.947527 -12.785502 
92 39  -2.276684 -12.928691 
92 40  -1.604829 -13.035306 
92 41  -0.933334 -13.106005 
92 42  -0.263515 -13.141411 
92 43  0.403354 -13.142118 
92 44  1.066038 -13.108695 
92 45  1.723331 -13.041686 
92 46  2.374055 -12.941615 
92 47  3.017048 -12.808989 
92 48  3.651167 -12.644297 
92 49  4.275276 -12.448018 
92 50  4.888247 -12.220616 
92 51  5.488950 -11.962548 
92 52  6.076256 -11.674261 
92 53  6.649026 -11.356197 
92 54  7.206109 -11.008793 
92 55  7.746337 -10.632484 
92 56  8.268521 -10.227702 
92 57  8.771446 -9.794881 
92 58  9.253863 -9.334459 
92 59  9.714486 -8.846876 
92 60  10.151984 -8.332581 
92 61  10.564971 -7.792029 
92 62  10.952004 -7.225690 
92 63  11.311565 -6.634046 
92 64  11.642059 -6.017599 
92 65  11.941792 -5.376871 
92 66  12.208964 -4.712410 
92 67  12.441648 -4.024796 
92 68  12.637767 -3.314646 
92 69  12.795072 -2.582622 
92 70  12.911107 -1.829439 
92 71  12.983176 -1.055878 
92 72  13.008288 -0.262798 
92 73  12.983099 0.548843 
92 74  12.903835 1.377969 
92 75  12.766181 2.223353 
92 76  12.565149 3.083577 
92 77  12.294881 3.956977 
92 78  11.948378 4.841561 
92 79  11.517110 5.734898 
92 80  10.990424 6.633943 
92 81  10.354598 7.534759 
92 82  9.591281 8.432062 
92 83  8.674666 9.318385 
92 84  7.565883 10.182436 
92 85  6.200198 11.005317 
92 86  4.450571 11.749784 
92 87  1.969041 12.313414 
93 13  -10.168464 7.663395 
93 14  -11.580174 5.514778 
93 15  -12.338628 3.740090 
93 16  -12.762545 2.175477 
93 17  -12.969687 0.760227 
93 18  -13.020323 -0.536825 
93 19  -12.950713 -1.734487 
93 20  -12.784958 -2.845300 
93 21  -12.540202 -3.878209 
93 22  -12.229264 -4.839922 
93 23  -11.862099 -5.735660 
93 24  -11.446677 -6.569612 
93 25  -10.989536 -7.345216 
93 26  -10.496152 -8.065357 
93 27  -9.971189 -8.732490 
93 28  -9.418679 -9.348737 
93 29  -8.842158 -9.915956 
93 30  -8.244756 -10.435789 
93 31  -7.629278 -10.909702 
93 32  -6.998259 -11.339014 
93 33  -6.354008 -11.724920 
93 34  -5.698646 -12.068514 
93 35  -5.034134 -12.370799 
93 36  -4.362301 -12.632701 
93 37  -3.684856 -12.855082 
93 38  -3.003413 -13.038744 
93 39  -2.319500 -13.184439 
93 40  -1.634573 -13.292878 
93 41  -0.950026 -13.364729 
93 42  -0.267198 -13.400627 
93 43  0.412615 -13.401179 
93 44  1.088155 -13.366962 
93 45  1.758195 -13.298530 
93 46  2.421537 -13.196419 
93 47  3.076999 -13.061142 
93 48  3.723415 -12.893200 
93 49  4.359633 -12.693079 
93 50  4.984501 -12.461252 
93 51  5.596872 -12.198183 
93 52  6.195596 -11.904328 
93 53  6.779513 -11.580136 
93 54  7.347452 -11.226053 
93 55  7.898224 -10.842519 
93 56  8.430620 -10.429975 
93 57  8.943402 -9.988864 
93 58  9.435300 -9.519628 
93 59  9.905004 -9.022717 
93 60  10.351159 -8.498585 
93 61  10.772355 -7.947697 
93 62  11.167122 -7.370529 
93 63  11.533918 -6.767572 
93 64  11.871115 -6.139335 
93 65  12.176993 -5.486348 
93 66  12.449719 -4.809169 
93 67  12.687330 -4.108385 
93 68  12.887714 -3.384624 
93 69  13.048582 -2.638558 
93 70  13.167437 -1.870912 
93 71  13.241532 -1.082480 
93 72  13.267828 -0.274134 
93 73  13.242922 0.553155 
93 74  13.162977 1.398295 
93 75  13.023607 2.260041 
93 76  12.819739 3.136955 
93 77  12.545423 4.027349 
93 78  12.193551 4.929204 
93 79  11.755463 5.840057 
93 80  11.220349 6.756823 
93 81  10.574301 7.675518 
93 82  9.798734 8.590798 
93 83  8.867548 9.495121 
93 84  7.741514 10.377101 
93 85  6.355496 11.217740 
93 86  4.582348 11.979787 
93 87  2.078270 12.562089 
94 13  -10.425717 7.770988 
94 14  -11.841434 5.592262 
94 15  -12.604970 3.787803 
94 16  -13.031427 2.195566 
94 17  -13.238685 0.754753 
94 18  -13.287391 -0.566013 
94 19  -13.214142 -1.785730 
94 20  -13.043309 -2.917088 
94 21  -12.792252 -3.969154 
94 22  -12.473963 -4.948733 
94 23  -12.098542 -5.861127 
94 24  -11.674077 -6.710591 
94 25  -11.207208 -7.500623 
94 26  -10.703496 -8.234155 
94 27  -10.167680 -8.913687 
94 28  -9.603861 -9.541377 
94 29  -9.015630 -10.119117 
94 30  -8.406172 -10.648579 
94 31  -7.778339 -11.131256 
94 32  -7.134708 -11.568491 
94 33  -6.477628 -11.961502 
94 34  -5.809257 -12.311403 
94 35  -5.131591 -12.619216 
94 36  -4.446489 -12.885885 
94 37  -3.755692 -13.112287 
94 38  -3.060840 -13.299239 
94 39  -2.363489 -13.447510 
94 40  -1.665120 -13.557821 
94 41  -0.967152 -13.630855 
94 42  -0.270947 -13.667258 
94 43  0.422174 -13.667648 
94 44  1.110932 -13.632612 
94 45  1.794080 -13.562717 
94 46  2.470395 -13.458506 
94 47  3.138677 -13.320504 
94 48  3.797739 -13.149220 
94 49  4.446406 -12.945148 
94 50  5.083508 -12.708770 
94 51  5.707877 -12.440559 
94 52  6.318340 -12.140979 
94 53  6.913719 -11.810487 
94 54  7.492821 -11.449536 
94 55  8.054437 -11.058575 
94 56  8.597333 -10.638052 
94 57  9.120252 -10.188416 
94 58  9.621899 -9.710120 
94 59  10.100941 -9.203618 
94 60  10.555998 -8.669374 
94 61  10.985637 -8.107860 
94 62  11.388359 -7.519560 
94 63  11.762595 -6.904972 
94 64  12.106689 -6.264614 
94 65  12.418888 -5.599025 
94 66  12.697326 -4.908770 
94 67  12.940008 -4.194448 
94 68  13.144782 -3.456695 
94 69  13.309318 -2.696193 
94 70  13.431076 -1.913680 
94 71  13.507261 -1.109961 
94 72  13.534780 -0.285921 
94 73  13.510173 0.557455 
94 74  13.429535 1.419057 
94 75  13.288408 2.297623 
94 76  13.081636 3.191694 
94 77  12.803169 4.099558 
94 78  12.445789 5.019168 
94 79  12.000702 5.948028 
94 80  11.456940 6.883011 
94 81  10.800400 7.820086 
94 82  10.012258 8.753846 
94 83  9.066115 9.676673 
94 84  7.922367 10.577084 
94 85  6.515459 11.435974 
94 86  4.718099 12.216075 
94 87  2.190355 12.817417 
95 13  -10.689943 7.881539 
95 14  -12.110220 5.671637 
95 15  -12.879020 3.836551 
95 16  -13.308081 2.215918 
95 17  -13.515444 0.748831 
95 18  -13.562150 -0.596311 
95 19  -13.485145 -1.838697 
95 20  -13.309077 -2.991173 
95 21  -13.051528 -4.062930 
95 22  -12.725671 -5.060873 
95 23  -12.341750 -5.990388 
95 24  -11.907978 -6.855799 
95 25  -11.431097 -7.660663 
95 26  -10.916757 -8.407961 
95 27  -10.369775 -9.100238 
95 28  -9.794319 -9.739691 
95 29  -9.194041 -10.328247 
95 30  -8.572180 -10.867608 
95 31  -7.931635 -11.359293 
95 32  -7.275030 -11.804673 
95 33  -6.604753 -12.204988 
95 34  -5.923001 -12.561372 
95 35  -5.231803 -12.874868 
95 36  -4.533052 -13.146436 
95 37  -3.828519 -13.376970 
95 38  -3.119874 -13.567305 
95 39  -2.408700 -13.718222 
95 40  -1.696504 -13.830457 
95 41  -0.984730 -13.904705 
95 42  -0.274767 -13.941625 
95 43  0.432044 -13.941846 
95 44  1.134399 -13.905968 
95 45  1.831029 -13.834566 
95 46  2.520690 -13.728195 
95 47  3.202159 -13.587388 
95 48  3.874228 -13.412665 
95 49  4.535702 -13.204528 
95 50  5.185388 -12.963470 
95 51  5.822098 -12.689970 
95 52  6.444638 -12.384501 
95 53  7.051808 -12.047529 
95 54  7.642393 -11.679514 
95 55  8.215162 -11.280913 
95 56  8.768861 -10.852183 
95 57  9.302207 -10.393781 
95 58  9.813883 -9.906165 
95 59  10.302532 -9.389800 
95 60  10.766749 -8.845156 
95 61  11.205074 -8.272713 
95 62  11.615981 -7.672963 
95 63  11.997872 -7.046414 
95 64  12.349062 -6.393590 
95 65  12.667766 -5.715040 
95 66  12.952085 -5.011338 
95 67  13.199986 -4.283093 
95 68  13.409279 -3.530950 
95 69  13.577593 -2.755602 
95 70  13.702342 -1.957799 
95 71  13.780683 -1.138358 
95 72  13.809467 -0.298177 
95 73  13.785174 0.561742 
95 74  13.703832 1.440274 
95 75  13.560907 2.336139 
95 76  13.351156 3.247854 
95 77  13.068432 4.173685 
95 78  12.705398 5.111554 
95 79  12.253127 6.058932 
95 80  11.700485 7.012652 
95 81  11.033172 7.968630 
95 82  10.232116 8.921396 
95 83  9.270611 9.863253 
95 84  8.108667 10.782618 
95 85  6.680289 11.660275 
95 86  4.857996 12.458923 
95 87  2.305449 13.079696 
96 13  -10.961475 7.995170 
96 14  -12.386866 5.752987 
96 15  -13.161116 3.886383 
96 16  -13.592850 2.236547 
96 17  -13.800306 0.742442 
96 18  -13.844939 -0.627765 
96 19  -13.764055 -1.893462 
96 20  -13.582589 -3.067654 
96 21  -13.318351 -4.159660 
96 22  -12.984697 -5.176489 
96 23  -12.592023 -6.123612 
96 24  -12.148667 -7.005423 
96 25  -11.661478 -7.825539 
96 26  -11.136198 -8.586995 
96 27  -10.577722 -9.292379 
96 28  -9.990288 -9.943930 
96 29  -9.377610 -10.543609 
96 30  -8.742982 -11.093150 
96 31  -8.089356 -11.594101 
96 32  -7.419397 -12.047856 
96 33  -6.735539 -12.455683 
96 34  -6.040015 -12.818734 
96 35  -5.334892 -13.138073 
96 36  -4.622094 -13.414679 
96 37  -3.903426 -13.649463 
96 38  -3.180587 -13.843276 
96 39  -2.455187 -13.996913 
96 40  -1.728763 -14.111125 
96 41  -1.002783 -14.186620 
96 42  -0.278660 -14.224071 
96 43  0.442238 -14.224116 
96 44  1.158586 -14.187369 
96 45  1.869091 -14.114416 
96 46  2.572485 -14.005820 
96 47  3.267524 -13.862127 
96 48  3.952979 -13.683864 
96 49  4.627631 -13.471544 
96 50  5.290267 -13.225668 
96 51  5.939677 -12.946726 
96 52  6.574645 -12.635197 
96 53  7.193949 -12.291557 
96 54  7.796352 -11.916273 
96 55  8.380600 -11.509812 
96 56  8.945416 -11.072637 
96 57  9.489494 -10.605214 
96 58  10.011492 -10.108010 
96 59  10.510029 -9.581496 
96 60  10.983673 -9.026151 
96 61  11.430938 -8.442463 
96 62  11.850270 -7.830933 
96 63  12.240042 -7.192076 
96 64  12.598536 -6.526426 
96 65  12.923937 -5.834541 
96 66  13.214310 -5.117004 
96 67  13.467585 -4.374433 
96 68  13.681534 -3.607484 
96 69  13.853741 -2.816862 
96 70  13.981573 -2.003327 
96 71  14.062138 -1.167710 
96 72  14.092229 -0.310924 
96 73  14.068267 0.566016 
96 74  13.986209 1.461968 
96 75  13.841442 2.375629 
96 76  13.628637 3.305499 
96 77  13.341542 4.249814 
96 78  12.972704 5.206471 
96 79  12.513054 6.172902 
96 80  11.951291 7.145898 
96 81  11.272910 8.121325 
96 82  10.458587 9.093646 
96 83  9.481296 10.055083 
96 84  8.300652 10.993948 
96 85  6.850199 11.890909 
96 86  5.002222 12.708623 
96 87  2.423709 13.349243 
97 13  -11.240665 8.112006 
97 14  -12.671723 5.836404 
97 15  -13.451619 3.937350 
97 16  -13.886096 2.257466 
97 17  -14.093632 0.735566 
97 18  -14.136118 -0.660426 
97 19  -14.051228 -1.950104 
97 20  -13.864193 -3.146638 
97 21  -13.593058 -4.259477 
97 22  -13.251369 -5.295737 
97 23  -12.849677 -6.260974 
97 24  -12.396449 -7.159658 
97 25  -11.898643 -7.995468 
97 26  -11.362095 -8.771490 
97 27  -10.791782 -9.490361 
97 28  -10.192013 -10.154359 
97 29  -9.566567 -10.765483 
97 30  -8.918795 -11.325497 
97 31  -8.251698 -11.835981 
97 32  -7.567992 -12.298355 
97 33  -6.870150 -12.713909 
97 34  -6.160447 -13.083820 
97 35  -5.440986 -13.409170 
97 36  -4.713727 -13.690959 
97 37  -3.980506 -13.930115 
97 38  -3.243053 -14.127505 
97 39  -2.503009 -14.283940 
97 40  -1.761935 -14.400185 
97 41  -1.021329 -14.476962 
97 42  -0.282630 -14.514956 
97 43  0.452772 -14.514820 
97 44  1.183525 -14.477177 
97 45  1.908313 -14.402624 
97 46  2.625847 -14.291738 
97 47  3.334857 -14.145072 
97 48  4.034092 -13.963164 
97 49  4.722312 -13.746538 
97 50  5.398281 -13.495702 
97 51  6.060766 -13.211156 
97 52  6.708529 -12.893389 
97 53  7.340326 -12.542884 
97 54  7.954896 -12.160118 
97 55  8.550962 -11.745565 
97 56  9.127224 -11.299697 
97 57  9.682351 -10.822988 
97 58  10.214977 -10.315913 
97 59  10.723695 -9.778952 
97 60  11.207046 -9.212592 
97 61  11.663517 -8.617330 
97 62  12.091525 -7.993674 
97 63  12.489411 -7.342148 
97 64  12.855429 -6.663296 
97 65  13.187728 -5.957684 
97 66  13.484337 -5.225906 
97 67  13.743149 -4.468589 
97 68  13.961894 -3.686401 
97 69  14.138113 -2.880056 
97 70  14.269125 -2.050329 
97 71  14.351985 -1.198062 
97 72  14.383430 -0.324182 
97 73  14.359815 0.570278 
97 74  14.277027 1.484159 
97 75  14.130374 2.416139 
97 76  13.914434 3.364695 
97 77  13.622852 4.328037 
97 78  13.248051 5.304031 
97 79  12.780819 6.290074 
97 80  12.209683 7.282912 
97 81  11.519926 8.278357 
97 82  10.691965 9.270807 
97 83  9.698447 10.252398 
97 84  8.498575 11.211335 
97 85  7.025414 12.128163 
97 86  5.150969 12.965481 
97 87  2.545305 13.626394 
98 13  -11.527884 8.232185 
98 14  -12.965165 5.921983 
98 15  -13.750909 3.989504 
98 16  -14.188204 2.278691 
98 17  -14.395809 0.728182 
98 18  -14.436067 -0.694348 
98 19  -14.347037 -2.008709 
98 20  -14.154255 -3.228238 
98 21  -13.876008 -4.362520 
98 22  -13.526035 -5.418780 
98 23  -13.115048 -6.402664 
98 24  -12.651646 -7.318716 
98 25  -12.142900 -8.170678 
98 26  -11.594742 -8.961695 
98 27  -11.012234 -9.694448 
98 28  -10.399758 -10.371260 
98 29  -9.761159 -10.994163 
98 30  -9.099846 -11.564959 
98 31  -8.418874 -12.085256 
98 32  -7.721006 -12.556501 
98 33  -7.008760 -12.980009 
98 34  -6.284452 -13.356981 
98 35  -5.550224 -13.688518 
98 36  -4.808069 -13.975642 
98 37  -4.059859 -14.219297 
98 38  -3.307354 -14.420368 
98 39  -2.552225 -14.579682 
98 40  -1.796064 -14.698018 
98 41  -1.040393 -14.776113 
98 42  -0.286680 -14.814666 
98 43  0.463660 -14.814340 
98 44  1.209251 -14.775773 
98 45  1.948750 -14.699572 
98 46  2.680846 -14.586325 
98 47  3.404246 -14.436596 
98 48  4.117675 -14.250935 
98 49  4.819870 -14.029872 
98 50  5.509571 -13.773928 
98 51  6.185523 -13.483611 
98 52  6.846466 -13.159418 
98 53  7.491130 -12.801843 
98 54  8.118232 -12.411371 
98 55  8.726472 -11.988484 
98 56  9.314524 -11.533664 
98 57  9.881033 -11.047391 
98 58  10.424606 -10.530151 
98 59  10.943811 -9.982432 
98 60  11.437162 -9.404728 
98 61  11.903116 -8.797546 
98 62  12.340062 -8.161402 
98 63  12.746310 -7.496830 
98 64  13.120079 -6.804383 
98 65  13.459485 -6.084635 
98 66  13.762521 -5.338191 
98 67  14.027039 -4.565689 
98 68  14.250729 -3.767807 
98 69  14.431085 -2.945272 
98 70  14.565378 -2.098870 
98 71  14.650607 -1.229457 
98 72  14.683452 -0.337975 
98 73  14.660202 0.574526 
98 74  14.576672 1.506870 
98 75  14.428085 2.457715 
98 76  14.208927 3.425513 
98 77  13.912734 4.408449 
98 78  13.531805 5.404356 
98 79  13.056779 6.410594 
98 80  12.476004 7.423866 
98 81  11.774550 8.439926 
98 82  10.932564 9.453104 
98 83  9.922356 10.455448 
98 84  8.702705 11.435054 
98 85  7.206173 12.372337 
98 86  5.304442 13.229826 
98 87  2.670409 13.911502 
99 13  -11.823523 8.355851 
99 14  -13.267589 6.009824 
99 15  -14.059392 4.042903 
99 16  -14.499582 2.300236 
99 17  -14.707243 0.720269 
99 18  -14.745191 -0.729589 
99 19  -14.651883 -2.069366 
99 20  -14.453168 -3.312574 
99 21  -14.167582 -4.468938 
99 22  -13.809065 -5.545793 
99 23  -13.388492 -6.548879 
99 24  -12.914600 -7.482817 
99 25  -12.394576 -8.351415 
99 26  -11.834451 -9.157873 
99 27  -11.239373 -9.904923 
99 28  -10.613801 -10.594930 
99 29  -9.961645 -11.229966 
99 30  -9.286377 -11.811865 
99 31  -8.591105 -12.342267 
99 32  -7.878643 -12.822647 
99 33  -7.151554 -13.254347 
99 34  -6.412196 -13.638590 
99 35  -5.662749 -13.976499 
99 36  -4.905245 -14.269116 
99 37  -4.141588 -14.517404 
99 38  -3.373573 -14.722265 
99 39  -2.602901 -14.884542 
99 40  -1.831192 -15.005031 
99 41  -1.059998 -15.084482 
99 42  -0.290814 -15.123607 
99 43  0.474919 -15.123085 
99 44  1.235798 -15.083564 
99 45  1.990458 -15.005664 
99 46  2.737560 -14.889983 
99 47  3.475788 -14.737097 
99 48  4.203843 -14.547566 
99 49  4.920437 -14.321932 
99 50  5.624290 -14.060724 
99 51  6.314119 -13.764459 
99 52  6.988642 -13.433646 
99 53  7.646566 -13.068786 
99 54  8.286583 -12.670373 
99 55  8.907367 -12.238900 
99 56  9.507569 -11.774855 
99 57  10.085807 -11.278730 
99 58  10.640663 -10.751017 
99 59  11.170676 -10.192212 
99 60  11.674333 -9.602821 
99 61  12.150061 -8.983358 
99 62  12.596218 -8.334348 
99 63  13.011084 -7.656335 
99 64  13.392844 -6.949880 
99 65  13.739576 -6.215569 
99 66  14.049238 -5.454016 
99 67  14.319641 -4.665869 
99 68  14.548429 -3.851819 
99 69  14.733053 -3.012603 
99 70  14.870732 -2.149021 
99 71  14.958409 -1.261944 
99 72  14.992704 -0.352328 
99 73  14.969838 0.578761 
99 74  14.885549 1.530127 
99 75  14.734979 2.500407 
99 76  14.512515 3.488030 
99 77  14.211583 4.491151 
99 78  13.824352 5.507574 
99 79  13.341310 6.534619 
99 80  12.750621 7.568941 
99 81  12.037133 8.606241 
99 82  11.180717 9.640774 
99 83  10.153335 10.664500 
99 84  8.913327 11.665400 
99 85  7.392730 12.623752 
99 86  5.462859 13.502003 
99 87  2.799206 14.204943 
100 13  -12.127999 8.483160 
100 14  -13.579416 6.100035 
100 15  -14.377498 4.097606 
100 16  -14.820664 2.322120 
100 17  -15.028368 0.711804 
100 18  -15.063920 -0.766208 
100 19  -14.966189 -2.132169 
100 20  -14.761346 -3.399774 
100 21  -14.468184 -4.578887 
100 22  -14.100850 -5.676962 
100 23  -13.670389 -6.699831 
100 24  -13.185677 -7.652198 
100 25  -12.654021 -8.537936 
100 26  -12.081554 -9.360304 
100 27  -11.473514 -10.122085 
100 28  -10.834436 -10.825687 
100 29  -10.168303 -11.473223 
100 30  -9.478646 -12.066562 
100 31  -8.768631 -12.607376 
100 32  -8.041121 -13.097170 
100 33  -7.298728 -13.537309 
100 34  -6.543853 -13.929043 
100 35  -5.778717 -14.273518 
100 36  -5.005388 -14.571793 
100 37  -4.225807 -14.824854 
100 38  -3.441801 -15.033618 
100 39  -2.655104 -15.198948 
100 40  -1.867367 -15.321653 
100 41  -1.080170 -15.402500 
100 42  -0.295035 -15.442214 
100 43  0.486566 -15.441487 
100 44  1.263207 -15.400981 
100 45  2.033495 -15.321327 
100 46  2.796067 -15.203136 
100 47  3.549582 -15.046996 
100 48  4.292715 -14.853475 
100 49  5.024156 -14.623127 
100 50  5.742597 -14.356492 
100 51  6.446734 -14.054096 
100 52  7.135258 -13.716458 
100 53  7.806852 -13.344088 
100 54  8.460183 -12.937490 
100 55  9.093901 -12.497165 
100 56  9.706630 -12.023612 
100 57  10.296961 -11.517330 
100 58  10.863449 -10.978820 
100 59  11.404606 -10.408590 
100 60  11.918888 -9.807151 
100 61  12.404695 -9.175029 
100 62  12.860352 -8.512757 
100 63  13.284104 -7.820889 
100 64  13.674104 -7.099996 
100 65  14.028393 -6.350673 
100 66  14.344889 -5.573546 
100 67  14.621362 -4.769273 
100 68  14.855412 -3.938557 
100 69  15.044440 -3.082148 
100 70  15.185614 -2.200858 
100 71  15.275822 -1.295573 
100 72  15.311617 -0.367265 
100 73  15.289154 0.582983 
100 74  15.204094 1.553955 
100 75  15.051488 2.544268 
100 76  14.825626 3.552324 
100 77  14.519820 4.576252 
100 78  14.126106 5.613821 
100 79  13.634814 6.662312 
100 80  13.033922 7.718333 
100 81  12.308047 8.777525 
100 82  11.436775 9.834071 
100 83  10.391712 10.879836 
100 84  9.130743 11.902683 
100 85  7.585356 12.882748 
100 86  5.626449 13.782382 
100 87  2.931889 14.507115 
