1.000 0.010
0 0  -0.900444 -1.462510 
0 1  -0.862161 -1.476652 
0 2  -0.824484 -1.489861 
0 3  -0.787380 -1.502182 
0 4  -0.750821 -1.513658 
0 5  -0.714782 -1.524329 
0 6  -0.679237 -1.534230 
0 7  -0.644164 -1.543394 
0 8  -0.609542 -1.551852 
0 9  -0.575352 -1.559632 
0 10  -0.541576 -1.566759 
0 11  -0.508196 -1.573257 
0 12  -0.475198 -1.579150 
0 13  -0.442566 -1.584457 
0 14  -0.410287 -1.589198 
0 15  -0.378347 -1.593389 
0 16  -0.346734 -1.597049 
0 17  -0.315437 -1.600193 
0 18  -0.284446 -1.602834 
0 19  -0.253749 -1.604986 
0 20  -0.223337 -1.606662 
0 21  -0.193201 -1.607873 
0 22  -0.163333 -1.608631 
0 23  -0.133724 -1.608945 
0 24  -0.104367 -1.608824 
0 25  -0.075254 -1.608279 
0 26  -0.046377 -1.607316 
0 27  -0.017732 -1.605943 
0 28  0.010690 -1.604168 
0 29  0.038893 -1.601997 
0 30  0.066884 -1.599437 
0 31  0.094668 -1.596492 
0 32  0.122250 -1.593169 
0 33  0.149635 -1.589471 
0 34  0.176828 -1.585404 
0 35  0.203834 -1.580972 
0 36  0.230656 -1.576178 
0 37  0.257300 -1.571025 
0 38  0.283768 -1.565517 
0 39  0.310065 -1.559656 
0 40  0.336194 -1.553445 
0 41  0.362159 -1.546885 
0 42  0.387963 -1.539979 
0 43  0.413610 -1.532728 
0 44  0.439101 -1.525133 
0 45  0.464440 -1.517195 
0 46  0.489631 -1.508915 
0 47  0.514674 -1.500293 
0 48  0.539574 -1.491329 
0 49  0.564331 -1.482023 
0 50  0.588950 -1.472375 
0 51  0.613431 -1.462383 
0 52  0.637777 -1.452048 
0 53  0.661990 -1.441367 
0 54  0.686071 -1.430339 
0 55  0.710023 -1.418962 
0 56  0.733846 -1.407235 
0 57  0.757543 -1.395154 
0 58  0.781115 -1.382718 
0 59  0.804564 -1.369923 
0 60  0.827890 -1.356766 
0 61  0.851095 -1.343244 
0 62  0.874179 -1.329352 
0 63  0.897145 -1.315087 
0 64  0.919992 -1.300443 
0 65  0.942722 -1.285417 
0 66  0.965334 -1.270002 
0 67  0.987831 -1.254193 
0 68  1.010211 -1.237984 
0 69  1.032477 -1.221368 
0 70  1.054627 -1.204339 
0 71  1.076662 -1.186890 
0 72  1.098582 -1.169011 
0 73  1.120387 -1.150695 
0 74  1.142077 -1.131934 
0 75  1.163652 -1.112717 
0 76  1.185110 -1.093034 
0 77  1.206452 -1.072874 
0 78  1.227677 -1.052227 
0 79  1.248783 -1.031080 
0 80  1.269770 -1.009419 
0 81  1.290636 -0.987232 
0 82  1.311381 -0.964503 
0 83  1.332001 -0.941217 
0 84  1.352497 -0.917357 
0 85  1.372864 -0.892905 
0 86  1.393102 -0.867842 
0 87  1.413208 -0.842147 
0 88  1.433178 -0.815800 
0 89  1.453009 -0.788775 
0 90  1.472699 -0.761049 
0 91  1.492242 -0.732594 
0 92  1.511635 -0.703381 
0 93  1.530873 -0.673379 
0 94  1.549951 -0.642555 
0 95  1.568862 -0.610872 
0 96  1.587600 -0.578290 
0 97  1.606159 -0.544766 
0 98  1.624530 -0.510255 
0 99  1.642705 -0.474706 
0 100  1.660673 -0.438064 
1 0  -0.905122 -1.490025 
1 1  -0.866560 -1.503971 
1 2  -0.828602 -1.516995 
1 3  -0.791216 -1.529142 
1 4  -0.754374 -1.540453 
1 5  -0.718050 -1.550968 
1 6  -0.682220 -1.560720 
1 7  -0.646863 -1.569742 
1 8  -0.611956 -1.578063 
1 9  -0.577482 -1.585712 
1 10  -0.543422 -1.592712 
1 11  -0.509759 -1.599089 
1 12  -0.476478 -1.604863 
1 13  -0.443564 -1.610055 
1 14  -0.411003 -1.614683 
1 15  -0.378783 -1.618766 
1 16  -0.346891 -1.622319 
1 17  -0.315316 -1.625357 
1 18  -0.284047 -1.627895 
1 19  -0.253073 -1.629946 
1 20  -0.222386 -1.631522 
1 21  -0.191976 -1.632634 
1 22  -0.161835 -1.633294 
1 23  -0.131954 -1.633511 
1 24  -0.102325 -1.633295 
1 25  -0.072942 -1.632654 
1 26  -0.043797 -1.631596 
1 27  -0.014883 -1.630130 
1 28  0.013806 -1.628261 
1 29  0.042275 -1.625996 
1 30  0.070531 -1.623342 
1 31  0.098579 -1.620304 
1 32  0.126425 -1.616888 
1 33  0.154073 -1.613097 
1 34  0.181527 -1.608937 
1 35  0.208794 -1.604411 
1 36  0.235876 -1.599523 
1 37  0.262779 -1.594276 
1 38  0.289506 -1.588674 
1 39  0.316061 -1.582718 
1 40  0.342447 -1.576412 
1 41  0.368669 -1.569757 
1 42  0.394729 -1.562755 
1 43  0.420630 -1.555407 
1 44  0.446376 -1.547715 
1 45  0.471970 -1.539680 
1 46  0.497414 -1.531302 
1 47  0.522711 -1.522581 
1 48  0.547864 -1.513518 
1 49  0.572874 -1.504112 
1 50  0.597745 -1.494363 
1 51  0.622479 -1.484270 
1 52  0.647076 -1.473833 
1 53  0.671541 -1.463049 
1 54  0.695874 -1.451918 
1 55  0.720077 -1.440437 
1 56  0.744152 -1.428605 
1 57  0.768100 -1.416419 
1 58  0.791924 -1.403877 
1 59  0.815624 -1.390975 
1 60  0.839201 -1.377710 
1 61  0.862658 -1.364079 
1 62  0.885995 -1.350078 
1 63  0.909212 -1.335703 
1 64  0.932312 -1.320948 
1 65  0.955295 -1.305810 
1 66  0.978161 -1.290283 
1 67  1.000911 -1.274362 
1 68  1.023546 -1.258039 
1 69  1.046066 -1.241310 
1 70  1.068472 -1.224166 
1 71  1.090764 -1.206601 
1 72  1.112941 -1.188607 
1 73  1.135005 -1.170175 
1 74  1.156954 -1.151296 
1 75  1.178788 -1.131962 
1 76  1.200508 -1.112162 
1 77  1.222112 -1.091885 
1 78  1.243601 -1.071120 
1 79  1.264972 -1.049855 
1 80  1.286226 -1.028077 
1 81  1.307361 -1.005772 
1 82  1.328375 -0.982926 
1 83  1.349268 -0.959523 
1 84  1.370037 -0.935547 
1 85  1.390681 -0.910980 
1 86  1.411198 -0.885803 
1 87  1.431584 -0.859996 
1 88  1.451838 -0.833537 
1 89  1.471956 -0.806403 
1 90  1.491935 -0.778570 
1 91  1.511771 -0.750011 
1 92  1.531460 -0.720697 
1 93  1.550998 -0.690597 
1 94  1.570380 -0.659680 
1 95  1.589600 -0.627908 
1 96  1.608652 -0.595243 
1 97  1.627530 -0.561644 
1 98  1.646225 -0.527064 
1 99  1.664731 -0.491455 
1 100  1.683036 -0.454762 
2 0  -0.909924 -1.517692 
2 1  -0.871076 -1.531449 
2 2  -0.832829 -1.544294 
2 3  -0.795154 -1.556272 
2 4  -0.758022 -1.567424 
2 5  -0.721408 -1.577786 
2 6  -0.685288 -1.587393 
2 7  -0.649640 -1.596276 
2 8  -0.614444 -1.604464 
2 9  -0.579680 -1.611984 
2 10  -0.545331 -1.618861 
2 11  -0.511379 -1.625117 
2 12  -0.477811 -1.630774 
2 13  -0.444610 -1.635853 
2 14  -0.411764 -1.640371 
2 15  -0.379259 -1.644345 
2 16  -0.347083 -1.647792 
2 17  -0.315225 -1.650726 
2 18  -0.283675 -1.653162 
2 19  -0.252421 -1.655112 
2 20  -0.221455 -1.656588 
2 21  -0.190767 -1.657603 
2 22  -0.160348 -1.658165 
2 23  -0.130191 -1.658286 
2 24  -0.100288 -1.657974 
2 25  -0.070630 -1.657238 
2 26  -0.041213 -1.656086 
2 27  -0.012027 -1.654525 
2 28  0.016932 -1.652562 
2 29  0.045671 -1.650204 
2 30  0.074195 -1.647456 
2 31  0.102511 -1.644325 
2 32  0.130623 -1.640814 
2 33  0.158537 -1.636930 
2 34  0.186256 -1.632676 
2 35  0.213787 -1.628056 
2 36  0.241132 -1.623073 
2 37  0.268298 -1.617732 
2 38  0.295286 -1.612034 
2 39  0.322102 -1.605984 
2 40  0.348748 -1.599582 
2 41  0.375229 -1.592830 
2 42  0.401548 -1.585732 
2 43  0.427708 -1.578287 
2 44  0.453712 -1.570497 
2 45  0.479563 -1.562363 
2 46  0.505264 -1.553886 
2 47  0.530817 -1.545066 
2 48  0.556226 -1.535902 
2 49  0.581492 -1.526395 
2 50  0.606618 -1.516545 
2 51  0.631606 -1.506350 
2 52  0.656459 -1.495809 
2 53  0.681178 -1.484921 
2 54  0.705765 -1.473686 
2 55  0.730222 -1.462100 
2 56  0.754551 -1.450161 
2 57  0.778754 -1.437868 
2 58  0.802832 -1.425218 
2 59  0.826786 -1.412208 
2 60  0.850618 -1.398834 
2 61  0.874329 -1.385093 
2 62  0.897920 -1.370981 
2 63  0.921393 -1.356494 
2 64  0.944748 -1.341627 
2 65  0.967986 -1.326376 
2 66  0.991108 -1.310735 
2 67  1.014115 -1.294699 
2 68  1.037007 -1.278261 
2 69  1.059785 -1.261415 
2 70  1.082449 -1.244155 
2 71  1.105000 -1.226472 
2 72  1.127437 -1.208360 
2 73  1.149761 -1.189809 
2 74  1.171972 -1.170812 
2 75  1.194069 -1.151358 
2 76  1.216052 -1.131438 
2 77  1.237922 -1.111041 
2 78  1.259676 -1.090155 
2 79  1.281316 -1.068770 
2 80  1.302839 -1.046871 
2 81  1.324244 -1.024446 
2 82  1.345531 -1.001479 
2 83  1.366698 -0.977957 
2 84  1.387744 -0.953861 
2 85  1.408667 -0.929175 
2 86  1.429464 -0.903880 
2 87  1.450133 -0.877955 
2 88  1.470673 -0.851381 
2 89  1.491079 -0.824133 
2 90  1.511350 -0.796188 
2 91  1.531481 -0.767520 
2 92  1.551469 -0.738099 
2 93  1.571309 -0.707896 
2 94  1.590997 -0.676879 
2 95  1.610528 -0.645012 
2 96  1.629895 -0.612257 
2 97  1.649093 -0.578574 
2 98  1.668114 -0.543917 
2 99  1.686951 -0.508238 
2 100  1.705595 -0.471485 
3 0  -0.914849 -1.545523 
3 1  -0.875707 -1.559096 
3 2  -0.837166 -1.571768 
3 3  -0.799195 -1.583583 
3 4  -0.761767 -1.594579 
3 5  -0.724857 -1.604793 
3 6  -0.688440 -1.614258 
3 7  -0.652496 -1.623005 
3 8  -0.617004 -1.631062 
3 9  -0.581945 -1.638456 
3 10  -0.547302 -1.645211 
3 11  -0.513058 -1.651349 
3 12  -0.479197 -1.656892 
3 13  -0.445705 -1.661858 
3 14  -0.412568 -1.666267 
3 15  -0.379774 -1.670134 
3 16  -0.347310 -1.673476 
3 17  -0.315166 -1.676307 
3 18  -0.283330 -1.678641 
3 19  -0.251791 -1.680491 
3 20  -0.220542 -1.681869 
3 21  -0.189572 -1.682785 
3 22  -0.158872 -1.683251 
3 23  -0.128436 -1.683275 
3 24  -0.098254 -1.682867 
3 25  -0.068319 -1.682036 
3 26  -0.038625 -1.680789 
3 27  -0.009165 -1.679134 
3 28  0.020069 -1.677077 
3 29  0.049080 -1.674625 
3 30  0.077877 -1.671783 
3 31  0.106464 -1.668558 
3 32  0.134846 -1.664954 
3 33  0.163028 -1.660975 
3 34  0.191016 -1.656626 
3 35  0.218814 -1.651912 
3 36  0.246426 -1.646835 
3 37  0.273856 -1.641398 
3 38  0.301109 -1.635605 
3 39  0.328189 -1.629458 
3 40  0.355099 -1.622959 
3 41  0.381843 -1.616111 
3 42  0.408423 -1.608915 
3 43  0.434845 -1.601372 
3 44  0.461109 -1.593483 
3 45  0.487221 -1.585250 
3 46  0.513181 -1.576673 
3 47  0.538994 -1.567752 
3 48  0.564661 -1.558487 
3 49  0.590186 -1.548878 
3 50  0.615570 -1.538925 
3 51  0.640816 -1.528626 
3 52  0.665926 -1.517981 
3 53  0.690902 -1.506988 
3 54  0.715747 -1.495647 
3 55  0.740461 -1.483954 
3 56  0.765047 -1.471908 
3 57  0.789507 -1.459507 
3 58  0.813841 -1.446748 
3 59  0.838053 -1.433627 
3 60  0.862142 -1.420142 
3 61  0.886110 -1.406290 
3 62  0.909959 -1.392065 
3 63  0.933689 -1.377465 
3 64  0.957302 -1.362484 
3 65  0.980798 -1.347118 
3 66  1.004179 -1.331361 
3 67  1.027445 -1.315208 
3 68  1.050597 -1.298653 
3 69  1.073635 -1.281689 
3 70  1.096560 -1.264310 
3 71  1.119373 -1.246508 
3 72  1.142072 -1.228275 
3 73  1.164660 -1.209604 
3 74  1.187135 -1.190485 
3 75  1.209497 -1.170910 
3 76  1.231747 -1.150867 
3 77  1.253884 -1.130347 
3 78  1.275908 -1.109338 
3 79  1.297817 -1.087829 
3 80  1.319612 -1.065807 
3 81  1.341291 -1.043258 
3 82  1.362853 -1.020168 
3 83  1.384297 -0.996522 
3 84  1.405622 -0.972303 
3 85  1.426825 -0.947494 
3 86  1.447906 -0.922077 
3 87  1.468861 -0.896032 
3 88  1.489688 -0.869338 
3 89  1.510386 -0.841972 
3 90  1.530951 -0.813910 
3 91  1.551379 -0.785127 
3 92  1.571667 -0.755594 
3 93  1.591811 -0.725282 
3 94  1.611807 -0.694159 
3 95  1.631650 -0.662190 
3 96  1.651334 -0.629339 
3 97  1.670853 -0.595563 
3 98  1.690202 -0.560821 
3 99  1.709372 -0.525064 
3 100  1.728355 -0.488242 
4 0  -0.919898 -1.573528 
4 1  -0.880455 -1.586923 
4 2  -0.841612 -1.599427 
4 3  -0.803339 -1.611082 
4 4  -0.765608 -1.621927 
4 5  -0.728395 -1.631997 
4 6  -0.691677 -1.641323 
4 7  -0.655431 -1.649937 
4 8  -0.619638 -1.657866 
4 9  -0.584279 -1.665137 
4 10  -0.549337 -1.671771 
4 11  -0.514794 -1.677793 
4 12  -0.480636 -1.683222 
4 13  -0.446848 -1.688078 
4 14  -0.413417 -1.692378 
4 15  -0.380329 -1.696140 
4 16  -0.347573 -1.699378 
4 17  -0.315137 -1.702106 
4 18  -0.283011 -1.704340 
4 19  -0.251184 -1.706090 
4 20  -0.219648 -1.707369 
4 21  -0.188391 -1.708188 
4 22  -0.157407 -1.708556 
4 23  -0.126687 -1.708485 
4 24  -0.096223 -1.707982 
4 25  -0.066007 -1.707055 
4 26  -0.036033 -1.705714 
4 27  -0.006294 -1.703964 
4 28  0.023217 -1.701812 
4 29  0.052505 -1.699266 
4 30  0.081577 -1.696330 
4 31  0.110438 -1.693010 
4 32  0.139093 -1.689312 
4 33  0.167548 -1.685238 
4 34  0.195807 -1.680795 
4 35  0.223876 -1.675985 
4 36  0.251757 -1.670812 
4 37  0.279457 -1.665280 
4 38  0.306978 -1.659390 
4 39  0.334325 -1.653147 
4 40  0.361501 -1.646551 
4 41  0.388510 -1.639605 
4 42  0.415356 -1.632310 
4 43  0.442042 -1.624668 
4 44  0.468570 -1.616680 
4 45  0.494945 -1.608346 
4 46  0.521168 -1.599668 
4 47  0.547243 -1.590645 
4 48  0.573172 -1.581278 
4 49  0.598958 -1.571566 
4 50  0.624603 -1.561508 
4 51  0.650110 -1.551105 
4 52  0.675481 -1.540354 
4 53  0.700717 -1.529255 
4 54  0.725822 -1.517806 
4 55  0.750796 -1.506006 
4 56  0.775642 -1.493851 
4 57  0.800361 -1.481340 
4 58  0.824956 -1.468470 
4 59  0.849427 -1.455238 
4 60  0.873776 -1.441641 
4 61  0.898004 -1.427675 
4 62  0.922113 -1.413336 
4 63  0.946104 -1.398621 
4 64  0.969977 -1.383524 
4 65  0.993735 -1.368041 
4 66  1.017377 -1.352167 
4 67  1.040905 -1.335896 
4 68  1.064320 -1.319221 
4 69  1.087621 -1.302137 
4 70  1.110810 -1.284637 
4 71  1.133887 -1.266713 
4 72  1.156852 -1.248358 
4 73  1.179705 -1.229564 
4 74  1.202447 -1.210321 
4 75  1.225078 -1.190621 
4 76  1.247597 -1.170454 
4 77  1.270004 -1.149808 
4 78  1.292299 -1.128674 
4 79  1.314482 -1.107038 
4 80  1.336551 -1.084889 
4 81  1.358506 -1.062214 
4 82  1.380346 -1.038997 
4 83  1.402069 -1.015224 
4 84  1.423675 -0.990878 
4 85  1.445162 -0.965943 
4 86  1.466528 -0.940401 
4 87  1.487771 -0.914230 
4 88  1.508890 -0.887412 
4 89  1.529881 -0.859923 
4 90  1.550741 -0.831740 
4 91  1.571469 -0.802837 
4 92  1.592060 -0.773187 
4 93  1.612510 -0.742761 
4 94  1.632816 -0.711526 
4 95  1.652973 -0.679449 
4 96  1.672976 -0.646493 
4 97  1.692819 -0.612619 
4 98  1.712496 -0.577784 
4 99  1.732001 -0.541940 
4 100  1.751324 -0.505039 
5 0  -0.925070 -1.601716 
5 1  -0.885320 -1.614939 
5 2  -0.846167 -1.627280 
5 3  -0.807585 -1.638781 
5 4  -0.769546 -1.649478 
5 5  -0.732024 -1.659406 
5 6  -0.694998 -1.668597 
5 7  -0.658445 -1.677081 
5 8  -0.622346 -1.684884 
5 9  -0.586681 -1.692032 
5 10  -0.551434 -1.698549 
5 11  -0.516589 -1.704456 
5 12  -0.482128 -1.709774 
5 13  -0.448040 -1.714520 
5 14  -0.414309 -1.718713 
5 15  -0.380923 -1.722369 
5 16  -0.347870 -1.725504 
5 17  -0.315139 -1.728131 
5 18  -0.282719 -1.730264 
5 19  -0.250600 -1.731915 
5 20  -0.218771 -1.733096 
5 21  -0.187225 -1.733817 
5 22  -0.155953 -1.734089 
5 23  -0.124945 -1.733922 
5 24  -0.094195 -1.733323 
5 25  -0.063694 -1.732301 
5 26  -0.033436 -1.730865 
5 27  -0.003415 -1.729020 
5 28  0.026377 -1.726774 
5 29  0.055946 -1.724133 
5 30  0.085296 -1.721103 
5 31  0.114435 -1.717688 
5 32  0.143367 -1.713894 
5 33  0.172098 -1.709726 
5 34  0.200632 -1.705187 
5 35  0.228974 -1.700281 
5 36  0.257128 -1.695012 
5 37  0.285100 -1.689383 
5 38  0.312892 -1.683396 
5 39  0.340509 -1.677055 
5 40  0.367955 -1.670361 
5 41  0.395234 -1.663316 
5 42  0.422348 -1.655922 
5 43  0.449301 -1.648180 
5 44  0.476096 -1.640091 
5 45  0.502737 -1.631656 
5 46  0.529226 -1.622876 
5 47  0.555566 -1.613750 
5 48  0.581760 -1.604280 
5 49  0.607811 -1.594463 
5 50  0.633720 -1.584301 
5 51  0.659491 -1.573791 
5 52  0.685125 -1.562934 
5 53  0.710625 -1.551727 
5 54  0.735992 -1.540170 
5 55  0.761229 -1.528259 
5 56  0.786338 -1.515994 
5 57  0.811320 -1.503372 
5 58  0.836177 -1.490390 
5 59  0.860911 -1.477045 
5 60  0.885523 -1.463334 
5 61  0.910014 -1.449253 
5 62  0.934386 -1.434799 
5 63  0.958640 -1.419967 
5 64  0.982777 -1.404753 
5 65  1.006799 -1.389151 
5 66  1.030706 -1.373157 
5 67  1.054499 -1.356766 
5 68  1.078178 -1.339970 
5 69  1.101746 -1.322764 
5 70  1.125201 -1.305141 
5 71  1.148545 -1.287093 
5 72  1.171778 -1.268614 
5 73  1.194900 -1.249694 
5 74  1.217912 -1.230325 
5 75  1.240814 -1.210498 
5 76  1.263605 -1.190203 
5 77  1.286285 -1.169430 
5 78  1.308855 -1.148166 
5 79  1.331313 -1.126402 
5 80  1.353659 -1.104123 
5 81  1.375893 -1.081318 
5 82  1.398013 -1.057971 
5 83  1.420019 -1.034068 
5 84  1.441909 -1.009592 
5 85  1.463682 -0.984527 
5 86  1.485336 -0.958855 
5 87  1.506870 -0.932556 
5 88  1.528282 -0.905609 
5 89  1.549568 -0.877993 
5 90  1.570728 -0.849684 
5 91  1.591757 -0.820657 
5 92  1.612653 -0.790885 
5 93  1.633412 -0.760338 
5 94  1.654031 -0.728986 
5 95  1.674504 -0.696794 
5 96  1.694828 -0.663728 
5 97  1.714997 -0.629748 
5 98  1.735004 -0.594812 
5 99  1.754845 -0.558874 
5 100  1.774510 -0.521884 
6 0  -0.930367 -1.630099 
6 1  -0.890301 -1.643155 
6 2  -0.850833 -1.655337 
6 3  -0.811935 -1.666686 
6 4  -0.773580 -1.677239 
6 5  -0.735744 -1.687029 
6 6  -0.698404 -1.696088 
6 7  -0.661538 -1.704443 
6 8  -0.625127 -1.712123 
6 9  -0.589152 -1.719152 
6 10  -0.553596 -1.725552 
6 11  -0.518441 -1.731346 
6 12  -0.483674 -1.736553 
6 13  -0.449280 -1.741191 
6 14  -0.415245 -1.745278 
6 15  -0.381557 -1.748830 
6 16  -0.348203 -1.751862 
6 17  -0.315172 -1.754388 
6 18  -0.282453 -1.756421 
6 19  -0.250037 -1.757973 
6 20  -0.217913 -1.759056 
6 21  -0.186073 -1.759680 
6 22  -0.154508 -1.759855 
6 23  -0.123209 -1.759592 
6 24  -0.092168 -1.758897 
6 25  -0.061379 -1.757780 
6 26  -0.030834 -1.756249 
6 27  -0.000527 -1.754309 
6 28  0.029550 -1.751968 
6 29  0.059402 -1.749232 
6 30  0.089036 -1.746106 
6 31  0.118456 -1.742597 
6 32  0.147668 -1.738707 
6 33  0.176678 -1.734443 
6 34  0.205490 -1.729808 
6 35  0.234110 -1.724806 
6 36  0.262541 -1.719440 
6 37  0.290787 -1.713713 
6 38  0.318854 -1.707629 
6 39  0.346745 -1.701189 
6 40  0.374464 -1.694396 
6 41  0.402014 -1.687251 
6 42  0.429400 -1.679757 
6 43  0.456623 -1.671914 
6 44  0.483689 -1.663724 
6 45  0.510599 -1.655186 
6 46  0.537357 -1.646303 
6 47  0.563966 -1.637073 
6 48  0.590428 -1.627498 
6 49  0.616746 -1.617576 
6 50  0.642923 -1.607307 
6 51  0.668960 -1.596690 
6 52  0.694861 -1.585725 
6 53  0.720627 -1.574409 
6 54  0.746260 -1.562742 
6 55  0.771764 -1.550721 
6 56  0.797138 -1.538344 
6 57  0.822386 -1.525609 
6 58  0.847509 -1.512513 
6 59  0.872508 -1.499054 
6 60  0.897385 -1.485227 
6 61  0.922143 -1.471030 
6 62  0.946781 -1.456458 
6 63  0.971301 -1.441508 
6 64  0.995705 -1.426174 
6 65  1.019993 -1.410452 
6 66  1.044168 -1.394337 
6 67  1.068228 -1.377823 
6 68  1.092176 -1.360904 
6 69  1.116012 -1.343574 
6 70  1.139737 -1.325826 
6 71  1.163351 -1.307652 
6 72  1.186855 -1.289046 
6 73  1.210250 -1.269999 
6 74  1.233534 -1.250501 
6 75  1.256709 -1.230545 
6 76  1.279775 -1.210120 
6 77  1.302732 -1.189216 
6 78  1.325578 -1.167821 
6 79  1.348315 -1.145925 
6 80  1.370941 -1.123514 
6 81  1.393456 -1.100575 
6 82  1.415860 -1.077095 
6 83  1.438151 -1.053059 
6 84  1.460328 -1.028450 
6 85  1.482389 -1.003252 
6 86  1.504335 -0.977446 
6 87  1.526162 -0.951014 
6 88  1.547870 -0.923935 
6 89  1.569455 -0.896188 
6 90  1.590916 -0.867748 
6 91  1.612249 -0.838591 
6 92  1.633453 -0.808691 
6 93  1.654523 -0.778019 
6 94  1.675457 -0.746543 
6 95  1.696249 -0.714232 
6 96  1.716896 -0.681049 
6 97  1.737392 -0.646956 
6 98  1.757732 -0.611911 
6 99  1.777911 -0.575870 
6 100  1.797920 -0.538784 
7 0  -0.935788 -1.658687 
7 1  -0.895399 -1.671579 
7 2  -0.855609 -1.683607 
7 3  -0.816389 -1.694809 
7 4  -0.777713 -1.705221 
7 5  -0.739556 -1.714876 
7 6  -0.701896 -1.723804 
7 7  -0.664712 -1.732034 
7 8  -0.627983 -1.739592 
7 9  -0.591692 -1.746503 
7 10  -0.555820 -1.752789 
7 11  -0.520353 -1.758470 
7 12  -0.485274 -1.763567 
7 13  -0.450570 -1.768098 
7 14  -0.416226 -1.772080 
7 15  -0.382230 -1.775529 
7 16  -0.348570 -1.778459 
7 17  -0.315235 -1.780884 
7 18  -0.282214 -1.782817 
7 19  -0.249497 -1.784271 
7 20  -0.217073 -1.785256 
7 21  -0.184935 -1.785783 
7 22  -0.153072 -1.785862 
7 23  -0.121478 -1.785502 
7 24  -0.090144 -1.784712 
7 25  -0.059062 -1.783499 
7 26  -0.028226 -1.781872 
7 27  0.002372 -1.779837 
7 28  0.032737 -1.777401 
7 29  0.062877 -1.774569 
7 30  0.092796 -1.771348 
7 31  0.122501 -1.767742 
7 32  0.151998 -1.763757 
7 33  0.181290 -1.759396 
7 34  0.210384 -1.754664 
7 35  0.239284 -1.749565 
7 36  0.267995 -1.744101 
7 37  0.296520 -1.738277 
7 38  0.324865 -1.732093 
7 39  0.353033 -1.725554 
7 40  0.381028 -1.718661 
7 41  0.408854 -1.711416 
7 42  0.436514 -1.703820 
7 43  0.464012 -1.695875 
7 44  0.491351 -1.687582 
7 45  0.518534 -1.678942 
7 46  0.545564 -1.669954 
7 47  0.572444 -1.660619 
7 48  0.599177 -1.650938 
7 49  0.625766 -1.640909 
7 50  0.652213 -1.630533 
7 51  0.678520 -1.619807 
7 52  0.704691 -1.608732 
7 53  0.730726 -1.597307 
7 54  0.756629 -1.585528 
7 55  0.782401 -1.573395 
7 56  0.808044 -1.560905 
7 57  0.833561 -1.548056 
7 58  0.858952 -1.534845 
7 59  0.884220 -1.521269 
7 60  0.909367 -1.507326 
7 61  0.934393 -1.493010 
7 62  0.959300 -1.478319 
7 63  0.984090 -1.463249 
7 64  1.008763 -1.447794 
7 65  1.033322 -1.431950 
7 66  1.057766 -1.415712 
7 67  1.082098 -1.399073 
7 68  1.106317 -1.382029 
7 69  1.130425 -1.364573 
7 70  1.154422 -1.346697 
7 71  1.178309 -1.328396 
7 72  1.202087 -1.309660 
7 73  1.225756 -1.290483 
7 74  1.249317 -1.270855 
7 75  1.272769 -1.250767 
7 76  1.296112 -1.230209 
7 77  1.319347 -1.209172 
7 78  1.342474 -1.187643 
7 79  1.365492 -1.165612 
7 80  1.388402 -1.143066 
7 81  1.411201 -1.119991 
7 82  1.433891 -1.096375 
7 83  1.456470 -1.072202 
7 84  1.478936 -1.047456 
7 85  1.501290 -1.022121 
7 86  1.523529 -0.996178 
7 87  1.545653 -0.969609 
7 88  1.567659 -0.942394 
7 89  1.589545 -0.914511 
7 90  1.611310 -0.885936 
7 91  1.632951 -0.856646 
7 92  1.654465 -0.826613 
7 93  1.675849 -0.795810 
7 94  1.697100 -0.764206 
7 95  1.718213 -0.731768 
7 96  1.739186 -0.698461 
7 97  1.760012 -0.664249 
7 98  1.780687 -0.629089 
7 99  1.801206 -0.592937 
7 100  1.821561 -0.555747 
8 0  -0.941335 -1.687488 
8 1  -0.900616 -1.700223 
8 2  -0.860496 -1.712100 
8 3  -0.820947 -1.723158 
8 4  -0.781943 -1.733431 
8 5  -0.743460 -1.742953 
8 6  -0.705474 -1.751754 
8 7  -0.667965 -1.759860 
8 8  -0.630914 -1.767299 
8 9  -0.594301 -1.774093 
8 10  -0.558110 -1.780265 
8 11  -0.522324 -1.785836 
8 12  -0.486928 -1.790825 
8 13  -0.451908 -1.795250 
8 14  -0.417251 -1.799127 
8 15  -0.382943 -1.802473 
8 16  -0.348973 -1.805301 
8 17  -0.315329 -1.807626 
8 18  -0.282001 -1.809460 
8 19  -0.248978 -1.810815 
8 20  -0.216250 -1.811702 
8 21  -0.183810 -1.812132 
8 22  -0.151646 -1.812114 
8 23  -0.119753 -1.811658 
8 24  -0.088121 -1.810772 
8 25  -0.056742 -1.809464 
8 26  -0.025611 -1.807741 
8 27  0.005280 -1.805610 
8 28  0.035938 -1.803078 
8 29  0.066369 -1.800151 
8 30  0.096578 -1.796833 
8 31  0.126572 -1.793131 
8 32  0.156356 -1.789049 
8 33  0.185935 -1.784591 
8 34  0.215314 -1.779762 
8 35  0.244498 -1.774565 
8 36  0.273492 -1.769002 
8 37  0.302300 -1.763079 
8 38  0.330926 -1.756796 
8 39  0.359374 -1.750157 
8 40  0.387649 -1.743163 
8 41  0.415754 -1.735816 
8 42  0.443692 -1.728118 
8 43  0.471467 -1.720070 
8 44  0.499083 -1.711673 
8 45  0.526542 -1.702928 
8 46  0.553847 -1.693835 
8 47  0.581003 -1.684394 
8 48  0.608010 -1.674605 
8 49  0.634873 -1.664469 
8 50  0.661593 -1.653983 
8 51  0.688174 -1.643148 
8 52  0.714617 -1.631963 
8 53  0.740925 -1.620425 
8 54  0.767100 -1.608534 
8 55  0.793144 -1.596287 
8 56  0.819060 -1.583682 
8 57  0.844848 -1.570718 
8 58  0.870511 -1.557390 
8 59  0.896051 -1.543697 
8 60  0.921470 -1.529634 
8 61  0.946768 -1.515199 
8 62  0.971947 -1.500387 
8 63  0.997009 -1.485195 
8 64  1.021956 -1.469617 
8 65  1.046787 -1.453649 
8 66  1.071505 -1.437286 
8 67  1.096110 -1.420521 
8 68  1.120604 -1.403350 
8 69  1.144986 -1.385765 
8 70  1.169259 -1.367761 
8 71  1.193423 -1.349329 
8 72  1.217478 -1.330462 
8 73  1.241425 -1.311152 
8 74  1.265264 -1.291391 
8 75  1.288995 -1.271169 
8 76  1.312620 -1.250476 
8 77  1.336137 -1.229302 
8 78  1.359547 -1.207637 
8 79  1.382850 -1.185468 
8 80  1.406045 -1.162784 
8 81  1.429132 -1.139571 
8 82  1.452111 -1.115815 
8 83  1.474980 -1.091502 
8 84  1.497740 -1.066616 
8 85  1.520388 -1.041140 
8 86  1.542925 -1.015057 
8 87  1.565347 -0.988348 
8 88  1.587655 -0.960992 
8 89  1.609846 -0.932968 
8 90  1.631918 -0.904254 
8 91  1.653868 -0.874825 
8 92  1.675695 -0.844655 
8 93  1.697396 -0.813716 
8 94  1.718967 -0.781978 
8 95  1.740404 -0.749408 
8 96  1.761705 -0.715972 
8 97  1.782864 -0.681633 
8 98  1.803876 -0.646351 
8 99  1.824737 -0.610081 
8 100  1.845441 -0.572778 
9 0  -0.947007 -1.716514 
9 1  -0.905952 -1.729094 
9 2  -0.865496 -1.740824 
9 3  -0.825611 -1.751741 
9 4  -0.786273 -1.761879 
9 5  -0.747456 -1.771271 
9 6  -0.709139 -1.779946 
9 7  -0.671300 -1.787931 
9 8  -0.633920 -1.795251 
9 9  -0.596980 -1.801931 
9 10  -0.560464 -1.807991 
9 11  -0.524354 -1.813452 
9 12  -0.488637 -1.818333 
9 13  -0.453296 -1.822653 
9 14  -0.418321 -1.826426 
9 15  -0.383696 -1.829669 
9 16  -0.349411 -1.832396 
9 17  -0.315454 -1.834621 
9 18  -0.281814 -1.836356 
9 19  -0.248481 -1.837613 
9 20  -0.215445 -1.838402 
9 21  -0.182698 -1.838735 
9 22  -0.150229 -1.838621 
9 23  -0.118032 -1.838068 
9 24  -0.086098 -1.837086 
9 25  -0.054419 -1.835681 
9 26  -0.022989 -1.833862 
9 27  0.008200 -1.831635 
9 28  0.039154 -1.829007 
9 29  0.069880 -1.825983 
9 30  0.100383 -1.822569 
9 31  0.130669 -1.818770 
9 32  0.160744 -1.814590 
9 33  0.190613 -1.810034 
9 34  0.220282 -1.805107 
9 35  0.249754 -1.799811 
9 36  0.279034 -1.794149 
9 37  0.308128 -1.788126 
9 38  0.337039 -1.781742 
9 39  0.365771 -1.775002 
9 40  0.394329 -1.767906 
9 41  0.422716 -1.760457 
9 42  0.450935 -1.752656 
9 43  0.478991 -1.744504 
9 44  0.506887 -1.736002 
9 45  0.534625 -1.727151 
9 46  0.562210 -1.717951 
9 47  0.589643 -1.708403 
9 48  0.616929 -1.698506 
9 49  0.644069 -1.688260 
9 50  0.671066 -1.677664 
9 51  0.697923 -1.666718 
9 52  0.724642 -1.655421 
9 53  0.751226 -1.643770 
9 54  0.777676 -1.631765 
9 55  0.803996 -1.619403 
9 56  0.830187 -1.606682 
9 57  0.856250 -1.593600 
9 58  0.882189 -1.580154 
9 59  0.908004 -1.566342 
9 60  0.933697 -1.552159 
9 61  0.959270 -1.537602 
9 62  0.984725 -1.522668 
9 63  1.010063 -1.507352 
9 64  1.035285 -1.491649 
9 65  1.060393 -1.475555 
9 66  1.085387 -1.459065 
9 67  1.110269 -1.442172 
9 68  1.135040 -1.424872 
9 69  1.159701 -1.407157 
9 70  1.184253 -1.389021 
9 71  1.208696 -1.370456 
9 72  1.233031 -1.351456 
9 73  1.257259 -1.332012 
9 74  1.281380 -1.312115 
9 75  1.305394 -1.291756 
9 76  1.329302 -1.270925 
9 77  1.353105 -1.249613 
9 78  1.376801 -1.227808 
9 79  1.400391 -1.205499 
9 80  1.423876 -1.182674 
9 81  1.447254 -1.159319 
9 82  1.470524 -1.135421 
9 83  1.493688 -1.110964 
9 84  1.516743 -1.085935 
9 85  1.539690 -1.060315 
9 86  1.562526 -1.034087 
9 87  1.585251 -1.007234 
9 88  1.607863 -0.979734 
9 89  1.630361 -0.951566 
9 90  1.652743 -0.922708 
9 91  1.675007 -0.893136 
9 92  1.697150 -0.862824 
9 93  1.719170 -0.831743 
9 94  1.741064 -0.799865 
9 95  1.762828 -0.767158 
9 96  1.784459 -0.733586 
9 97  1.805954 -0.699115 
9 98  1.827306 -0.663703 
9 99  1.848513 -0.627309 
9 100  1.869567 -0.589885 
10 0  -0.952807 -1.745774 
10 1  -0.911407 -1.758204 
10 2  -0.870608 -1.769789 
10 3  -0.830382 -1.780568 
10 4  -0.790703 -1.790574 
10 5  -0.751547 -1.799838 
10 6  -0.712892 -1.808389 
10 7  -0.674717 -1.816254 
10 8  -0.637002 -1.823458 
10 9  -0.599730 -1.830024 
10 10  -0.562883 -1.835973 
10 11  -0.526444 -1.841325 
10 12  -0.490400 -1.846100 
10 13  -0.454734 -1.850314 
10 14  -0.419435 -1.853984 
10 15  -0.384489 -1.857126 
10 16  -0.349884 -1.859752 
10 17  -0.315609 -1.861877 
10 18  -0.281653 -1.863513 
10 19  -0.248006 -1.864671 
10 20  -0.214657 -1.865363 
10 21  -0.181599 -1.865598 
10 22  -0.148821 -1.865387 
10 23  -0.116316 -1.864738 
10 24  -0.084076 -1.863659 
10 25  -0.052092 -1.862158 
10 26  -0.020359 -1.860242 
10 27  0.011132 -1.857918 
10 28  0.042386 -1.855193 
10 29  0.073411 -1.852072 
10 30  0.104211 -1.848561 
10 31  0.134794 -1.844664 
10 32  0.165164 -1.840386 
10 33  0.195327 -1.835732 
10 34  0.225288 -1.830705 
10 35  0.255051 -1.825310 
10 36  0.284622 -1.819548 
10 37  0.314005 -1.813424 
10 38  0.343205 -1.806939 
10 39  0.372225 -1.800096 
10 40  0.401069 -1.792898 
10 41  0.429741 -1.785345 
10 42  0.458246 -1.777439 
10 43  0.486586 -1.769182 
10 44  0.514765 -1.760574 
10 45  0.542787 -1.751616 
10 46  0.570653 -1.742309 
10 47  0.598368 -1.732652 
10 48  0.625935 -1.722646 
10 49  0.653355 -1.712289 
10 50  0.680633 -1.701582 
10 51  0.707770 -1.690523 
10 52  0.734768 -1.679112 
10 53  0.761631 -1.667347 
10 54  0.788361 -1.655226 
10 55  0.814959 -1.642747 
10 56  0.841428 -1.629909 
10 57  0.867770 -1.616709 
10 58  0.893987 -1.603143 
10 59  0.920080 -1.589209 
10 60  0.946052 -1.574904 
10 61  0.971904 -1.560225 
10 62  0.997637 -1.545166 
10 63  1.023254 -1.529724 
10 64  1.048755 -1.513895 
10 65  1.074142 -1.497673 
10 66  1.099416 -1.481054 
10 67  1.124579 -1.464031 
10 68  1.149630 -1.446600 
10 69  1.174573 -1.428752 
10 70  1.199406 -1.410483 
10 71  1.224132 -1.391784 
10 72  1.248750 -1.372648 
10 73  1.273262 -1.353066 
10 74  1.297668 -1.333031 
10 75  1.321969 -1.312533 
10 76  1.346164 -1.291563 
10 77  1.370255 -1.270109 
10 78  1.394241 -1.248162 
10 79  1.418122 -1.225710 
10 80  1.441899 -1.202741 
10 81  1.465570 -1.179241 
10 82  1.489137 -1.155197 
10 83  1.512598 -1.130594 
10 84  1.535952 -1.105417 
10 85  1.559199 -1.079650 
10 86  1.582339 -1.053275 
10 87  1.605369 -1.026273 
10 88  1.628289 -0.998624 
10 89  1.651098 -0.970308 
10 90  1.673793 -0.941303 
10 91  1.696373 -0.911583 
10 92  1.718835 -0.881123 
10 93  1.741177 -0.849897 
10 94  1.763397 -0.817874 
10 95  1.785491 -0.785023 
10 96  1.807457 -0.751310 
10 97  1.829289 -0.716700 
10 98  1.850985 -0.681152 
10 99  1.872539 -0.644625 
10 100  1.893946 -0.607073 
11 0  -0.958735 -1.775279 
11 1  -0.916984 -1.787560 
11 2  -0.875834 -1.799005 
11 3  -0.835259 -1.809649 
11 4  -0.795233 -1.819524 
11 5  -0.755732 -1.828663 
11 6  -0.716733 -1.837092 
11 7  -0.678216 -1.844838 
11 8  -0.640162 -1.851927 
11 9  -0.602551 -1.858380 
11 10  -0.565368 -1.864219 
11 11  -0.528595 -1.869464 
11 12  -0.492218 -1.874133 
11 13  -0.456223 -1.878243 
11 14  -0.420595 -1.881810 
11 15  -0.385322 -1.884849 
11 16  -0.350393 -1.887375 
11 17  -0.315795 -1.889400 
11 18  -0.281518 -1.890937 
11 19  -0.247552 -1.891997 
11 20  -0.213887 -1.892591 
11 21  -0.180513 -1.892729 
11 22  -0.147421 -1.892421 
11 23  -0.114604 -1.891674 
11 24  -0.082053 -1.890498 
11 25  -0.049761 -1.888900 
11 26  -0.017721 -1.886888 
11 27  0.014076 -1.884467 
11 28  0.045634 -1.881644 
11 29  0.076962 -1.878425 
11 30  0.108064 -1.874816 
11 31  0.138947 -1.870820 
11 32  0.169616 -1.866444 
11 33  0.200076 -1.861691 
11 34  0.230333 -1.856564 
11 35  0.260392 -1.851068 
11 36  0.290257 -1.845205 
11 37  0.319934 -1.838979 
11 38  0.349425 -1.832392 
11 39  0.378736 -1.825446 
11 40  0.407871 -1.818143 
11 41  0.436833 -1.810486 
11 42  0.465626 -1.802475 
11 43  0.494254 -1.794111 
11 44  0.522720 -1.785396 
11 45  0.551028 -1.776330 
11 46  0.579180 -1.766914 
11 47  0.607180 -1.757147 
11 48  0.635031 -1.747030 
11 49  0.662736 -1.736562 
11 50  0.690297 -1.725742 
11 51  0.717717 -1.714569 
11 52  0.744998 -1.703043 
11 53  0.772144 -1.691162 
11 54  0.799155 -1.678924 
11 55  0.826036 -1.666327 
11 56  0.852787 -1.653370 
11 57  0.879410 -1.640049 
11 58  0.905909 -1.626362 
11 59  0.932284 -1.612305 
11 60  0.958537 -1.597877 
11 61  0.984671 -1.583072 
11 62  1.010686 -1.567887 
11 63  1.036585 -1.552318 
11 64  1.062369 -1.536361 
11 65  1.088039 -1.520009 
11 66  1.113596 -1.503259 
11 67  1.139042 -1.486104 
11 68  1.164378 -1.468539 
11 69  1.189604 -1.450557 
11 70  1.214723 -1.432152 
11 71  1.239735 -1.413316 
11 72  1.264640 -1.394042 
11 73  1.289439 -1.374321 
11 74  1.314134 -1.354146 
11 75  1.338724 -1.333506 
11 76  1.363210 -1.312393 
11 77  1.387592 -1.290796 
11 78  1.411871 -1.268704 
11 79  1.436047 -1.246106 
11 80  1.460119 -1.222989 
11 81  1.484088 -1.199341 
11 82  1.507953 -1.175149 
11 83  1.531714 -1.150397 
11 84  1.555371 -1.125069 
11 85  1.578923 -1.099151 
11 86  1.602369 -1.072624 
11 87  1.625708 -1.045470 
11 88  1.648939 -1.017670 
11 89  1.672061 -0.989201 
11 90  1.695073 -0.960043 
11 91  1.717972 -0.930171 
11 92  1.740756 -0.899560 
11 93  1.763425 -0.868182 
11 94  1.785974 -0.836009 
11 95  1.808401 -0.803009 
11 96  1.830703 -0.769150 
11 97  1.852877 -0.734394 
11 98  1.874918 -0.698704 
11 99  1.896823 -0.662038 
11 100  1.918586 -0.624350 
12 0  -0.964792 -1.805037 
12 1  -0.922682 -1.817174 
12 2  -0.881176 -1.828481 
12 3  -0.840246 -1.838992 
12 4  -0.799866 -1.848739 
12 5  -0.760013 -1.857753 
12 6  -0.720664 -1.866062 
12 7  -0.681799 -1.873692 
12 8  -0.643399 -1.880667 
12 9  -0.605445 -1.887008 
12 10  -0.567919 -1.892738 
12 11  -0.530807 -1.897876 
12 12  -0.494093 -1.902439 
12 13  -0.457762 -1.906445 
12 14  -0.421800 -1.909910 
12 15  -0.386197 -1.912848 
12 16  -0.350938 -1.915273 
12 17  -0.316012 -1.917199 
12 18  -0.281410 -1.918637 
12 19  -0.247120 -1.919599 
12 20  -0.213133 -1.920094 
12 21  -0.179439 -1.920135 
12 22  -0.146030 -1.919729 
12 23  -0.112896 -1.918885 
12 24  -0.080031 -1.917611 
12 25  -0.047426 -1.915916 
12 26  -0.015073 -1.913806 
12 27  0.017033 -1.911287 
12 28  0.048900 -1.908366 
12 29  0.080534 -1.905049 
12 30  0.111942 -1.901341 
12 31  0.143129 -1.897246 
12 32  0.174101 -1.892770 
12 33  0.204863 -1.887916 
12 34  0.235420 -1.882689 
12 35  0.265778 -1.877091 
12 36  0.295941 -1.871127 
12 37  0.325914 -1.864798 
12 38  0.355702 -1.858107 
12 39  0.385308 -1.851057 
12 40  0.414736 -1.843650 
12 41  0.443991 -1.835886 
12 42  0.473076 -1.827769 
12 43  0.501996 -1.819298 
12 44  0.530752 -1.810474 
12 45  0.559350 -1.801299 
12 46  0.587792 -1.791773 
12 47  0.616080 -1.781894 
12 48  0.644219 -1.771665 
12 49  0.672212 -1.761083 
12 50  0.700060 -1.750149 
12 51  0.727766 -1.738862 
12 52  0.755334 -1.727219 
12 53  0.782766 -1.715220 
12 54  0.810063 -1.702864 
12 55  0.837229 -1.690148 
12 56  0.864265 -1.677069 
12 57  0.891174 -1.663626 
12 58  0.917958 -1.649816 
12 59  0.944618 -1.635636 
12 60  0.971156 -1.621082 
12 61  0.997575 -1.606150 
12 62  1.023876 -1.590837 
12 63  1.050061 -1.575139 
12 64  1.076130 -1.559051 
12 65  1.102086 -1.542568 
12 66  1.127930 -1.525685 
12 67  1.153663 -1.508396 
12 68  1.179286 -1.490696 
12 69  1.204801 -1.472577 
12 70  1.230208 -1.454034 
12 71  1.255509 -1.435059 
12 72  1.280704 -1.415644 
12 73  1.305795 -1.395782 
12 74  1.330781 -1.375464 
12 75  1.355664 -1.354680 
12 76  1.380444 -1.333421 
12 77  1.405121 -1.311678 
12 78  1.429696 -1.289438 
12 79  1.454169 -1.266691 
12 80  1.478541 -1.243425 
12 81  1.502810 -1.219626 
12 82  1.526978 -1.195282 
12 83  1.551043 -1.170377 
12 84  1.575005 -1.144896 
12 85  1.598865 -1.118823 
12 86  1.622621 -1.092141 
12 87  1.646272 -1.064832 
12 88  1.669818 -1.036875 
12 89  1.693258 -1.008250 
12 90  1.716589 -0.978935 
12 91  1.739811 -0.948906 
12 92  1.762921 -0.918139 
12 93  1.785918 -0.886605 
12 94  1.808800 -0.854277 
12 95  1.831563 -0.821123 
12 96  1.854206 -0.787110 
12 97  1.876724 -0.752204 
12 98  1.899114 -0.716365 
12 99  1.921373 -0.679552 
12 100  1.943495 -0.641722 
13 0  -0.970980 -1.835058 
13 1  -0.928505 -1.847055 
13 2  -0.886634 -1.858226 
13 3  -0.845342 -1.868606 
13 4  -0.804601 -1.878227 
13 5  -0.764390 -1.887119 
13 6  -0.724685 -1.895309 
13 7  -0.685467 -1.902824 
13 8  -0.646715 -1.909685 
13 9  -0.608411 -1.915917 
13 10  -0.570538 -1.921538 
13 11  -0.533081 -1.926569 
13 12  -0.496023 -1.931028 
13 13  -0.459352 -1.934930 
13 14  -0.423052 -1.938293 
13 15  -0.387111 -1.941130 
13 16  -0.351518 -1.943455 
13 17  -0.316261 -1.945280 
13 18  -0.281328 -1.946619 
13 19  -0.246710 -1.947482 
13 20  -0.212396 -1.947880 
13 21  -0.178378 -1.947822 
13 22  -0.144646 -1.947318 
13 23  -0.111192 -1.946376 
13 24  -0.078007 -1.945005 
13 25  -0.045084 -1.943211 
13 26  -0.012417 -1.941003 
13 27  0.020004 -1.938386 
13 28  0.052183 -1.935366 
13 29  0.084129 -1.931950 
13 30  0.115846 -1.928142 
13 31  0.147341 -1.923948 
13 32  0.178620 -1.919371 
13 33  0.209687 -1.914416 
13 34  0.240549 -1.909087 
13 35  0.271210 -1.903387 
13 36  0.301675 -1.897319 
13 37  0.331949 -1.890887 
13 38  0.362036 -1.884092 
13 39  0.391940 -1.876937 
13 40  0.421666 -1.869423 
13 41  0.451218 -1.861553 
13 42  0.480599 -1.853327 
13 43  0.509814 -1.844748 
13 44  0.538865 -1.835815 
13 45  0.567756 -1.826529 
13 46  0.596490 -1.816891 
13 47  0.625072 -1.806900 
13 48  0.653502 -1.796557 
13 49  0.681786 -1.785861 
13 50  0.709924 -1.774811 
13 51  0.737921 -1.763407 
13 52  0.765779 -1.751646 
13 53  0.793500 -1.739529 
13 54  0.821087 -1.727052 
13 55  0.848541 -1.714215 
13 56  0.875867 -1.701014 
13 57  0.903064 -1.687447 
13 58  0.930136 -1.673512 
13 59  0.957085 -1.659206 
13 60  0.983913 -1.644524 
13 61  1.010620 -1.629465 
13 62  1.037210 -1.614022 
13 63  1.063683 -1.598193 
13 64  1.090042 -1.581973 
13 65  1.116288 -1.565356 
13 66  1.142421 -1.548338 
13 67  1.168445 -1.530913 
13 68  1.194359 -1.513075 
13 69  1.220165 -1.494818 
13 70  1.245865 -1.476135 
13 71  1.271459 -1.457018 
13 72  1.296947 -1.437461 
13 73  1.322332 -1.417454 
13 74  1.347614 -1.396991 
13 75  1.372793 -1.376060 
13 76  1.397871 -1.354654 
13 77  1.422846 -1.332761 
13 78  1.447721 -1.310371 
13 79  1.472496 -1.287473 
13 80  1.497170 -1.264054 
13 81  1.521743 -1.240101 
13 82  1.546216 -1.215601 
13 83  1.570589 -1.190540 
13 84  1.594861 -1.164903 
13 85  1.619032 -1.138672 
13 86  1.643102 -1.111831 
13 87  1.667069 -1.084362 
13 88  1.690933 -1.056245 
13 89  1.714693 -1.027460 
13 90  1.738347 -0.997984 
13 91  1.761895 -0.967794 
13 92  1.785335 -0.936866 
13 93  1.808665 -0.905171 
13 94  1.831882 -0.872682 
13 95  1.854985 -0.839369 
13 96  1.877971 -0.805198 
13 97  1.900838 -0.770134 
13 98  1.923580 -0.734140 
13 99  1.946196 -0.697174 
13 100  1.968681 -0.659194 
14 0  -0.977301 -1.865354 
14 1  -0.934452 -1.877212 
14 2  -0.892210 -1.888249 
14 3  -0.850549 -1.898501 
14 4  -0.809442 -1.907998 
14 5  -0.768865 -1.916769 
14 6  -0.728798 -1.924842 
14 7  -0.689220 -1.932242 
14 8  -0.650110 -1.938992 
14 9  -0.611451 -1.945113 
14 10  -0.573225 -1.950627 
14 11  -0.535417 -1.955552 
14 12  -0.498011 -1.959906 
14 13  -0.460993 -1.963706 
14 14  -0.424350 -1.966966 
14 15  -0.388068 -1.969702 
14 16  -0.352135 -1.971926 
14 17  -0.316540 -1.973652 
14 18  -0.281273 -1.974892 
14 19  -0.246321 -1.975656 
14 20  -0.211676 -1.975955 
14 21  -0.177329 -1.975799 
14 22  -0.143270 -1.975196 
14 23  -0.109490 -1.974156 
14 24  -0.075982 -1.972686 
14 25  -0.042738 -1.970794 
14 26  -0.009750 -1.968487 
14 27  0.022989 -1.965771 
14 28  0.055486 -1.962652 
14 29  0.087746 -1.959135 
14 30  0.119777 -1.955227 
14 31  0.151584 -1.950932 
14 32  0.183174 -1.946254 
14 33  0.214551 -1.941197 
14 34  0.245721 -1.935765 
14 35  0.276689 -1.929962 
14 36  0.307460 -1.923790 
14 37  0.338038 -1.917253 
14 38  0.368429 -1.910352 
14 39  0.398636 -1.903090 
14 40  0.428664 -1.895470 
14 41  0.458516 -1.887491 
14 42  0.488197 -1.879157 
14 43  0.517710 -1.870467 
14 44  0.547059 -1.861423 
14 45  0.576248 -1.852026 
14 46  0.605279 -1.842275 
14 47  0.634156 -1.832170 
14 48  0.662882 -1.821712 
14 49  0.691460 -1.810900 
14 50  0.719893 -1.799733 
14 51  0.748184 -1.788210 
14 52  0.776335 -1.776331 
14 53  0.804349 -1.764093 
14 54  0.832229 -1.751495 
14 55  0.859976 -1.738534 
14 56  0.887594 -1.725209 
14 57  0.915084 -1.711518 
14 58  0.942448 -1.697456 
14 59  0.969689 -1.683022 
14 60  0.996809 -1.668211 
14 61  1.023809 -1.653021 
14 62  1.050691 -1.637447 
14 63  1.077457 -1.621485 
14 64  1.104109 -1.605131 
14 65  1.130647 -1.588379 
14 66  1.157075 -1.571224 
14 67  1.183392 -1.553660 
14 68  1.209601 -1.535683 
14 69  1.235702 -1.517285 
14 70  1.261698 -1.498459 
14 71  1.287588 -1.479199 
14 72  1.313374 -1.459496 
14 73  1.339057 -1.439344 
14 74  1.364637 -1.418732 
14 75  1.390116 -1.397653 
14 76  1.415495 -1.376096 
14 77  1.440773 -1.354051 
14 78  1.465951 -1.331508 
14 79  1.491030 -1.308455 
14 80  1.516011 -1.284880 
14 81  1.540892 -1.260771 
14 82  1.565675 -1.236113 
14 83  1.590358 -1.210893 
14 84  1.614944 -1.185095 
14 85  1.639430 -1.158703 
14 86  1.663816 -1.131700 
14 87  1.688103 -1.104067 
14 88  1.712288 -1.075787 
14 89  1.736373 -1.046837 
14 90  1.760354 -1.017196 
14 91  1.784232 -0.986840 
14 92  1.808005 -0.955746 
14 93  1.831671 -0.923886 
14 94  1.855228 -0.891232 
14 95  1.878674 -0.857753 
14 96  1.902008 -0.823418 
14 97  1.925226 -0.788191 
14 98  1.948324 -0.752035 
14 99  1.971301 -0.714910 
14 100  1.994152 -0.676773 
15 0  -0.983755 -1.895933 
15 1  -0.940526 -1.907655 
15 2  -0.897906 -1.918561 
15 3  -0.855868 -1.928686 
15 4  -0.814387 -1.938060 
15 5  -0.773440 -1.946713 
15 6  -0.733004 -1.954669 
15 7  -0.693059 -1.961956 
15 8  -0.653586 -1.968594 
15 9  -0.614565 -1.974607 
15 10  -0.575981 -1.980014 
15 11  -0.537816 -1.984833 
15 12  -0.500057 -1.989083 
15 13  -0.462687 -1.992780 
15 14  -0.425695 -1.995938 
15 15  -0.389066 -1.998572 
15 16  -0.352789 -2.000696 
15 17  -0.316852 -2.002322 
15 18  -0.281244 -2.003463 
15 19  -0.245954 -2.004127 
15 20  -0.210974 -2.004327 
15 21  -0.176292 -2.004072 
15 22  -0.141901 -2.003371 
15 23  -0.107792 -2.002232 
15 24  -0.073955 -2.000663 
15 25  -0.040385 -1.998672 
15 26  -0.007072 -1.996265 
15 27  0.025989 -1.993449 
15 28  0.058807 -1.990229 
15 29  0.091387 -1.986612 
15 30  0.123736 -1.982603 
15 31  0.155860 -1.978206 
15 32  0.187764 -1.973425 
15 33  0.219455 -1.968266 
15 34  0.250937 -1.962730 
15 35  0.282217 -1.956822 
15 36  0.313297 -1.950546 
15 37  0.344184 -1.943902 
15 38  0.374883 -1.936895 
15 39  0.405396 -1.929526 
15 40  0.435729 -1.921796 
15 41  0.465886 -1.913709 
15 42  0.495871 -1.905264 
15 43  0.525686 -1.896463 
15 44  0.555337 -1.887307 
15 45  0.584827 -1.877796 
15 46  0.614159 -1.867931 
15 47  0.643335 -1.857711 
15 48  0.672361 -1.847137 
15 49  0.701238 -1.836207 
15 50  0.729969 -1.824922 
15 51  0.758557 -1.813279 
15 52  0.787006 -1.801279 
15 53  0.815317 -1.788919 
15 54  0.843493 -1.776197 
15 55  0.871536 -1.763112 
15 56  0.899450 -1.749662 
15 57  0.927236 -1.735843 
15 58  0.954896 -1.721654 
15 59  0.982433 -1.707090 
15 60  1.009849 -1.692149 
15 61  1.037145 -1.676826 
15 62  1.064323 -1.661119 
15 63  1.091385 -1.645022 
15 64  1.118333 -1.628531 
15 65  1.145169 -1.611641 
15 66  1.171894 -1.594348 
15 67  1.198509 -1.576644 
15 68  1.225016 -1.558525 
15 69  1.251416 -1.539983 
15 70  1.277710 -1.521013 
15 71  1.303901 -1.501607 
15 72  1.329988 -1.481757 
15 73  1.355972 -1.461456 
15 74  1.381856 -1.440694 
15 75  1.407638 -1.419462 
15 76  1.433322 -1.397752 
15 77  1.458906 -1.375553 
15 78  1.484391 -1.352854 
15 79  1.509779 -1.329644 
15 80  1.535069 -1.305910 
15 81  1.560262 -1.281641 
15 82  1.585357 -1.256822 
15 83  1.610356 -1.231439 
15 84  1.635258 -1.205477 
15 85  1.660063 -1.178921 
15 86  1.684770 -1.151752 
15 87  1.709380 -1.123953 
15 88  1.733891 -1.095504 
15 89  1.758304 -1.066385 
15 90  1.782616 -1.036575 
15 91  1.806828 -1.006050 
15 92  1.830937 -0.974785 
15 93  1.854943 -0.942755 
15 94  1.878844 -0.909930 
15 95  1.902638 -0.876282 
15 96  1.926322 -0.841777 
15 97  1.949895 -0.806381 
15 98  1.973353 -0.770058 
15 99  1.996695 -0.732767 
15 100  2.019915 -0.694465 
16 0  -0.990346 -1.926806 
16 1  -0.946728 -1.938394 
16 2  -0.903722 -1.949171 
16 3  -0.861302 -1.959171 
16 4  -0.819440 -1.968424 
16 5  -0.778115 -1.976958 
16 6  -0.737304 -1.984800 
16 7  -0.696987 -1.991974 
16 8  -0.657143 -1.998502 
16 9  -0.617755 -2.004406 
16 10  -0.578806 -2.009707 
16 11  -0.540280 -2.014421 
16 12  -0.502161 -2.018567 
16 13  -0.464434 -2.022160 
16 14  -0.427087 -2.025216 
16 15  -0.390106 -2.027750 
16 16  -0.353479 -2.029773 
16 17  -0.317195 -2.031299 
16 18  -0.281242 -2.032339 
16 19  -0.245609 -2.032904 
16 20  -0.210288 -2.033005 
16 21  -0.175268 -2.032651 
16 22  -0.140540 -2.031850 
16 23  -0.106096 -2.030611 
16 24  -0.071927 -2.028943 
16 25  -0.038025 -2.026851 
16 26  -0.004384 -2.024344 
16 27  0.029005 -2.021427 
16 28  0.062148 -2.018107 
16 29  0.095053 -2.014388 
16 30  0.127724 -2.010277 
16 31  0.160168 -2.005777 
16 32  0.192392 -2.000893 
16 33  0.224401 -1.995629 
16 34  0.256200 -1.989989 
16 35  0.287794 -1.983976 
16 36  0.319189 -1.977593 
16 37  0.350389 -1.970842 
16 38  0.381398 -1.963727 
16 39  0.412223 -1.956249 
16 40  0.442865 -1.948410 
16 41  0.473330 -1.940212 
16 42  0.503623 -1.931656 
16 43  0.533745 -1.922742 
16 44  0.563702 -1.913473 
16 45  0.593497 -1.903847 
16 46  0.623132 -1.893866 
16 47  0.652613 -1.883530 
16 48  0.681941 -1.872838 
16 49  0.711120 -1.861789 
16 50  0.740153 -1.850384 
16 51  0.769043 -1.838620 
16 52  0.797793 -1.826497 
16 53  0.826404 -1.814013 
16 54  0.854881 -1.801167 
16 55  0.883225 -1.787956 
16 56  0.911438 -1.774378 
16 57  0.939524 -1.760431 
16 58  0.967484 -1.746111 
16 59  0.995321 -1.731416 
16 60  1.023036 -1.716342 
16 61  1.050631 -1.700886 
16 62  1.078109 -1.685043 
16 63  1.105472 -1.668809 
16 64  1.132720 -1.652180 
16 65  1.159857 -1.635151 
16 66  1.186882 -1.617716 
16 67  1.213799 -1.599870 
16 68  1.240608 -1.581607 
16 69  1.267310 -1.562920 
16 70  1.293908 -1.543803 
16 71  1.320402 -1.524248 
16 72  1.346794 -1.504249 
16 73  1.373084 -1.483796 
16 74  1.399274 -1.462881 
16 75  1.425364 -1.441496 
16 76  1.451356 -1.419630 
16 77  1.477249 -1.397273 
16 78  1.503046 -1.374416 
16 79  1.528746 -1.351045 
16 80  1.554350 -1.327150 
16 81  1.579858 -1.302718 
16 82  1.605271 -1.277734 
16 83  1.630589 -1.252186 
16 84  1.655811 -1.226057 
16 85  1.680939 -1.199332 
16 86  1.705971 -1.171993 
16 87  1.730908 -1.144023 
16 88  1.755749 -1.115403 
16 89  1.780493 -1.086112 
16 90  1.805140 -1.056128 
16 91  1.829689 -1.025429 
16 92  1.854140 -0.993989 
16 93  1.878489 -0.961783 
16 94  1.902738 -0.928783 
16 95  1.926882 -0.894959 
16 96  1.950922 -0.860279 
16 97  1.974854 -0.824709 
16 98  1.998676 -0.788212 
16 99  2.022385 -0.750749 
16 100  2.045979 -0.712276 
17 0  -0.997074 -1.957983 
17 1  -0.953061 -1.969439 
17 2  -0.909662 -1.980089 
17 3  -0.866851 -1.989966 
17 4  -0.824602 -1.999099 
17 5  -0.782892 -2.007516 
17 6  -0.741700 -2.015244 
17 7  -0.701003 -2.022305 
17 8  -0.660783 -2.028724 
17 9  -0.621022 -2.034521 
17 10  -0.581703 -2.039714 
17 11  -0.542808 -2.044323 
17 12  -0.504324 -2.048365 
17 13  -0.466235 -2.051856 
17 14  -0.428528 -2.054810 
17 15  -0.391189 -2.057242 
17 16  -0.354207 -2.059164 
17 17  -0.317570 -2.060590 
17 18  -0.281266 -2.061530 
17 19  -0.245286 -2.061995 
17 20  -0.209619 -2.061996 
17 21  -0.174255 -2.061541 
17 22  -0.139186 -2.060640 
17 23  -0.104402 -2.059302 
17 24  -0.069896 -2.057533 
17 25  -0.035659 -2.055341 
17 26  -0.001683 -2.052732 
17 27  0.032038 -2.049714 
17 28  0.065511 -2.046291 
17 29  0.098743 -2.042470 
17 30  0.131741 -2.038256 
17 31  0.164511 -2.033652 
17 32  0.197059 -2.028664 
17 33  0.229390 -2.023295 
17 34  0.261509 -2.017549 
17 35  0.293423 -2.011429 
17 36  0.325136 -2.004939 
17 37  0.356653 -1.998080 
17 38  0.387978 -1.990856 
17 39  0.419117 -1.983268 
17 40  0.450073 -1.975318 
17 41  0.480851 -1.967008 
17 42  0.511455 -1.958339 
17 43  0.541888 -1.949311 
17 44  0.572154 -1.939927 
17 45  0.602258 -1.930185 
17 46  0.632202 -1.920087 
17 47  0.661990 -1.909633 
17 48  0.691626 -1.898821 
17 49  0.721111 -1.887652 
17 50  0.750450 -1.876125 
17 51  0.779645 -1.864239 
17 52  0.808700 -1.851992 
17 53  0.837616 -1.839383 
17 54  0.866397 -1.826410 
17 55  0.895044 -1.813071 
17 56  0.923562 -1.799364 
17 57  0.951951 -1.785286 
17 58  0.980215 -1.770835 
17 59  1.008355 -1.756006 
17 60  1.036373 -1.740798 
17 61  1.064272 -1.725206 
17 62  1.092054 -1.709225 
17 63  1.119720 -1.692853 
17 64  1.147273 -1.676084 
17 65  1.174714 -1.658913 
17 66  1.202044 -1.641335 
17 67  1.229266 -1.623344 
17 68  1.256381 -1.604935 
17 69  1.283390 -1.586101 
17 70  1.310295 -1.566834 
17 71  1.337096 -1.547129 
17 72  1.363797 -1.526977 
17 73  1.390396 -1.506370 
17 74  1.416896 -1.485300 
17 75  1.443298 -1.463758 
17 76  1.469602 -1.441734 
17 77  1.495809 -1.419217 
17 78  1.521921 -1.396198 
17 79  1.547937 -1.372664 
17 80  1.573859 -1.348605 
17 81  1.599687 -1.324006 
17 82  1.625420 -1.298855 
17 83  1.651061 -1.273138 
17 84  1.676608 -1.246838 
17 85  1.702062 -1.219941 
17 86  1.727423 -1.192430 
17 87  1.752691 -1.164285 
17 88  1.777866 -1.135490 
17 89  1.802946 -1.106022 
17 90  1.827932 -1.075860 
17 91  1.852823 -1.044982 
17 92  1.877618 -1.013363 
17 93  1.902316 -0.980978 
17 94  1.926916 -0.947797 
17 95  1.951416 -0.913793 
17 96  1.975814 -0.878932 
17 97  2.000110 -0.843182 
17 98  2.024299 -0.806505 
17 99  2.048381 -0.768862 
17 100  2.072352 -0.730213 
18 0  -1.003941 -1.989474 
18 1  -0.959525 -2.000800 
18 2  -0.915726 -2.011325 
18 3  -0.872517 -2.021079 
18 4  -0.829874 -2.030094 
18 5  -0.787773 -2.038395 
18 6  -0.746192 -2.046009 
18 7  -0.705110 -2.052960 
18 8  -0.664508 -2.059269 
18 9  -0.624367 -2.064958 
18 10  -0.584671 -2.070046 
18 11  -0.545403 -2.074550 
18 12  -0.506547 -2.078488 
18 13  -0.468090 -2.081876 
18 14  -0.430017 -2.084728 
18 15  -0.392315 -2.087058 
18 16  -0.354973 -2.088879 
18 17  -0.317977 -2.090204 
18 18  -0.281318 -2.091043 
18 19  -0.244985 -2.091408 
18 20  -0.208967 -2.091308 
18 21  -0.173254 -2.090753 
18 22  -0.137838 -2.089751 
18 23  -0.102710 -2.088311 
18 24  -0.067862 -2.086441 
18 25  -0.033284 -2.084147 
18 26  0.001029 -2.081437 
18 27  0.035087 -2.078316 
18 28  0.068895 -2.074791 
18 29  0.102460 -2.070866 
18 30  0.135790 -2.066548 
18 31  0.168889 -2.061839 
18 32  0.201765 -2.056745 
18 33  0.234422 -2.051270 
18 34  0.266867 -2.045417 
18 35  0.299105 -2.039190 
18 36  0.331140 -2.032591 
18 37  0.362978 -2.025623 
18 38  0.394624 -2.018288 
18 39  0.426081 -2.010589 
18 40  0.457355 -2.002527 
18 41  0.488450 -1.994103 
18 42  0.519369 -1.985320 
18 43  0.550117 -1.976178 
18 44  0.580698 -1.966677 
18 45  0.611114 -1.956818 
18 46  0.641371 -1.946601 
18 47  0.671470 -1.936027 
18 48  0.701417 -1.925095 
18 49  0.731213 -1.913804 
18 50  0.760861 -1.902153 
18 51  0.790366 -1.890142 
18 52  0.819729 -1.877770 
18 53  0.848954 -1.865034 
18 54  0.878043 -1.851933 
18 55  0.906999 -1.838464 
18 56  0.935824 -1.824626 
18 57  0.964520 -1.810416 
18 58  0.993091 -1.795831 
18 59  1.021539 -1.780868 
18 60  1.049865 -1.765523 
18 61  1.078072 -1.749793 
18 62  1.106161 -1.733673 
18 63  1.134135 -1.717160 
18 64  1.161996 -1.700249 
18 65  1.189745 -1.682934 
18 66  1.217384 -1.665211 
18 67  1.244915 -1.647073 
18 68  1.272340 -1.628515 
18 69  1.299659 -1.609531 
18 70  1.326875 -1.590113 
18 71  1.353988 -1.570255 
18 72  1.381001 -1.549948 
18 73  1.407914 -1.529185 
18 74  1.434728 -1.507957 
18 75  1.461445 -1.486256 
18 76  1.488066 -1.464070 
18 77  1.514591 -1.441391 
18 78  1.541022 -1.418207 
18 79  1.567358 -1.394508 
18 80  1.593602 -1.370280 
18 81  1.619753 -1.345513 
18 82  1.645812 -1.320191 
18 83  1.671779 -1.294301 
18 84  1.697655 -1.267828 
18 85  1.723440 -1.240756 
18 86  1.749135 -1.213067 
18 87  1.774738 -1.184745 
18 88  1.800250 -1.155769 
18 89  1.825671 -1.126121 
18 90  1.851000 -1.095777 
18 91  1.876237 -1.064717 
18 92  1.901381 -1.032914 
18 93  1.926431 -1.000343 
18 94  1.951387 -0.966978 
18 95  1.976246 -0.932787 
18 96  2.001008 -0.897741 
18 97  2.025671 -0.861804 
18 98  2.050232 -0.824942 
18 99  2.074691 -0.787114 
18 100  2.099043 -0.748280 
19 0  -1.010951 -2.021290 
19 1  -0.966123 -2.032488 
19 2  -0.921916 -2.042888 
19 3  -0.878303 -2.052522 
19 4  -0.835258 -2.061419 
19 5  -0.792759 -2.069605 
19 6  -0.750782 -2.077106 
19 7  -0.709308 -2.083946 
19 8  -0.668317 -2.090147 
19 9  -0.627791 -2.095728 
19 10  -0.587712 -2.100710 
19 11  -0.548064 -2.105110 
19 12  -0.508831 -2.108944 
19 13  -0.470000 -2.112228 
19 14  -0.431555 -2.114978 
19 15  -0.393485 -2.117206 
19 16  -0.355776 -2.118925 
19 17  -0.318418 -2.120149 
19 18  -0.281398 -2.120887 
19 19  -0.244706 -2.121150 
19 20  -0.208331 -2.120949 
19 21  -0.172265 -2.120293 
19 22  -0.136498 -2.119190 
19 23  -0.101020 -2.117648 
19 24  -0.065825 -2.115676 
19 25  -0.030902 -2.113280 
19 26  0.003755 -2.110467 
19 27  0.038153 -2.107243 
19 28  0.072301 -2.103613 
19 29  0.106204 -2.099584 
19 30  0.139869 -2.095160 
19 31  0.173303 -2.090346 
19 32  0.206511 -2.085146 
19 33  0.239500 -2.079563 
19 34  0.272275 -2.073602 
19 35  0.304840 -2.067266 
19 36  0.337203 -2.060557 
19 37  0.369366 -2.053478 
19 38  0.401336 -2.046032 
19 39  0.433117 -2.038220 
19 40  0.464713 -2.030044 
19 41  0.496128 -2.021506 
19 42  0.527367 -2.012607 
19 43  0.558435 -2.003348 
19 44  0.589333 -1.993729 
19 45  0.620067 -1.983752 
19 46  0.650640 -1.973415 
19 47  0.681056 -1.962719 
19 48  0.711317 -1.951665 
19 49  0.741427 -1.940250 
19 50  0.771390 -1.928475 
19 51  0.801208 -1.916338 
19 52  0.830884 -1.903838 
19 53  0.860421 -1.890973 
19 54  0.889823 -1.877742 
19 55  0.919090 -1.864142 
19 56  0.948227 -1.850172 
19 57  0.977236 -1.835827 
19 58  1.006118 -1.821107 
19 59  1.034877 -1.806007 
19 60  1.063514 -1.790523 
19 61  1.092033 -1.774653 
19 62  1.120434 -1.758393 
19 63  1.148720 -1.741737 
19 64  1.176892 -1.724681 
19 65  1.204954 -1.707220 
19 66  1.232906 -1.689350 
19 67  1.260750 -1.671063 
19 68  1.288489 -1.652355 
19 69  1.316123 -1.633218 
19 70  1.343653 -1.613647 
19 71  1.371083 -1.593633 
19 72  1.398412 -1.573169 
19 73  1.425642 -1.552247 
19 74  1.452775 -1.530859 
19 75  1.479812 -1.508994 
19 76  1.506753 -1.486645 
19 77  1.533600 -1.463800 
19 78  1.560354 -1.440449 
19 79  1.587015 -1.416581 
19 80  1.613584 -1.392183 
19 81  1.640063 -1.367243 
19 82  1.666451 -1.341747 
19 83  1.692750 -1.315682 
19 84  1.718959 -1.289031 
19 85  1.745079 -1.261780 
19 86  1.771111 -1.233911 
19 87  1.797054 -1.205407 
19 88  1.822908 -1.176248 
19 89  1.848673 -1.146415 
19 90  1.874350 -1.115885 
19 91  1.899937 -1.084637 
19 92  1.925435 -1.052646 
19 93  1.950842 -1.019886 
19 94  1.976157 -0.986331 
19 95  2.001381 -0.951949 
19 96  2.026510 -0.916711 
19 97  2.051545 -0.880583 
19 98  2.076483 -0.843529 
19 99  2.101322 -0.805510 
19 100  2.126061 -0.766485 
20 0  -1.018104 -2.053441 
20 1  -0.972858 -2.064512 
20 2  -0.928235 -2.074790 
20 3  -0.884210 -2.084304 
20 4  -0.840756 -2.093084 
20 5  -0.797852 -2.101156 
20 6  -0.755473 -2.108545 
20 7  -0.713600 -2.115275 
20 8  -0.672214 -2.121367 
20 9  -0.631295 -2.126841 
20 10  -0.590827 -2.131717 
20 11  -0.550792 -2.136011 
20 12  -0.511177 -2.139741 
20 13  -0.471965 -2.142923 
20 14  -0.433144 -2.145569 
20 15  -0.394699 -2.147695 
20 16  -0.356619 -2.149312 
20 17  -0.318891 -2.150434 
20 18  -0.281505 -2.151070 
20 19  -0.244449 -2.151232 
20 20  -0.207713 -2.150929 
20 21  -0.171288 -2.150170 
20 22  -0.135164 -2.148965 
20 23  -0.099332 -2.147321 
20 24  -0.063784 -2.145246 
20 25  -0.028511 -2.142746 
20 26  0.006494 -2.139829 
20 27  0.041238 -2.136501 
20 28  0.075730 -2.132766 
20 29  0.109976 -2.128632 
20 30  0.143982 -2.124101 
20 31  0.177754 -2.119180 
20 32  0.211300 -2.113872 
20 33  0.244624 -2.108181 
20 34  0.277733 -2.102111 
20 35  0.310632 -2.095664 
20 36  0.343325 -2.088844 
20 37  0.375819 -2.081653 
20 38  0.408117 -2.074094 
20 39  0.440226 -2.066168 
20 40  0.472148 -2.057877 
20 41  0.503889 -2.049223 
20 42  0.535452 -2.040207 
20 43  0.566843 -2.030830 
20 44  0.598064 -2.021092 
20 45  0.629119 -2.010994 
20 46  0.660013 -2.000536 
20 47  0.690748 -1.989717 
20 48  0.721329 -1.978539 
20 49  0.751758 -1.966999 
20 50  0.782039 -1.955097 
20 51  0.812174 -1.942832 
20 52  0.842168 -1.930203 
20 53  0.872022 -1.917208 
20 54  0.901739 -1.903845 
20 55  0.931323 -1.890112 
20 56  0.960776 -1.876007 
20 57  0.990100 -1.861527 
20 58  1.019298 -1.846669 
20 59  1.048373 -1.831430 
20 60  1.077326 -1.815806 
20 61  1.106159 -1.799795 
20 62  1.134876 -1.783390 
20 63  1.163478 -1.766589 
20 64  1.191967 -1.749387 
20 65  1.220345 -1.731779 
20 66  1.248615 -1.713758 
20 67  1.276776 -1.695320 
20 68  1.304833 -1.676459 
20 69  1.332785 -1.657168 
20 70  1.360635 -1.637440 
20 71  1.388384 -1.617268 
20 72  1.416034 -1.596645 
20 73  1.443586 -1.575562 
20 74  1.471042 -1.554010 
20 75  1.498402 -1.531981 
20 76  1.525668 -1.509465 
20 77  1.552841 -1.486452 
20 78  1.579922 -1.462931 
20 79  1.606912 -1.438890 
20 80  1.633812 -1.414319 
20 81  1.660623 -1.389203 
20 82  1.687345 -1.363530 
20 83  1.713979 -1.337286 
20 84  1.740526 -1.310455 
20 85  1.766985 -1.283021 
20 86  1.793359 -1.254968 
20 87  1.819646 -1.226278 
20 88  1.845846 -1.196932 
20 89  1.871961 -1.166910 
20 90  1.897989 -1.136190 
20 91  1.923932 -1.104750 
20 92  1.949787 -1.072566 
20 93  1.975555 -1.039612 
20 94  2.001236 -1.005861 
20 95  2.026827 -0.971284 
20 96  2.052330 -0.935849 
20 97  2.077741 -0.899524 
20 98  2.103060 -0.862272 
20 99  2.128285 -0.824055 
20 100  2.153414 -0.784833 
21 0  -1.025404 -2.085938 
21 1  -0.979731 -2.096884 
21 2  -0.934685 -2.107040 
21 3  -0.890240 -2.116435 
21 4  -0.846370 -2.125099 
21 5  -0.803053 -2.133057 
21 6  -0.760265 -2.140335 
21 7  -0.717987 -2.146955 
21 8  -0.676198 -2.152938 
21 9  -0.634881 -2.158305 
21 10  -0.594017 -2.163075 
21 11  -0.553590 -2.167264 
21 12  -0.513586 -2.170890 
21 13  -0.473988 -2.173968 
21 14  -0.434783 -2.176511 
21 15  -0.395958 -2.178534 
21 16  -0.357501 -2.180049 
21 17  -0.319398 -2.181068 
21 18  -0.281640 -2.181602 
21 19  -0.244215 -2.181661 
21 20  -0.207112 -2.181255 
21 21  -0.170323 -2.180394 
21 22  -0.133837 -2.179086 
21 23  -0.097645 -2.177338 
21 24  -0.061739 -2.175159 
21 25  -0.026111 -2.172555 
21 26  0.009247 -2.169533 
21 27  0.044342 -2.166099 
21 28  0.079183 -2.162259 
21 29  0.113776 -2.158017 
21 30  0.148128 -2.153379 
21 31  0.182244 -2.148350 
21 32  0.216132 -2.142933 
21 33  0.249796 -2.137132 
21 34  0.283244 -2.130951 
21 35  0.316480 -2.124393 
21 36  0.349509 -2.117461 
21 37  0.382338 -2.110156 
21 38  0.414969 -2.102483 
21 39  0.447410 -2.094441 
21 40  0.479663 -2.086034 
21 41  0.511733 -2.077263 
21 42  0.543626 -2.068128 
21 43  0.575344 -2.058631 
21 44  0.606892 -2.048772 
21 45  0.638273 -2.038552 
21 46  0.669492 -2.027971 
21 47  0.700552 -2.017028 
21 48  0.731456 -2.005724 
21 49  0.762208 -1.994057 
21 50  0.792811 -1.982027 
21 51  0.823268 -1.969633 
21 52  0.853583 -1.956873 
21 53  0.883758 -1.943746 
21 54  0.913796 -1.930249 
21 55  0.943700 -1.916381 
21 56  0.973473 -1.902140 
21 57  1.003117 -1.887522 
21 58  1.032635 -1.872524 
21 59  1.062030 -1.857145 
21 60  1.091302 -1.841379 
21 61  1.120456 -1.825223 
21 62  1.149493 -1.808673 
21 63  1.178415 -1.791725 
21 64  1.207225 -1.774374 
21 65  1.235924 -1.756616 
21 66  1.264514 -1.738443 
21 67  1.292997 -1.719852 
21 68  1.321376 -1.700835 
21 69  1.349651 -1.681387 
21 70  1.377824 -1.661501 
21 71  1.405898 -1.641168 
21 72  1.433873 -1.620383 
21 73  1.461751 -1.599135 
21 74  1.489534 -1.577418 
21 75  1.517222 -1.555222 
21 76  1.544817 -1.532536 
21 77  1.572321 -1.509352 
21 78  1.599734 -1.485657 
21 79  1.627057 -1.461442 
21 80  1.654292 -1.436694 
21 81  1.681439 -1.411399 
21 82  1.708499 -1.385546 
21 83  1.735473 -1.359119 
21 84  1.762362 -1.332104 
21 85  1.789166 -1.304484 
21 86  1.815885 -1.276244 
21 87  1.842521 -1.247364 
21 88  1.869072 -1.217827 
21 89  1.895541 -1.187612 
21 90  1.921926 -1.156698 
21 91  1.948228 -1.125062 
21 92  1.974446 -1.092680 
21 93  2.000580 -1.059528 
21 94  2.026630 -1.025577 
21 95  2.052595 -0.990798 
21 96  2.078474 -0.955161 
21 97  2.104267 -0.918632 
21 98  2.129972 -0.881177 
21 99  2.155587 -0.842757 
21 100  2.181112 -0.803331 
22 0  -1.032853 -2.118792 
22 1  -0.986745 -2.129614 
22 2  -0.941268 -2.139649 
22 3  -0.896395 -2.148926 
22 4  -0.852102 -2.157475 
22 5  -0.808365 -2.165320 
22 6  -0.765161 -2.172486 
22 7  -0.722470 -2.178996 
22 8  -0.680273 -2.184871 
22 9  -0.638550 -2.190131 
22 10  -0.597284 -2.194795 
22 11  -0.556458 -2.198879 
22 12  -0.516058 -2.202400 
22 13  -0.476068 -2.205373 
22 14  -0.436474 -2.207813 
22 15  -0.397263 -2.209732 
22 16  -0.358422 -2.211144 
22 17  -0.319939 -2.212060 
22 18  -0.281803 -2.212490 
22 19  -0.244003 -2.212446 
22 20  -0.206528 -2.211937 
22 21  -0.169369 -2.210972 
22 22  -0.132515 -2.209560 
22 23  -0.095959 -2.207708 
22 24  -0.059691 -2.205424 
22 25  -0.023702 -2.202714 
22 26  0.012014 -2.199587 
22 27  0.047466 -2.196046 
22 28  0.082661 -2.192098 
22 29  0.117606 -2.187749 
22 30  0.152308 -2.183003 
22 31  0.186773 -2.177864 
22 32  0.221007 -2.172337 
22 33  0.255017 -2.166425 
22 34  0.288809 -2.160132 
22 35  0.322387 -2.153461 
22 36  0.355757 -2.146414 
22 37  0.388924 -2.138995 
22 38  0.421894 -2.131206 
22 39  0.454671 -2.123048 
22 40  0.487259 -2.114523 
22 41  0.519664 -2.105633 
22 42  0.551890 -2.096378 
22 43  0.583940 -2.086759 
22 44  0.615819 -2.076778 
22 45  0.647531 -2.066435 
22 46  0.679079 -2.055728 
22 47  0.710468 -2.044660 
22 48  0.741700 -2.033228 
22 49  0.772779 -2.021433 
22 50  0.803709 -2.009273 
22 51  0.834493 -1.996747 
22 52  0.865133 -1.983855 
22 53  0.895634 -1.970593 
22 54  0.925997 -1.956961 
22 55  0.956226 -1.942957 
22 56  0.986323 -1.928577 
22 57  1.016291 -1.913819 
22 58  1.046133 -1.898680 
22 59  1.075852 -1.883158 
22 60  1.105449 -1.867247 
22 61  1.134927 -1.850946 
22 62  1.164288 -1.834248 
22 63  1.193535 -1.817151 
22 64  1.222669 -1.799650 
22 65  1.251693 -1.781738 
22 66  1.280609 -1.763412 
22 67  1.309418 -1.744664 
22 68  1.338123 -1.725490 
22 69  1.366726 -1.705883 
22 70  1.395227 -1.685835 
22 71  1.423629 -1.665340 
22 72  1.451934 -1.644389 
22 73  1.480142 -1.622975 
22 74  1.508256 -1.601090 
22 75  1.536277 -1.578723 
22 76  1.564206 -1.555865 
22 77  1.592045 -1.532506 
22 78  1.619794 -1.508636 
22 79  1.647455 -1.484243 
22 80  1.675029 -1.459315 
22 81  1.702517 -1.433838 
22 82  1.729920 -1.407801 
22 83  1.757239 -1.381189 
22 84  1.784474 -1.353986 
22 85  1.811627 -1.326177 
22 86  1.838697 -1.297745 
22 87  1.865686 -1.268672 
22 88  1.892594 -1.238939 
22 89  1.919421 -1.208527 
22 90  1.946167 -1.177414 
22 91  1.972833 -1.145578 
22 92  1.999419 -1.112994 
22 93  2.025924 -1.079638 
22 94  2.052348 -1.045482 
22 95  2.078691 -1.010497 
22 96  2.104953 -0.974653 
22 97  2.131132 -0.937916 
22 98  2.157228 -0.900251 
22 99  2.183239 -0.861621 
22 100  2.209164 -0.821985 
23 0  -1.040454 -2.152014 
23 1  -0.993902 -2.162713 
23 2  -0.947986 -2.172628 
23 3  -0.902678 -2.181788 
23 4  -0.857954 -2.190221 
23 5  -0.813789 -2.197953 
23 6  -0.770162 -2.205008 
23 7  -0.727052 -2.211409 
23 8  -0.684438 -2.217176 
23 9  -0.642303 -2.222328 
23 10  -0.600628 -2.226886 
23 11  -0.559397 -2.230864 
23 12  -0.518595 -2.234280 
23 13  -0.478206 -2.237149 
23 14  -0.438217 -2.239484 
23 15  -0.398614 -2.241300 
23 16  -0.359384 -2.242608 
23 17  -0.320515 -2.243419 
23 18  -0.281995 -2.243746 
23 19  -0.243814 -2.243598 
23 20  -0.205962 -2.242984 
23 21  -0.168427 -2.241915 
23 22  -0.131201 -2.240397 
23 23  -0.094274 -2.238440 
23 24  -0.057637 -2.236050 
23 25  -0.021283 -2.233234 
23 26  0.014797 -2.229999 
23 27  0.050610 -2.226350 
23 28  0.086164 -2.222294 
23 29  0.121467 -2.217836 
23 30  0.156524 -2.212980 
23 31  0.191343 -2.207730 
23 32  0.225929 -2.202091 
23 33  0.260289 -2.196067 
23 34  0.294429 -2.189661 
23 35  0.328353 -2.182876 
23 36  0.362069 -2.175714 
23 37  0.395580 -2.168179 
23 38  0.428893 -2.160272 
23 39  0.462011 -2.151996 
23 40  0.494940 -2.143351 
23 41  0.527684 -2.134340 
23 42  0.560247 -2.124964 
23 43  0.592634 -2.115223 
23 44  0.624849 -2.105117 
23 45  0.656895 -2.094648 
23 46  0.688778 -2.083816 
23 47  0.720499 -2.072619 
23 48  0.752064 -2.061059 
23 49  0.783475 -2.049133 
23 50  0.814737 -2.036841 
23 51  0.845851 -2.024183 
23 52  0.876822 -2.011156 
23 53  0.907652 -1.997758 
23 54  0.938344 -1.983989 
23 55  0.968902 -1.969846 
23 56  0.999328 -1.955326 
23 57  1.029626 -1.940426 
23 58  1.059796 -1.925144 
23 59  1.089843 -1.909476 
23 60  1.119769 -1.893420 
23 61  1.149575 -1.876970 
23 62  1.179265 -1.860123 
23 63  1.208841 -1.842875 
23 64  1.238305 -1.825220 
23 65  1.267658 -1.807154 
23 66  1.296904 -1.788671 
23 67  1.326044 -1.769765 
23 68  1.355080 -1.750431 
23 69  1.384014 -1.730662 
23 70  1.412848 -1.710450 
23 71  1.441583 -1.689789 
23 72  1.470222 -1.668671 
23 73  1.498765 -1.647088 
23 74  1.527215 -1.625031 
23 75  1.555573 -1.602491 
23 76  1.583841 -1.579458 
23 77  1.612019 -1.555923 
23 78  1.640109 -1.531873 
23 79  1.668112 -1.507299 
23 80  1.696030 -1.482188 
23 81  1.723864 -1.456526 
23 82  1.751614 -1.430302 
23 83  1.779283 -1.403500 
23 84  1.806869 -1.376106 
23 85  1.834375 -1.348104 
23 86  1.861802 -1.319477 
23 87  1.889149 -1.290207 
23 88  1.916417 -1.260275 
23 89  1.943608 -1.229662 
23 90  1.970721 -1.198346 
23 91  1.997756 -1.166305 
23 92  2.024714 -1.133515 
23 93  2.051595 -1.099950 
23 94  2.078399 -1.065584 
23 95  2.105126 -1.030387 
23 96  2.131774 -0.994330 
23 97  2.158345 -0.957379 
23 98  2.184837 -0.919499 
23 99  2.211249 -0.880653 
23 100  2.237580 -0.840801 
24 0  -1.048209 -2.185616 
24 1  -1.001205 -2.196193 
24 2  -0.954842 -2.205988 
24 3  -0.909091 -2.215032 
24 4  -0.863928 -2.223350 
24 5  -0.819328 -2.230969 
24 6  -0.775270 -2.237913 
24 7  -0.731733 -2.244204 
24 8  -0.688696 -2.249862 
24 9  -0.646142 -2.254908 
24 10  -0.604052 -2.259358 
24 11  -0.562409 -2.263230 
24 12  -0.521198 -2.266541 
24 13  -0.480405 -2.269305 
24 14  -0.440014 -2.271535 
24 15  -0.400012 -2.273246 
24 16  -0.360386 -2.274449 
24 17  -0.321125 -2.275156 
24 18  -0.282216 -2.275378 
24 19  -0.243649 -2.275124 
24 20  -0.205412 -2.274406 
24 21  -0.167496 -2.273230 
24 22  -0.129892 -2.271607 
24 23  -0.092589 -2.269542 
24 24  -0.055579 -2.267045 
24 25  -0.018854 -2.264122 
24 26  0.017595 -2.260779 
24 27  0.053775 -2.257021 
24 28  0.089694 -2.252856 
24 29  0.125359 -2.248287 
24 30  0.160776 -2.243319 
24 31  0.195954 -2.237958 
24 32  0.230897 -2.232206 
24 33  0.265612 -2.226068 
24 34  0.300105 -2.219547 
24 35  0.334382 -2.212646 
24 36  0.368448 -2.205368 
24 37  0.402308 -2.197715 
24 38  0.435968 -2.189689 
24 39  0.469432 -2.181293 
24 40  0.502706 -2.172527 
24 41  0.535793 -2.163394 
24 42  0.568699 -2.153895 
24 43  0.601428 -2.144029 
24 44  0.633983 -2.133798 
24 45  0.666369 -2.123202 
24 46  0.698590 -2.112241 
24 47  0.730650 -2.100915 
24 48  0.762552 -2.089224 
24 49  0.794299 -2.077166 
24 50  0.825896 -2.064741 
24 51  0.857346 -2.051947 
24 52  0.888651 -2.038784 
24 53  0.919816 -2.025249 
24 54  0.950842 -2.011341 
24 55  0.981734 -1.997056 
24 56  1.012494 -1.982394 
24 57  1.043124 -1.967350 
24 58  1.073628 -1.951923 
24 59  1.104008 -1.936109 
24 60  1.134266 -1.919903 
24 61  1.164406 -1.903303 
24 62  1.194429 -1.886304 
24 63  1.224339 -1.868902 
24 64  1.254136 -1.851092 
24 65  1.283824 -1.832869 
24 66  1.313404 -1.814227 
24 67  1.342879 -1.795161 
24 68  1.372251 -1.775664 
24 69  1.401522 -1.755731 
24 70  1.430692 -1.735353 
24 71  1.459766 -1.714524 
24 72  1.488743 -1.693236 
24 73  1.517626 -1.671481 
24 74  1.546417 -1.649250 
24 75  1.575116 -1.626534 
24 76  1.603727 -1.603323 
24 77  1.632249 -1.579607 
24 78  1.660685 -1.555376 
24 79  1.689036 -1.530617 
24 80  1.717302 -1.505320 
24 81  1.745487 -1.479470 
24 82  1.773589 -1.453055 
24 83  1.801612 -1.426061 
24 84  1.829555 -1.398472 
24 85  1.857419 -1.370273 
24 86  1.885206 -1.341447 
24 87  1.912917 -1.311976 
24 88  1.940551 -1.281841 
24 89  1.968110 -1.251023 
24 90  1.995595 -1.219499 
24 91  2.023005 -1.187249 
24 92  2.050340 -1.154248 
24 93  2.077603 -1.120470 
24 94  2.104791 -1.085889 
24 95  2.131906 -1.050476 
24 96  2.158948 -1.014200 
24 97  2.185915 -0.977029 
24 98  2.212808 -0.938928 
24 99  2.239626 -0.899860 
24 100  2.266369 -0.859785 
25 0  -1.056121 -2.219608 
25 1  -1.008657 -2.230064 
25 2  -0.961838 -2.239741 
25 3  -0.915636 -2.248668 
25 4  -0.870026 -2.256872 
25 5  -0.824984 -2.264379 
25 6  -0.780488 -2.271211 
25 7  -0.736516 -2.277392 
25 8  -0.693049 -2.282942 
25 9  -0.650069 -2.287879 
25 10  -0.607556 -2.292222 
25 11  -0.565495 -2.295988 
25 12  -0.523869 -2.299193 
25 13  -0.482664 -2.301850 
25 14  -0.441864 -2.303975 
25 15  -0.401458 -2.305580 
25 16  -0.361431 -2.306678 
25 17  -0.321771 -2.307279 
25 18  -0.282466 -2.307395 
25 19  -0.243507 -2.307036 
25 20  -0.204880 -2.306211 
25 21  -0.166578 -2.304929 
25 22  -0.128589 -2.303198 
25 23  -0.090905 -2.301026 
25 24  -0.053516 -2.298420 
25 25  -0.016414 -2.295388 
25 26  0.020409 -2.291935 
25 27  0.056962 -2.288068 
25 28  0.093250 -2.283791 
25 29  0.129283 -2.279110 
25 30  0.165067 -2.274030 
25 31  0.200608 -2.268555 
25 32  0.235913 -2.262689 
25 33  0.270988 -2.256436 
25 34  0.305840 -2.249799 
25 35  0.340474 -2.242781 
25 36  0.374895 -2.235384 
25 37  0.409109 -2.227612 
25 38  0.443121 -2.219466 
25 39  0.476937 -2.210948 
25 40  0.510560 -2.202060 
25 41  0.543996 -2.192803 
25 42  0.577249 -2.183179 
25 43  0.610324 -2.173187 
25 44  0.643225 -2.162829 
25 45  0.675955 -2.152104 
25 46  0.708520 -2.141013 
25 47  0.740922 -2.129556 
25 48  0.773165 -2.117732 
25 49  0.805254 -2.105540 
25 50  0.837192 -2.092980 
25 51  0.868981 -2.080049 
25 52  0.900626 -2.066748 
25 53  0.932130 -2.053073 
25 54  0.963495 -2.039023 
25 55  0.994725 -2.024596 
25 56  1.025823 -2.009789 
25 57  1.056791 -1.994600 
25 58  1.087632 -1.979025 
25 59  1.118350 -1.963062 
25 60  1.148946 -1.946706 
25 61  1.179424 -1.929953 
25 62  1.209785 -1.912800 
25 63  1.240033 -1.895242 
25 64  1.270169 -1.877275 
25 65  1.300195 -1.858892 
25 66  1.330115 -1.840089 
25 67  1.359930 -1.820859 
25 68  1.389642 -1.801198 
25 69  1.419253 -1.781097 
25 70  1.448766 -1.760551 
25 71  1.478182 -1.739551 
25 72  1.507502 -1.718090 
25 73  1.536730 -1.696160 
25 74  1.565866 -1.673753 
25 75  1.594912 -1.650858 
25 76  1.623870 -1.627466 
25 77  1.652742 -1.603567 
25 78  1.681528 -1.579151 
25 79  1.710231 -1.554205 
25 80  1.738852 -1.528718 
25 81  1.767392 -1.502677 
25 82  1.795852 -1.476068 
25 83  1.824233 -1.448878 
25 84  1.852538 -1.421090 
25 85  1.880766 -1.392691 
25 86  1.908919 -1.363662 
25 87  1.936998 -1.333986 
25 88  1.965003 -1.303644 
25 89  1.992936 -1.272616 
25 90  2.020797 -1.240881 
25 91  2.048587 -1.208417 
25 92  2.076306 -1.175199 
25 93  2.103955 -1.141204 
25 94  2.131534 -1.106403 
25 95  2.159043 -1.070768 
25 96  2.186482 -1.034269 
25 97  2.213852 -0.996872 
25 98  2.241152 -0.958545 
25 99  2.268382 -0.919248 
25 100  2.295542 -0.878943 
26 0  -1.064194 -2.254004 
26 1  -1.016261 -2.264339 
26 2  -0.968977 -2.273897 
26 3  -0.922316 -2.282708 
26 4  -0.876251 -2.290798 
26 5  -0.830759 -2.298192 
26 6  -0.785817 -2.304913 
26 7  -0.741403 -2.310984 
26 8  -0.697499 -2.316424 
26 9  -0.654085 -2.321253 
26 10  -0.611142 -2.325489 
26 11  -0.568655 -2.329148 
26 12  -0.526608 -2.332245 
26 13  -0.484984 -2.334796 
26 14  -0.443770 -2.336815 
26 15  -0.402952 -2.338314 
26 16  -0.362517 -2.339305 
26 17  -0.322452 -2.339799 
26 18  -0.282747 -2.339809 
26 19  -0.243388 -2.339342 
26 20  -0.204366 -2.338410 
26 21  -0.165671 -2.337019 
26 22  -0.127292 -2.335180 
26 23  -0.089220 -2.332900 
26 24  -0.051447 -2.330185 
26 25  -0.013962 -2.327042 
26 26  0.023241 -2.323478 
26 27  0.060171 -2.319499 
26 28  0.096835 -2.315110 
26 29  0.133241 -2.310316 
26 30  0.169396 -2.305122 
26 31  0.205306 -2.299533 
26 32  0.240978 -2.293551 
26 33  0.276419 -2.287181 
26 34  0.311635 -2.280426 
26 35  0.346630 -2.273289 
26 36  0.381412 -2.265772 
26 37  0.415985 -2.257879 
26 38  0.450355 -2.249611 
26 39  0.484526 -2.240971 
26 40  0.518504 -2.231958 
26 41  0.552294 -2.222576 
26 42  0.585899 -2.212825 
26 43  0.619325 -2.202705 
26 44  0.652576 -2.192218 
26 45  0.685656 -2.181363 
26 46  0.718569 -2.170140 
26 47  0.751318 -2.158550 
26 48  0.783909 -2.146591 
26 49  0.816343 -2.134263 
26 50  0.848626 -2.121566 
26 51  0.880760 -2.108496 
26 52  0.912750 -2.095055 
26 53  0.944597 -2.081238 
26 54  0.976306 -2.067045 
26 55  1.007879 -2.052474 
26 56  1.039319 -2.037520 
26 57  1.070630 -2.022183 
26 58  1.101814 -2.006459 
26 59  1.132874 -1.990344 
26 60  1.163813 -1.973835 
26 61  1.194633 -1.956928 
26 62  1.225337 -1.939618 
26 63  1.255928 -1.921902 
26 64  1.286407 -1.903774 
26 65  1.316777 -1.885230 
26 66  1.347041 -1.866263 
26 67  1.377200 -1.846868 
26 68  1.407258 -1.827039 
26 69  1.437215 -1.806769 
26 70  1.467074 -1.786051 
26 71  1.496837 -1.764878 
26 72  1.526506 -1.743242 
26 73  1.556083 -1.721134 
26 74  1.585569 -1.698547 
26 75  1.614967 -1.675470 
26 76  1.644278 -1.651895 
26 77  1.673504 -1.627810 
26 78  1.702646 -1.603205 
26 79  1.731706 -1.578069 
26 80  1.760686 -1.552389 
26 81  1.789586 -1.526153 
26 82  1.818409 -1.499347 
26 83  1.847155 -1.471957 
26 84  1.875826 -1.443967 
26 85  1.904423 -1.415364 
26 86  1.932947 -1.386128 
26 87  1.961400 -1.356243 
26 88  1.989782 -1.325690 
26 89  2.018094 -1.294448 
26 90  2.046337 -1.262497 
26 91  2.074512 -1.229815 
26 92  2.102619 -1.196377 
26 93  2.130660 -1.162159 
26 94  2.158635 -1.127133 
26 95  2.186544 -1.091271 
26 96  2.214387 -1.054542 
26 97  2.242165 -1.016915 
26 98  2.269878 -0.978355 
26 99  2.297526 -0.938824 
26 100  2.325108 -0.898283 
27 0  -1.072430 -2.288814 
27 1  -1.024019 -2.299029 
27 2  -0.976263 -2.308469 
27 3  -0.929134 -2.317164 
27 4  -0.882606 -2.325140 
27 5  -0.836655 -2.332421 
27 6  -0.791259 -2.339031 
27 7  -0.746396 -2.344991 
27 8  -0.702047 -2.350322 
27 9  -0.658191 -2.355042 
27 10  -0.614812 -2.359169 
27 11  -0.571893 -2.362720 
27 12  -0.529416 -2.365710 
27 13  -0.487367 -2.368154 
27 14  -0.445732 -2.370065 
27 15  -0.404496 -2.371456 
27 16  -0.363646 -2.372340 
27 17  -0.323171 -2.372727 
27 18  -0.283057 -2.372628 
27 19  -0.243294 -2.372054 
27 20  -0.203870 -2.371012 
27 21  -0.164776 -2.369513 
27 22  -0.126001 -2.367564 
27 23  -0.087536 -2.365173 
27 24  -0.049371 -2.362348 
27 25  -0.011499 -2.359094 
27 26  0.026090 -2.355418 
27 27  0.063403 -2.351326 
27 28  0.100448 -2.346823 
27 29  0.137233 -2.341914 
27 30  0.173764 -2.336605 
27 31  0.210049 -2.330899 
27 32  0.246094 -2.324799 
27 33  0.281906 -2.318311 
27 34  0.317491 -2.311437 
27 35  0.352854 -2.304179 
27 36  0.388001 -2.296542 
27 37  0.422938 -2.288526 
27 38  0.457670 -2.280135 
27 39  0.492203 -2.271369 
27 40  0.526541 -2.262231 
27 41  0.560689 -2.252721 
27 42  0.594652 -2.242842 
27 43  0.628434 -2.232592 
27 44  0.662040 -2.221974 
27 45  0.695474 -2.210987 
27 46  0.728740 -2.199630 
27 47  0.761842 -2.187905 
27 48  0.794784 -2.175810 
27 49  0.827570 -2.163344 
27 50  0.860203 -2.150507 
27 51  0.892687 -2.137298 
27 52  0.925025 -2.123714 
27 53  0.957221 -2.109754 
27 54  0.989278 -2.095415 
27 55  1.021199 -2.080697 
27 56  1.052987 -2.065595 
27 57  1.084646 -2.050108 
27 58  1.116177 -2.034232 
27 59  1.147585 -2.017963 
27 60  1.178871 -2.001299 
27 61  1.210039 -1.984235 
27 62  1.241090 -1.966767 
27 63  1.272028 -1.948890 
27 64  1.302856 -1.930600 
27 65  1.333575 -1.911891 
27 66  1.364187 -1.892758 
27 67  1.394696 -1.873195 
27 68  1.425104 -1.853196 
27 69  1.455412 -1.832754 
27 70  1.485622 -1.811862 
27 71  1.515738 -1.790512 
27 72  1.545760 -1.768698 
27 73  1.575692 -1.746410 
27 74  1.605533 -1.723640 
27 75  1.635288 -1.700379 
27 76  1.664957 -1.676616 
27 77  1.694542 -1.652342 
27 78  1.724045 -1.627546 
27 79  1.753467 -1.602216 
27 80  1.782811 -1.576340 
27 81  1.812077 -1.549905 
27 82  1.841268 -1.522898 
27 83  1.870384 -1.495305 
27 84  1.899427 -1.467111 
27 85  1.928398 -1.438299 
27 86  1.957299 -1.408852 
27 87  1.986131 -1.378754 
27 88  2.014894 -1.347986 
27 89  2.043591 -1.316526 
27 90  2.072222 -1.284355 
27 91  2.100788 -1.251450 
27 92  2.129290 -1.217787 
27 93  2.157729 -1.183341 
27 94  2.186105 -1.148085 
27 95  2.214420 -1.111991 
27 96  2.242673 -1.075028 
27 97  2.270865 -1.037164 
27 98  2.298997 -0.998365 
27 99  2.327068 -0.958594 
27 100  2.355080 -0.917811 
28 0  -1.080833 -2.324052 
28 1  -1.031935 -2.334147 
28 2  -0.983698 -2.343469 
28 3  -0.936092 -2.352048 
28 4  -0.889092 -2.359909 
28 5  -0.842675 -2.367077 
28 6  -0.796817 -2.373575 
28 7  -0.751497 -2.379424 
28 8  -0.706695 -2.384645 
28 9  -0.662391 -2.389256 
28 10  -0.618568 -2.393274 
28 11  -0.575208 -2.396716 
28 12  -0.532296 -2.399598 
28 13  -0.489815 -2.401933 
28 14  -0.447751 -2.403736 
28 15  -0.406090 -2.405019 
28 16  -0.364820 -2.405794 
28 17  -0.323926 -2.406072 
28 18  -0.283398 -2.405865 
28 19  -0.243223 -2.405180 
28 20  -0.203392 -2.404029 
28 21  -0.163892 -2.402420 
28 22  -0.124715 -2.400360 
28 23  -0.085851 -2.397858 
28 24  -0.047290 -2.394920 
28 25  -0.009024 -2.391553 
28 26  0.028957 -2.387763 
28 27  0.066659 -2.383557 
28 28  0.104091 -2.378939 
28 29  0.141260 -2.373914 
28 30  0.178174 -2.368488 
28 31  0.214839 -2.362663 
28 32  0.251262 -2.356445 
28 33  0.287451 -2.349837 
28 34  0.323409 -2.342842 
28 35  0.359145 -2.335462 
28 36  0.394663 -2.327702 
28 37  0.429970 -2.319562 
28 38  0.465070 -2.311045 
28 39  0.499969 -2.302153 
28 40  0.534673 -2.292887 
28 41  0.569184 -2.283248 
28 42  0.603510 -2.273239 
28 43  0.637654 -2.262858 
28 44  0.671620 -2.252106 
28 45  0.705413 -2.240985 
28 46  0.739038 -2.229493 
28 47  0.772497 -2.217631 
28 48  0.805796 -2.205398 
28 49  0.838937 -2.192792 
28 50  0.871926 -2.179814 
28 51  0.904764 -2.166462 
28 52  0.937457 -2.152733 
28 53  0.970006 -2.138627 
28 54  1.002417 -2.124142 
28 55  1.034690 -2.109274 
28 56  1.066831 -2.094022 
28 57  1.098842 -2.078382 
28 58  1.130726 -2.062352 
28 59  1.162486 -2.045928 
28 60  1.194125 -2.029106 
28 61  1.225645 -2.011883 
28 62  1.257049 -1.994253 
28 63  1.288340 -1.976214 
28 64  1.319521 -1.957759 
28 65  1.350593 -1.938883 
28 66  1.381560 -1.919582 
28 67  1.412423 -1.899848 
28 68  1.443186 -1.879676 
28 69  1.473850 -1.859059 
28 70  1.504417 -1.837990 
28 71  1.534890 -1.816462 
28 72  1.565271 -1.794467 
28 73  1.595562 -1.771995 
28 74  1.625765 -1.749040 
28 75  1.655881 -1.725591 
28 76  1.685913 -1.701638 
28 77  1.715863 -1.677172 
28 78  1.745732 -1.652181 
28 79  1.775522 -1.626654 
28 80  1.805235 -1.600579 
28 81  1.834873 -1.573942 
28 82  1.864436 -1.546731 
28 83  1.893927 -1.518931 
28 84  1.923348 -1.490527 
28 85  1.952699 -1.461503 
28 86  1.981982 -1.431843 
28 87  2.011199 -1.401528 
28 88  2.040350 -1.370539 
28 89  2.069438 -1.338858 
28 90  2.098462 -1.306462 
28 91  2.127425 -1.273329 
28 92  2.156327 -1.239436 
28 93  2.185170 -1.204758 
28 94  2.213954 -1.169267 
28 95  2.242680 -1.132935 
28 96  2.271349 -1.095732 
28 97  2.299962 -1.057626 
28 98  2.328518 -1.018583 
28 99  2.357020 -0.978565 
28 100  2.385467 -0.937533 
29 0  -1.089406 -2.359730 
29 1  -1.040013 -2.369705 
29 2  -0.991284 -2.378909 
29 3  -0.943193 -2.387372 
29 4  -0.895714 -2.395118 
29 5  -0.848821 -2.402173 
29 6  -0.802493 -2.408559 
29 7  -0.756708 -2.414296 
29 8  -0.711445 -2.419406 
29 9  -0.666685 -2.423906 
29 10  -0.622411 -2.427815 
29 11  -0.578603 -2.431147 
29 12  -0.535248 -2.433920 
29 13  -0.492327 -2.436146 
29 14  -0.449828 -2.437839 
29 15  -0.407736 -2.439013 
29 16  -0.366037 -2.439678 
29 17  -0.324719 -2.439847 
29 18  -0.283770 -2.439529 
29 19  -0.243178 -2.438734 
29 20  -0.202932 -2.437471 
29 21  -0.163021 -2.435750 
29 22  -0.123435 -2.433578 
29 23  -0.084166 -2.430963 
29 24  -0.045202 -2.427911 
29 25  -0.006535 -2.424430 
29 26  0.031842 -2.420525 
29 27  0.069940 -2.416203 
29 28  0.107764 -2.411468 
29 29  0.145324 -2.406326 
29 30  0.182626 -2.400781 
29 31  0.219677 -2.394837 
29 32  0.256484 -2.388498 
29 33  0.293054 -2.381768 
29 34  0.329393 -2.374650 
29 35  0.365507 -2.367147 
29 36  0.401402 -2.359262 
29 37  0.437083 -2.350996 
29 38  0.472557 -2.342352 
29 39  0.507828 -2.333332 
29 40  0.542901 -2.323936 
29 41  0.577782 -2.314167 
29 42  0.612476 -2.304025 
29 43  0.646986 -2.293511 
29 44  0.681318 -2.282625 
29 45  0.715476 -2.271367 
29 46  0.749464 -2.259738 
29 47  0.783286 -2.247737 
29 48  0.816946 -2.235363 
29 49  0.850449 -2.222616 
29 50  0.883798 -2.209495 
29 51  0.916996 -2.195997 
29 52  0.950048 -2.182123 
29 53  0.982956 -2.167869 
29 54  1.015725 -2.153233 
29 55  1.048357 -2.138215 
29 56  1.080856 -2.122810 
29 57  1.113224 -2.107015 
29 58  1.145466 -2.090829 
29 59  1.177583 -2.074247 
29 60  1.209579 -2.057265 
29 61  1.241457 -2.039880 
29 62  1.273219 -2.022087 
29 63  1.304868 -2.003882 
29 64  1.336407 -1.985260 
29 65  1.367838 -1.966215 
29 66  1.399164 -1.946742 
29 67  1.430387 -1.926835 
29 68  1.461510 -1.906488 
29 69  1.492535 -1.885693 
29 70  1.523465 -1.864445 
29 71  1.554301 -1.842735 
29 72  1.585045 -1.820556 
29 73  1.615701 -1.797898 
29 74  1.646269 -1.774754 
29 75  1.676753 -1.751115 
29 76  1.707154 -1.726969 
29 77  1.737473 -1.702307 
29 78  1.767714 -1.677118 
29 79  1.797877 -1.651391 
29 80  1.827965 -1.625113 
29 81  1.857980 -1.598271 
29 82  1.887922 -1.570852 
29 83  1.917794 -1.542841 
29 84  1.947598 -1.514224 
29 85  1.977335 -1.484985 
29 86  2.007006 -1.455106 
29 87  2.036613 -1.424569 
29 88  2.066158 -1.393357 
29 89  2.095642 -1.361449 
29 90  2.125066 -1.328824 
29 91  2.154432 -1.295460 
29 92  2.183740 -1.261332 
29 93  2.212993 -1.226416 
29 94  2.242191 -1.190685 
29 95  2.271335 -1.154110 
29 96  2.300426 -1.116662 
29 97  2.329465 -1.078308 
29 98  2.358454 -1.039014 
29 99  2.387392 -0.998743 
29 100  2.416280 -0.957456 
30 0  -1.098153 -2.395862 
30 1  -1.048254 -2.405716 
30 2  -0.999026 -2.414802 
30 3  -0.950441 -2.423148 
30 4  -0.902473 -2.430780 
30 5  -0.855097 -2.437720 
30 6  -0.808290 -2.443993 
30 7  -0.762032 -2.449619 
30 8  -0.716300 -2.454617 
30 9  -0.671076 -2.459006 
30 10  -0.626342 -2.462804 
30 11  -0.582080 -2.466026 
30 12  -0.538273 -2.468688 
30 13  -0.494907 -2.470803 
30 14  -0.451965 -2.472386 
30 15  -0.409434 -2.473449 
30 16  -0.367300 -2.474004 
30 17  -0.325551 -2.474061 
30 18  -0.284174 -2.473631 
30 19  -0.243158 -2.472725 
30 20  -0.202490 -2.471350 
30 21  -0.162162 -2.469515 
30 22  -0.122161 -2.467229 
30 23  -0.082479 -2.464500 
30 24  -0.043107 -2.461333 
30 25  -0.004034 -2.457736 
30 26  0.034748 -2.453714 
30 27  0.073246 -2.449274 
30 28  0.111469 -2.444421 
30 29  0.149425 -2.439160 
30 30  0.187120 -2.433494 
30 31  0.224563 -2.427429 
30 32  0.261760 -2.420968 
30 33  0.298718 -2.414115 
30 34  0.335443 -2.406873 
30 35  0.371940 -2.399244 
30 36  0.408218 -2.391232 
30 37  0.444279 -2.382839 
30 38  0.480132 -2.374066 
30 39  0.515780 -2.364915 
30 40  0.551230 -2.355388 
30 41  0.586485 -2.345486 
30 42  0.621552 -2.335210 
30 43  0.656434 -2.324561 
30 44  0.691137 -2.313538 
30 45  0.725665 -2.302143 
30 46  0.760022 -2.290374 
30 47  0.794212 -2.278232 
30 48  0.828240 -2.265716 
30 49  0.862109 -2.252825 
30 50  0.895823 -2.239558 
30 51  0.929387 -2.225914 
30 52  0.962803 -2.211891 
30 53  0.996075 -2.197487 
30 54  1.029208 -2.182700 
30 55  1.062203 -2.167527 
30 56  1.095065 -2.151967 
30 57  1.127796 -2.136016 
30 58  1.160401 -2.119671 
30 59  1.192881 -2.102928 
30 60  1.225239 -2.085784 
30 61  1.257480 -2.068235 
30 62  1.289605 -2.050277 
30 63  1.321617 -2.031904 
30 64  1.353520 -2.013111 
30 65  1.385315 -1.993895 
30 66  1.417006 -1.974248 
30 67  1.448594 -1.954165 
30 68  1.480083 -1.933639 
30 69  1.511474 -1.912665 
30 70  1.542771 -1.891234 
30 71  1.573975 -1.869340 
30 72  1.605089 -1.846973 
30 73  1.636115 -1.824127 
30 74  1.667055 -1.800791 
30 75  1.697911 -1.776958 
30 76  1.728686 -1.752616 
30 77  1.759381 -1.727755 
30 78  1.789999 -1.702365 
30 79  1.820541 -1.676434 
30 80  1.851010 -1.649950 
30 81  1.881407 -1.622899 
30 82  1.911734 -1.595268 
30 83  1.941993 -1.567044 
30 84  1.972186 -1.538210 
30 85  2.002314 -1.508750 
30 86  2.032379 -1.478649 
30 87  2.062383 -1.447888 
30 88  2.092327 -1.416447 
30 89  2.122214 -1.384308 
30 90  2.152044 -1.351450 
30 91  2.181818 -1.317848 
30 92  2.211539 -1.283481 
30 93  2.241208 -1.248323 
30 94  2.270826 -1.212347 
30 95  2.300395 -1.175524 
30 96  2.329914 -1.137825 
30 97  2.359387 -1.099217 
30 98  2.388814 -1.059666 
30 99  2.418195 -1.019136 
30 100  2.447533 -0.977587 
31 0  -1.107078 -2.432459 
31 1  -1.056664 -2.442193 
31 2  -1.006927 -2.451161 
31 3  -0.957838 -2.459391 
31 4  -0.909372 -2.466906 
31 5  -0.861504 -2.473733 
31 6  -0.814211 -2.479892 
31 7  -0.767470 -2.485404 
31 8  -0.721262 -2.490290 
31 9  -0.675566 -2.494567 
31 10  -0.630365 -2.498253 
31 11  -0.585640 -2.501364 
31 12  -0.541375 -2.503914 
31 13  -0.497554 -2.505918 
31 14  -0.454162 -2.507389 
31 15  -0.411185 -2.508340 
31 16  -0.368609 -2.508783 
31 17  -0.326422 -2.508727 
31 18  -0.284610 -2.508185 
31 19  -0.243162 -2.507164 
31 20  -0.202067 -2.505675 
31 21  -0.161314 -2.503726 
31 22  -0.120892 -2.501325 
31 23  -0.080792 -2.498479 
31 24  -0.041004 -2.495196 
31 25  -0.001519 -2.491481 
31 26  0.037673 -2.487342 
31 27  0.076578 -2.482783 
31 28  0.115206 -2.477809 
31 29  0.153564 -2.472427 
31 30  0.191660 -2.466639 
31 31  0.229501 -2.460451 
31 32  0.267093 -2.453866 
31 33  0.304444 -2.446888 
31 34  0.341560 -2.439520 
31 35  0.378448 -2.431764 
31 36  0.415113 -2.423623 
31 37  0.451561 -2.415100 
31 38  0.487798 -2.406196 
31 39  0.523829 -2.396914 
31 40  0.559660 -2.387254 
31 41  0.595296 -2.377217 
31 42  0.630742 -2.366805 
31 43  0.666002 -2.356018 
31 44  0.701081 -2.344857 
31 45  0.735984 -2.333321 
31 46  0.770715 -2.321411 
31 47  0.805279 -2.309126 
31 48  0.839679 -2.296466 
31 49  0.873920 -2.283429 
31 50  0.908006 -2.270014 
31 51  0.941940 -2.256221 
31 52  0.975726 -2.242047 
31 53  1.009368 -2.227491 
31 54  1.042869 -2.212550 
31 55  1.076233 -2.197222 
31 56  1.109463 -2.181504 
31 57  1.142563 -2.165394 
31 58  1.175535 -2.148888 
31 59  1.208383 -2.131982 
31 60  1.241110 -2.114674 
31 61  1.273719 -2.096958 
31 62  1.306213 -2.078831 
31 63  1.338594 -2.060287 
31 64  1.370865 -2.041322 
31 65  1.403030 -2.021931 
31 66  1.435091 -2.002108 
31 67  1.467050 -1.981846 
31 68  1.498909 -1.961140 
31 69  1.530673 -1.939982 
31 70  1.562342 -1.918366 
31 71  1.593920 -1.896284 
31 72  1.625409 -1.873728 
31 73  1.656811 -1.850690 
31 74  1.688128 -1.827160 
31 75  1.719363 -1.803129 
31 76  1.750517 -1.778587 
31 77  1.781594 -1.753525 
31 78  1.812595 -1.727930 
31 79  1.843522 -1.701792 
31 80  1.874377 -1.675098 
31 81  1.905162 -1.647835 
31 82  1.935880 -1.619989 
31 83  1.966531 -1.591546 
31 84  1.997119 -1.562491 
31 85  2.027645 -1.532808 
31 86  2.058110 -1.502481 
31 87  2.088517 -1.471490 
31 88  2.118867 -1.439817 
31 89  2.149162 -1.407443 
31 90  2.179404 -1.374346 
31 91  2.209594 -1.340503 
31 92  2.239734 -1.305892 
31 93  2.269826 -1.270486 
31 94  2.299871 -1.234259 
31 95  2.329870 -1.197183 
31 96  2.359826 -1.159227 
31 97  2.389738 -1.120360 
31 98  2.419610 -1.080547 
31 99  2.449442 -1.039751 
31 100  2.479235 -0.997934 
32 0  -1.116184 -2.469537 
32 1  -1.065246 -2.479151 
32 2  -1.014990 -2.488000 
32 3  -0.965388 -2.496112 
32 4  -0.916415 -2.503511 
32 5  -0.868046 -2.510222 
32 6  -0.820257 -2.516267 
32 7  -0.773026 -2.521665 
32 8  -0.726332 -2.526438 
32 9  -0.680156 -2.530602 
32 10  -0.634480 -2.534175 
32 11  -0.589284 -2.537173 
32 12  -0.544553 -2.539610 
32 13  -0.500270 -2.541502 
32 14  -0.456421 -2.542860 
32 15  -0.412991 -2.543698 
32 16  -0.369966 -2.544026 
32 17  -0.327333 -2.543857 
32 18  -0.285079 -2.543200 
32 19  -0.243193 -2.542065 
32 20  -0.201663 -2.540460 
32 21  -0.160479 -2.538395 
32 22  -0.119629 -2.535877 
32 23  -0.079104 -2.532914 
32 24  -0.038894 -2.529512 
32 25  0.001011 -2.525678 
32 26  0.040618 -2.521418 
32 27  0.079937 -2.516738 
32 28  0.118976 -2.511643 
32 29  0.157743 -2.506138 
32 30  0.196245 -2.500227 
32 31  0.234489 -2.493914 
32 32  0.272484 -2.487203 
32 33  0.310234 -2.480098 
32 34  0.347748 -2.472602 
32 35  0.385031 -2.464717 
32 36  0.422090 -2.456446 
32 37  0.458930 -2.447791 
32 38  0.495558 -2.438754 
32 39  0.531978 -2.429338 
32 40  0.568196 -2.419542 
32 41  0.604218 -2.409369 
32 42  0.640048 -2.398819 
32 43  0.675691 -2.387893 
32 44  0.711152 -2.376591 
32 45  0.746436 -2.364913 
32 46  0.781547 -2.352859 
32 47  0.816490 -2.340429 
32 48  0.851269 -2.327622 
32 49  0.885887 -2.314437 
32 50  0.920349 -2.300873 
32 51  0.954659 -2.286928 
32 52  0.988821 -2.272601 
32 53  1.022838 -2.257890 
32 54  1.056713 -2.242793 
32 55  1.090452 -2.227307 
32 56  1.124056 -2.211429 
32 57  1.157529 -2.195158 
32 58  1.190875 -2.178488 
32 59  1.224097 -2.161417 
32 60  1.257198 -2.143942 
32 61  1.290180 -2.126057 
32 62  1.323048 -2.107758 
32 63  1.355803 -2.089042 
32 64  1.388449 -2.069902 
32 65  1.420989 -2.050334 
32 66  1.453425 -2.030331 
32 67  1.485760 -2.009888 
32 68  1.517997 -1.988998 
32 69  1.550138 -1.967655 
32 70  1.582186 -1.945850 
32 71  1.614143 -1.923578 
32 72  1.646012 -1.900829 
32 73  1.677796 -1.877595 
32 74  1.709496 -1.853867 
32 75  1.741115 -1.829636 
32 76  1.772655 -1.804892 
32 77  1.804119 -1.779624 
32 78  1.835509 -1.753822 
32 79  1.866826 -1.727473 
32 80  1.898074 -1.700565 
32 81  1.929253 -1.673086 
32 82  1.960368 -1.645021 
32 83  1.991418 -1.616357 
32 84  2.022407 -1.587077 
32 85  2.053337 -1.557167 
32 86  2.084208 -1.526608 
32 87  2.115024 -1.495384 
32 88  2.145787 -1.463475 
32 89  2.176497 -1.430860 
32 90  2.207158 -1.397520 
32 91  2.237770 -1.363432 
32 92  2.268336 -1.328571 
32 93  2.298857 -1.292912 
32 94  2.329336 -1.256430 
32 95  2.359773 -1.219095 
32 96  2.390171 -1.180877 
32 97  2.420531 -1.141744 
32 98  2.450855 -1.101662 
32 99  2.481144 -1.060595 
32 100  2.511400 -1.018503 
33 0  -1.125476 -2.507109 
33 1  -1.074003 -2.516602 
33 2  -1.023218 -2.525332 
33 3  -0.973095 -2.533326 
33 4  -0.923605 -2.540608 
33 5  -0.874726 -2.547203 
33 6  -0.826432 -2.553132 
33 7  -0.778702 -2.558416 
33 8  -0.731514 -2.563074 
33 9  -0.684850 -2.567124 
33 10  -0.638689 -2.570583 
33 11  -0.593015 -2.573466 
33 12  -0.547810 -2.575790 
33 13  -0.503058 -2.577567 
33 14  -0.458743 -2.578811 
33 15  -0.414852 -2.579534 
33 16  -0.371370 -2.579748 
33 17  -0.328284 -2.579463 
33 18  -0.285582 -2.578690 
33 19  -0.243250 -2.577438 
33 20  -0.201279 -2.575716 
33 21  -0.159656 -2.573533 
33 22  -0.118371 -2.570896 
33 23  -0.077414 -2.567814 
33 24  -0.036775 -2.564292 
33 25  0.003555 -2.560337 
33 26  0.043586 -2.555956 
33 27  0.083325 -2.551153 
33 28  0.122781 -2.545935 
33 29  0.161963 -2.540305 
33 30  0.200877 -2.534268 
33 31  0.239532 -2.527828 
33 32  0.277934 -2.520990 
33 33  0.316090 -2.513756 
33 34  0.354008 -2.506130 
33 35  0.391692 -2.498114 
33 36  0.429151 -2.489710 
33 37  0.466389 -2.480922 
33 38  0.503413 -2.471751 
33 39  0.540228 -2.462198 
33 40  0.576839 -2.452265 
33 41  0.613252 -2.441953 
33 42  0.649473 -2.431263 
33 43  0.685505 -2.420196 
33 44  0.721354 -2.408751 
33 45  0.757025 -2.396929 
33 46  0.792522 -2.384729 
33 47  0.827849 -2.372152 
33 48  0.863012 -2.359196 
33 49  0.898013 -2.345860 
33 50  0.932858 -2.332144 
33 51  0.967549 -2.318046 
33 52  1.002092 -2.303564 
33 53  1.036489 -2.288696 
33 54  1.070745 -2.273440 
33 55  1.104864 -2.257793 
33 56  1.138847 -2.241754 
33 57  1.172700 -2.225318 
33 58  1.206425 -2.208482 
33 59  1.240026 -2.191244 
33 60  1.273506 -2.173598 
33 61  1.306868 -2.155542 
33 62  1.340115 -2.137070 
33 63  1.373251 -2.118177 
33 64  1.406277 -2.098860 
33 65  1.439198 -2.079112 
33 66  1.472015 -2.058927 
33 67  1.504732 -2.038299 
33 68  1.537351 -2.017223 
33 69  1.569876 -1.995691 
33 70  1.602308 -1.973695 
33 71  1.634651 -1.951229 
33 72  1.666906 -1.928284 
33 73  1.699077 -1.904852 
33 74  1.731166 -1.880924 
33 75  1.763175 -1.856489 
33 76  1.795107 -1.831539 
33 77  1.826964 -1.806062 
33 78  1.858749 -1.780049 
33 79  1.890463 -1.753485 
33 80  1.922109 -1.726361 
33 81  1.953690 -1.698662 
33 82  1.985207 -1.670374 
33 83  2.016663 -1.641484 
33 84  2.048059 -1.611976 
33 85  2.079399 -1.581834 
33 86  2.110684 -1.551040 
33 87  2.141915 -1.519578 
33 88  2.173097 -1.487427 
33 89  2.204229 -1.454569 
33 90  2.235315 -1.420981 
33 91  2.266356 -1.386641 
33 92  2.297354 -1.351526 
33 93  2.328312 -1.315610 
33 94  2.359231 -1.278867 
33 95  2.390114 -1.241267 
33 96  2.420961 -1.202781 
33 97  2.451776 -1.163377 
33 98  2.482559 -1.123021 
33 99  2.513314 -1.081676 
33 100  2.544041 -1.039302 
34 0  -1.134958 -2.545190 
34 1  -1.082939 -2.554561 
34 2  -1.031616 -2.563171 
34 3  -0.980961 -2.571046 
34 4  -0.930946 -2.578211 
34 5  -0.881546 -2.584688 
34 6  -0.832739 -2.590501 
34 7  -0.784500 -2.595669 
34 8  -0.736810 -2.600211 
34 9  -0.689649 -2.604146 
34 10  -0.642996 -2.607489 
34 11  -0.596834 -2.610258 
34 12  -0.551147 -2.612466 
34 13  -0.505917 -2.614127 
34 14  -0.461130 -2.615255 
34 15  -0.416770 -2.615862 
34 16  -0.372823 -2.615959 
34 17  -0.329277 -2.615557 
34 18  -0.286118 -2.614666 
34 19  -0.243334 -2.613296 
34 20  -0.200914 -2.611455 
34 21  -0.158845 -2.609153 
34 22  -0.117118 -2.606396 
34 23  -0.075723 -2.603192 
34 24  -0.034648 -2.599549 
34 25  0.006115 -2.595471 
34 26  0.046575 -2.590966 
34 27  0.086741 -2.586039 
34 28  0.126621 -2.580695 
34 29  0.166224 -2.574939 
34 30  0.205557 -2.568774 
34 31  0.244629 -2.562206 
34 32  0.283445 -2.555238 
34 33  0.322013 -2.547874 
34 34  0.360341 -2.540115 
34 35  0.398433 -2.531966 
34 36  0.436298 -2.523428 
34 37  0.473940 -2.514505 
34 38  0.511366 -2.505196 
34 39  0.548582 -2.495506 
34 40  0.585592 -2.485433 
34 41  0.622403 -2.474981 
34 42  0.659020 -2.464148 
34 43  0.695447 -2.452937 
34 44  0.731691 -2.441347 
34 45  0.767754 -2.429379 
34 46  0.803642 -2.417031 
34 47  0.839360 -2.404304 
34 48  0.874912 -2.391197 
34 49  0.910303 -2.377709 
34 50  0.945535 -2.363838 
34 51  0.980614 -2.349584 
34 52  1.015544 -2.334944 
34 53  1.050328 -2.319917 
34 54  1.084970 -2.304500 
34 55  1.119474 -2.288691 
34 56  1.153843 -2.272486 
34 57  1.188081 -2.255884 
34 58  1.222191 -2.238880 
34 59  1.256177 -2.221471 
34 60  1.290042 -2.203653 
34 61  1.323789 -2.185422 
34 62  1.357422 -2.166774 
34 63  1.390943 -2.147703 
34 64  1.424356 -2.128205 
34 65  1.457663 -2.108274 
34 66  1.490867 -2.087904 
34 67  1.523972 -2.067090 
34 68  1.556980 -2.045824 
34 69  1.589894 -2.024100 
34 70  1.622717 -2.001911 
34 71  1.655451 -1.979248 
34 72  1.688099 -1.956104 
34 73  1.720663 -1.932470 
34 74  1.753147 -1.908337 
34 75  1.785552 -1.883696 
34 76  1.817882 -1.858537 
34 77  1.850139 -1.832848 
34 78  1.882324 -1.806619 
34 79  1.914442 -1.779838 
34 80  1.946493 -1.752493 
34 81  1.978481 -1.724570 
34 82  2.010407 -1.696056 
34 83  2.042274 -1.666936 
34 84  2.074085 -1.637195 
34 85  2.105841 -1.606817 
34 86  2.137546 -1.575785 
34 87  2.169200 -1.544080 
34 88  2.200807 -1.511684 
34 89  2.232368 -1.478577 
34 90  2.263886 -1.444736 
34 91  2.295363 -1.410141 
34 92  2.326801 -1.374766 
34 93  2.358203 -1.338587 
34 94  2.389570 -1.301577 
34 95  2.420905 -1.263708 
34 96  2.452210 -1.224949 
34 97  2.483486 -1.185267 
34 98  2.514737 -1.144630 
34 99  2.545964 -1.103000 
34 100  2.577169 -1.060339 
35 0  -1.144634 -2.583794 
35 1  -1.092060 -2.593044 
35 2  -1.040188 -2.601533 
35 3  -0.988990 -2.609288 
35 4  -0.938440 -2.616334 
35 5  -0.888511 -2.622693 
35 6  -0.839180 -2.628388 
35 7  -0.790425 -2.633439 
35 8  -0.742223 -2.637864 
35 9  -0.694555 -2.641681 
35 10  -0.647402 -2.644908 
35 11  -0.600744 -2.647560 
35 12  -0.554566 -2.649651 
35 13  -0.508851 -2.651195 
35 14  -0.463582 -2.652206 
35 15  -0.418746 -2.652695 
35 16  -0.374327 -2.652673 
35 17  -0.330312 -2.652152 
35 18  -0.286689 -2.651142 
35 19  -0.243445 -2.649652 
35 20  -0.200568 -2.647691 
35 21  -0.158047 -2.645267 
35 22  -0.115871 -2.642388 
35 23  -0.074029 -2.639062 
35 24  -0.032512 -2.635294 
35 25  0.008690 -2.631092 
35 26  0.049586 -2.626462 
35 27  0.090186 -2.621408 
35 28  0.130497 -2.615937 
35 29  0.170528 -2.610052 
35 30  0.210287 -2.603758 
35 31  0.249782 -2.597060 
35 32  0.289019 -2.589960 
35 33  0.328005 -2.582462 
35 34  0.366749 -2.574570 
35 35  0.405256 -2.566286 
35 36  0.443533 -2.557612 
35 37  0.481586 -2.548550 
35 38  0.519420 -2.539103 
35 39  0.557043 -2.529272 
35 40  0.594459 -2.519058 
35 41  0.631674 -2.508462 
35 42  0.668693 -2.497486 
35 43  0.705521 -2.486129 
35 44  0.742164 -2.474391 
35 45  0.778626 -2.462274 
35 46  0.814912 -2.449776 
35 47  0.851027 -2.436897 
35 48  0.886975 -2.423637 
35 49  0.922760 -2.409994 
35 50  0.958387 -2.395967 
35 51  0.993859 -2.381554 
35 52  1.029182 -2.366754 
35 53  1.064358 -2.351565 
35 54  1.099392 -2.335984 
35 55  1.134287 -2.320010 
35 56  1.169047 -2.303638 
35 57  1.203677 -2.286866 
35 58  1.238178 -2.269692 
35 59  1.272555 -2.252110 
35 60  1.306811 -2.234117 
35 61  1.340949 -2.215709 
35 62  1.374973 -2.196882 
35 63  1.408886 -2.177630 
35 64  1.442691 -2.157948 
35 65  1.476391 -2.137832 
35 66  1.509989 -2.117274 
35 67  1.543487 -2.096270 
35 68  1.576890 -2.074811 
35 69  1.610199 -2.052892 
35 70  1.643418 -2.030506 
35 71  1.676550 -2.007643 
35 72  1.709596 -1.984297 
35 73  1.742561 -1.960458 
35 74  1.775446 -1.936118 
35 75  1.808254 -1.911267 
35 76  1.840988 -1.885895 
35 77  1.873650 -1.859990 
35 78  1.906243 -1.833543 
35 79  1.938770 -1.806540 
35 80  1.971233 -1.778971 
35 81  2.003634 -1.750820 
35 82  2.035977 -1.722076 
35 83  2.068262 -1.692723 
35 84  2.100494 -1.662745 
35 85  2.132674 -1.632127 
35 86  2.164805 -1.600851 
35 87  2.196889 -1.568899 
35 88  2.228928 -1.536253 
35 89  2.260925 -1.502892 
35 90  2.292883 -1.468795 
35 91  2.324803 -1.433938 
35 92  2.356688 -1.398299 
35 93  2.388541 -1.361852 
35 94  2.420364 -1.324570 
35 95  2.452158 -1.286425 
35 96  2.483928 -1.247387 
35 97  2.515674 -1.207422 
35 98  2.547400 -1.166498 
35 99  2.579108 -1.124577 
35 100  2.610800 -1.081621 
36 0  -1.154509 -2.622938 
36 1  -1.101368 -2.632064 
36 2  -1.048937 -2.640432 
36 3  -0.997187 -2.648066 
36 4  -0.946091 -2.654991 
36 5  -0.895623 -2.661231 
36 6  -0.845760 -2.666807 
36 7  -0.796477 -2.671739 
36 8  -0.747755 -2.676046 
36 9  -0.699572 -2.679746 
36 10  -0.651909 -2.682854 
36 11  -0.604747 -2.685387 
36 12  -0.558070 -2.687360 
36 13  -0.511860 -2.688785 
36 14  -0.466102 -2.689676 
36 15  -0.420780 -2.690046 
36 16  -0.375881 -2.689904 
36 17  -0.331391 -2.689263 
36 18  -0.287296 -2.688132 
36 19  -0.243584 -2.686520 
36 20  -0.200243 -2.684436 
36 21  -0.157262 -2.681889 
36 22  -0.114629 -2.678886 
36 23  -0.072334 -2.675435 
36 24  -0.030367 -2.671542 
36 25  0.011282 -2.667213 
36 26  0.052622 -2.662455 
36 27  0.093662 -2.657273 
36 28  0.134411 -2.651672 
36 29  0.174877 -2.645657 
36 30  0.215068 -2.639232 
36 31  0.254992 -2.632400 
36 32  0.294657 -2.625167 
36 33  0.334069 -2.617535 
36 34  0.373235 -2.609506 
36 35  0.412163 -2.601084 
36 36  0.450859 -2.592272 
36 37  0.489328 -2.583070 
36 38  0.527578 -2.573482 
36 39  0.565614 -2.563509 
36 40  0.603442 -2.553151 
36 41  0.641067 -2.542410 
36 42  0.678494 -2.531287 
36 43  0.715730 -2.519782 
36 44  0.752779 -2.507895 
36 45  0.789646 -2.495626 
36 46  0.826336 -2.482976 
36 47  0.862853 -2.469943 
36 48  0.899203 -2.456527 
36 49  0.935389 -2.442726 
36 50  0.971416 -2.428540 
36 51  1.007288 -2.413966 
36 52  1.043009 -2.399004 
36 53  1.078584 -2.383651 
36 54  1.114016 -2.367904 
36 55  1.149309 -2.351761 
36 56  1.184467 -2.335220 
36 57  1.219493 -2.318276 
36 58  1.254391 -2.300928 
36 59  1.289166 -2.283170 
36 60  1.323819 -2.265000 
36 61  1.358354 -2.246412 
36 62  1.392776 -2.227403 
36 63  1.427087 -2.207967 
36 64  1.461290 -2.188099 
36 65  1.495388 -2.167794 
36 66  1.529386 -2.147046 
36 67  1.563284 -2.125848 
36 68  1.597088 -2.104195 
36 69  1.630799 -2.082078 
36 70  1.664421 -2.059491 
36 71  1.697956 -2.036425 
36 72  1.731407 -2.012874 
36 73  1.764778 -1.988827 
36 74  1.798071 -1.964276 
36 75  1.831288 -1.939211 
36 76  1.864433 -1.913622 
36 77  1.897507 -1.887498 
36 78  1.930515 -1.860829 
36 79  1.963458 -1.833601 
36 80  1.996339 -1.805803 
36 81  2.029161 -1.777422 
36 82  2.061926 -1.748443 
36 83  2.094637 -1.718852 
36 84  2.127297 -1.688633 
36 85  2.159907 -1.657771 
36 86  2.192471 -1.626247 
36 87  2.224992 -1.594044 
36 88  2.257471 -1.561143 
36 89  2.289911 -1.527524 
36 90  2.322316 -1.493164 
36 91  2.354687 -1.458042 
36 92  2.387027 -1.422134 
36 93  2.419338 -1.385413 
36 94  2.451624 -1.347854 
36 95  2.483887 -1.309427 
36 96  2.516129 -1.270103 
36 97  2.548353 -1.229850 
36 98  2.580563 -1.188632 
36 99  2.612759 -1.146413 
36 100  2.644946 -1.103155 
37 0  -1.164588 -2.662636 
37 1  -1.110870 -2.671639 
37 2  -1.057868 -2.679883 
37 3  -1.005556 -2.687395 
37 4  -0.953903 -2.694199 
37 5  -0.902886 -2.700319 
37 6  -0.852480 -2.705774 
37 7  -0.802661 -2.710586 
37 8  -0.753409 -2.714773 
37 9  -0.704701 -2.718353 
37 10  -0.656519 -2.721341 
37 11  -0.608844 -2.723754 
37 12  -0.561659 -2.725606 
37 13  -0.514946 -2.726911 
37 14  -0.468690 -2.727682 
37 15  -0.422876 -2.727930 
37 16  -0.377488 -2.727666 
37 17  -0.332514 -2.726903 
37 18  -0.287939 -2.725648 
37 19  -0.243751 -2.723913 
37 20  -0.199938 -2.721705 
37 21  -0.156489 -2.719032 
37 22  -0.113392 -2.715904 
37 23  -0.070637 -2.712325 
37 24  -0.028212 -2.708305 
37 25  0.013890 -2.703847 
37 26  0.055681 -2.698960 
37 27  0.097169 -2.693647 
37 28  0.138363 -2.687915 
37 29  0.179271 -2.681767 
37 30  0.219901 -2.675208 
37 31  0.260262 -2.668242 
37 32  0.300361 -2.660872 
37 33  0.340205 -2.653103 
37 34  0.379801 -2.644936 
37 35  0.419156 -2.636375 
37 36  0.458277 -2.627422 
37 37  0.497170 -2.618078 
37 38  0.535842 -2.608346 
37 39  0.574297 -2.598228 
37 40  0.612543 -2.587724 
37 41  0.650585 -2.576836 
37 42  0.688428 -2.565563 
37 43  0.726077 -2.553908 
37 44  0.763539 -2.541869 
37 45  0.800817 -2.529447 
37 46  0.837917 -2.516642 
37 47  0.874843 -2.503452 
37 48  0.911601 -2.489878 
37 49  0.948194 -2.475917 
37 50  0.984628 -2.461569 
37 51  1.020906 -2.446833 
37 52  1.057032 -2.431705 
37 53  1.093011 -2.416185 
37 54  1.128848 -2.400269 
37 55  1.164544 -2.383956 
37 56  1.200106 -2.367242 
37 57  1.235536 -2.350125 
37 58  1.270837 -2.332600 
37 59  1.306015 -2.314664 
37 60  1.341072 -2.296313 
37 61  1.376011 -2.277543 
37 62  1.410836 -2.258349 
37 63  1.445551 -2.238726 
37 64  1.480159 -2.218669 
37 65  1.514663 -2.198172 
37 66  1.549066 -2.177230 
37 67  1.583371 -2.155837 
37 68  1.617582 -2.133984 
37 69  1.651701 -2.111666 
37 70  1.685732 -2.088876 
37 71  1.719677 -2.065604 
37 72  1.753540 -2.041844 
37 73  1.787324 -2.017585 
37 74  1.821031 -1.992820 
37 75  1.854664 -1.967538 
37 76  1.888226 -1.941729 
37 77  1.921720 -1.915383 
37 78  1.955148 -1.888487 
37 79  1.988514 -1.861031 
37 80  2.021821 -1.833001 
37 81  2.055070 -1.804384 
37 82  2.088265 -1.775167 
37 83  2.121408 -1.745334 
37 84  2.154503 -1.714870 
37 85  2.187551 -1.683759 
37 86  2.220556 -1.651983 
37 87  2.253521 -1.619524 
37 88  2.286447 -1.586364 
37 89  2.319339 -1.552481 
37 90  2.352197 -1.517855 
37 91  2.385027 -1.482462 
37 92  2.417829 -1.446278 
37 93  2.450607 -1.409279 
37 94  2.483364 -1.371437 
37 95  2.516103 -1.332723 
37 96  2.548826 -1.293108 
37 97  2.581537 -1.252558 
37 98  2.614238 -1.211040 
37 99  2.646932 -1.168518 
37 100  2.679623 -1.124952 
38 0  -1.174875 -2.702905 
38 1  -1.120568 -2.711783 
38 2  -1.066986 -2.719903 
38 3  -1.014099 -2.727292 
38 4  -0.961881 -2.733973 
38 5  -0.910304 -2.739970 
38 6  -0.859345 -2.745304 
38 7  -0.808980 -2.749994 
38 8  -0.759187 -2.754060 
38 9  -0.709946 -2.757518 
38 10  -0.661236 -2.760384 
38 11  -0.613039 -2.762676 
38 12  -0.565336 -2.764406 
38 13  -0.518112 -2.765588 
38 14  -0.471349 -2.766236 
38 15  -0.425033 -2.766360 
38 16  -0.379149 -2.765973 
38 17  -0.333681 -2.765085 
38 18  -0.288619 -2.763706 
38 19  -0.243947 -2.761844 
38 20  -0.199655 -2.759510 
38 21  -0.155730 -2.756710 
38 22  -0.112160 -2.753454 
38 23  -0.068937 -2.749746 
38 24  -0.026048 -2.745596 
38 25  0.016517 -2.741008 
38 26  0.058766 -2.735989 
38 27  0.100709 -2.730544 
38 28  0.142354 -2.724677 
38 29  0.183712 -2.718395 
38 30  0.224789 -2.711700 
38 31  0.265593 -2.704597 
38 32  0.306133 -2.697089 
38 33  0.346416 -2.689180 
38 34  0.386449 -2.680873 
38 35  0.426238 -2.672170 
38 36  0.465791 -2.663073 
38 37  0.505115 -2.653586 
38 38  0.544214 -2.643708 
38 39  0.583097 -2.633443 
38 40  0.621767 -2.622790 
38 41  0.660232 -2.611752 
38 42  0.698497 -2.600328 
38 43  0.736567 -2.588520 
38 44  0.774447 -2.576327 
38 45  0.812143 -2.563749 
38 46  0.849659 -2.550786 
38 47  0.887001 -2.537437 
38 48  0.924173 -2.523702 
38 49  0.961180 -2.509579 
38 50  0.998027 -2.495067 
38 51  1.034717 -2.480165 
38 52  1.071255 -2.464869 
38 53  1.107645 -2.449180 
38 54  1.143892 -2.433093 
38 55  1.179999 -2.416606 
38 56  1.215971 -2.399717 
38 57  1.251810 -2.382422 
38 58  1.287522 -2.364718 
38 59  1.323109 -2.346601 
38 60  1.358576 -2.328067 
38 61  1.393925 -2.309111 
38 62  1.429161 -2.289730 
38 63  1.464286 -2.269917 
38 64  1.499305 -2.249668 
38 65  1.534221 -2.228977 
38 66  1.569036 -2.207838 
38 67  1.603754 -2.186245 
38 68  1.638379 -2.164191 
38 69  1.672913 -2.141669 
38 70  1.707360 -2.118671 
38 71  1.741722 -2.095190 
38 72  1.776004 -2.071218 
38 73  1.810207 -2.046744 
38 74  1.844334 -2.021761 
38 75  1.878390 -1.996259 
38 76  1.912376 -1.970226 
38 77  1.946296 -1.943653 
38 78  1.980153 -1.916528 
38 79  2.013949 -1.888839 
38 80  2.047688 -1.860573 
38 81  2.081372 -1.831717 
38 82  2.115004 -1.802257 
38 83  2.148587 -1.772178 
38 84  2.182124 -1.741464 
38 85  2.215617 -1.710100 
38 86  2.249071 -1.678068 
38 87  2.282487 -1.645349 
38 88  2.315868 -1.611924 
38 89  2.349218 -1.577773 
38 90  2.382539 -1.542874 
38 91  2.415835 -1.507205 
38 92  2.449108 -1.470742 
38 93  2.482361 -1.433458 
38 94  2.515598 -1.395327 
38 95  2.548821 -1.356321 
38 96  2.582033 -1.316408 
38 97  2.615239 -1.275557 
38 98  2.648440 -1.233733 
38 99  2.681641 -1.190899 
38 100  2.714844 -1.147018 
39 0  -1.185376 -2.743763 
39 1  -1.130469 -2.752514 
39 2  -1.076294 -2.760508 
39 3  -1.022823 -2.767772 
39 4  -0.970027 -2.774330 
39 5  -0.917880 -2.780203 
39 6  -0.866358 -2.785413 
39 7  -0.815437 -2.789980 
39 8  -0.765094 -2.793922 
39 9  -0.715309 -2.797256 
39 10  -0.666061 -2.800000 
39 11  -0.617332 -2.802167 
39 12  -0.569104 -2.803773 
39 13  -0.521359 -2.804831 
39 14  -0.474080 -2.805354 
39 15  -0.427254 -2.805353 
39 16  -0.380863 -2.804840 
39 17  -0.334895 -2.803826 
39 18  -0.289336 -2.802319 
39 19  -0.244172 -2.800330 
39 20  -0.199392 -2.797867 
39 21  -0.154983 -2.794938 
39 22  -0.110934 -2.791551 
39 23  -0.067234 -2.787713 
39 24  -0.023872 -2.783430 
39 25  0.019161 -2.778709 
39 26  0.061876 -2.773556 
39 27  0.104281 -2.767976 
39 28  0.146387 -2.761974 
39 29  0.188200 -2.755554 
39 30  0.229731 -2.748721 
39 31  0.270987 -2.741479 
39 32  0.311975 -2.733831 
39 33  0.352704 -2.725780 
39 34  0.393180 -2.717330 
39 35  0.433411 -2.708483 
39 36  0.473404 -2.699241 
39 37  0.513164 -2.689606 
39 38  0.552699 -2.679581 
39 39  0.592014 -2.669166 
39 40  0.631117 -2.658362 
39 41  0.670012 -2.647172 
39 42  0.708705 -2.635594 
39 43  0.747202 -2.623630 
39 44  0.785507 -2.611280 
39 45  0.823628 -2.598544 
39 46  0.861567 -2.585421 
39 47  0.899332 -2.571911 
39 48  0.936925 -2.558012 
39 49  0.974352 -2.543724 
39 50  1.011618 -2.529045 
39 51  1.048727 -2.513974 
39 52  1.085683 -2.498509 
39 53  1.122491 -2.482647 
39 54  1.159155 -2.466386 
39 55  1.195679 -2.449724 
39 56  1.232067 -2.432657 
39 57  1.268323 -2.415182 
39 58  1.304451 -2.397296 
39 59  1.340455 -2.378994 
39 60  1.376338 -2.360274 
39 61  1.412104 -2.341130 
39 62  1.447756 -2.321558 
39 63  1.483299 -2.301552 
39 64  1.518736 -2.281108 
39 65  1.554070 -2.260219 
39 66  1.589304 -2.238880 
39 67  1.624442 -2.217085 
39 68  1.659487 -2.194826 
39 69  1.694443 -2.172096 
39 70  1.729313 -2.148888 
39 71  1.764099 -2.125195 
39 72  1.798805 -2.101006 
39 73  1.833435 -2.076315 
39 74  1.867991 -2.051110 
39 75  1.902476 -2.025383 
39 76  1.936894 -1.999124 
39 77  1.971247 -1.972320 
39 78  2.005539 -1.944962 
39 79  2.039773 -1.917036 
39 80  2.073951 -1.888530 
39 81  2.108077 -1.859430 
39 82  2.142153 -1.829723 
39 83  2.176183 -1.799394 
39 84  2.210170 -1.768427 
39 85  2.244117 -1.736805 
39 86  2.278026 -1.704511 
39 87  2.311902 -1.671527 
39 88  2.345746 -1.637833 
39 89  2.379563 -1.603409 
39 90  2.413354 -1.568233 
39 91  2.447125 -1.532283 
39 92  2.480876 -1.495534 
39 93  2.514613 -1.457960 
39 94  2.548337 -1.419535 
39 95  2.582053 -1.380229 
39 96  2.615764 -1.340013 
39 97  2.649473 -1.298854 
39 98  2.683184 -1.256717 
39 99  2.716901 -1.213566 
39 100  2.750626 -1.169362 
40 0  -1.196097 -2.785226 
40 1  -1.140577 -2.793849 
40 2  -1.085798 -2.801716 
40 3  -1.031731 -2.808854 
40 4  -0.978347 -2.815285 
40 5  -0.925619 -2.821032 
40 6  -0.873523 -2.826117 
40 7  -0.822035 -2.830559 
40 8  -0.771132 -2.834375 
40 9  -0.720793 -2.837584 
40 10  -0.670998 -2.840202 
40 11  -0.621728 -2.842244 
40 12  -0.572963 -2.843724 
40 13  -0.524688 -2.844656 
40 14  -0.476885 -2.845051 
40 15  -0.429539 -2.844923 
40 16  -0.382634 -2.844282 
40 17  -0.336156 -2.843139 
40 18  -0.290092 -2.841503 
40 19  -0.244428 -2.839384 
40 20  -0.199151 -2.836790 
40 21  -0.154250 -2.833730 
40 22  -0.109713 -2.830210 
40 23  -0.065529 -2.826239 
40 24  -0.021686 -2.821822 
40 25  0.021824 -2.816966 
40 26  0.065012 -2.811676 
40 27  0.107888 -2.805959 
40 28  0.150461 -2.799818 
40 29  0.192739 -2.793259 
40 30  0.234731 -2.786286 
40 31  0.276445 -2.778902 
40 32  0.317889 -2.771111 
40 33  0.359071 -2.762916 
40 34  0.399998 -2.754321 
40 35  0.440678 -2.745327 
40 36  0.481116 -2.735937 
40 37  0.521321 -2.726153 
40 38  0.561298 -2.715977 
40 39  0.601054 -2.705410 
40 40  0.640595 -2.694453 
40 41  0.679927 -2.683108 
40 42  0.719055 -2.671374 
40 43  0.757986 -2.659252 
40 44  0.796724 -2.646743 
40 45  0.835276 -2.633846 
40 46  0.873646 -2.620560 
40 47  0.911839 -2.606885 
40 48  0.949860 -2.592821 
40 49  0.987715 -2.578365 
40 50  1.025407 -2.563517 
40 51  1.062941 -2.548274 
40 52  1.100322 -2.532636 
40 53  1.137555 -2.516599 
40 54  1.174643 -2.500161 
40 55  1.211590 -2.483320 
40 56  1.248402 -2.466072 
40 57  1.285081 -2.448414 
40 58  1.321632 -2.430343 
40 59  1.358058 -2.411855 
40 60  1.394365 -2.392946 
40 61  1.430554 -2.373610 
40 62  1.466630 -2.353844 
40 63  1.502597 -2.333643 
40 64  1.538459 -2.313000 
40 65  1.574218 -2.291911 
40 66  1.609878 -2.270369 
40 67  1.645443 -2.248368 
40 68  1.680915 -2.225900 
40 69  1.716300 -2.202960 
40 70  1.751599 -2.179538 
40 71  1.786816 -2.155628 
40 72  1.821955 -2.131221 
40 73  1.857018 -2.106307 
40 74  1.892009 -2.080878 
40 75  1.926932 -2.054923 
40 76  1.961788 -2.028432 
40 77  1.996582 -2.001394 
40 78  2.031316 -1.973798 
40 79  2.065995 -1.945632 
40 80  2.100620 -1.916882 
40 81  2.135195 -1.887535 
40 82  2.169724 -1.857577 
40 83  2.204209 -1.826993 
40 84  2.238654 -1.795767 
40 85  2.273061 -1.763883 
40 86  2.307435 -1.731323 
40 87  2.341778 -1.698069 
40 88  2.376094 -1.664101 
40 89  2.410385 -1.629399 
40 90  2.444655 -1.593941 
40 91  2.478909 -1.557704 
40 92  2.513148 -1.520663 
40 93  2.547376 -1.482794 
40 94  2.581598 -1.444069 
40 95  2.615816 -1.404459 
40 96  2.650034 -1.363933 
40 97  2.684256 -1.322459 
40 98  2.718486 -1.280003 
40 99  2.752727 -1.236527 
40 100  2.786984 -1.191993 
41 0  -1.207042 -2.827312 
41 1  -1.150897 -2.835805 
41 2  -1.095503 -2.843544 
41 3  -1.040828 -2.850553 
41 4  -0.986844 -2.856856 
41 5  -0.933524 -2.862476 
41 6  -0.880844 -2.867434 
41 7  -0.828778 -2.871748 
41 8  -0.777304 -2.875437 
41 9  -0.726402 -2.878519 
41 10  -0.676049 -2.881009 
41 11  -0.626227 -2.882923 
41 12  -0.576918 -2.884275 
41 13  -0.528103 -2.885078 
41 14  -0.479766 -2.885345 
41 15  -0.431891 -2.885087 
41 16  -0.384462 -2.884316 
41 17  -0.337466 -2.883041 
41 18  -0.290887 -2.881274 
41 19  -0.244714 -2.879022 
41 20  -0.198933 -2.876295 
41 21  -0.153531 -2.873101 
41 22  -0.108497 -2.869447 
41 23  -0.063820 -2.865339 
41 24  -0.019489 -2.860786 
41 25  0.024506 -2.855792 
41 26  0.068176 -2.850364 
41 27  0.111530 -2.844507 
41 28  0.154578 -2.838226 
41 29  0.197328 -2.831525 
41 30  0.239789 -2.824408 
41 31  0.281969 -2.816880 
41 32  0.323876 -2.808944 
41 33  0.365519 -2.800603 
41 34  0.406905 -2.791860 
41 35  0.448040 -2.782717 
41 36  0.488932 -2.773176 
41 37  0.529589 -2.763241 
41 38  0.570015 -2.752912 
41 39  0.610219 -2.742190 
41 40  0.650206 -2.731077 
41 41  0.689981 -2.719574 
41 42  0.729552 -2.707681 
41 43  0.768924 -2.695399 
41 44  0.808102 -2.682728 
41 45  0.847092 -2.669667 
41 46  0.885899 -2.656216 
41 47  0.924528 -2.642374 
41 48  0.962984 -2.628141 
41 49  1.001272 -2.613515 
41 50  1.039398 -2.598494 
41 51  1.077365 -2.583078 
41 52  1.115178 -2.567263 
41 53  1.152841 -2.551049 
41 54  1.190360 -2.534431 
41 55  1.227738 -2.517408 
41 56  1.264980 -2.499977 
41 57  1.302089 -2.482133 
41 58  1.339070 -2.463874 
41 59  1.375927 -2.445196 
41 60  1.412663 -2.426094 
41 61  1.449283 -2.406564 
41 62  1.485790 -2.386602 
41 63  1.522188 -2.366201 
41 64  1.558481 -2.345357 
41 65  1.594672 -2.324064 
41 66  1.630765 -2.302315 
41 67  1.666764 -2.280105 
41 68  1.702672 -2.257426 
41 69  1.738492 -2.234271 
41 70  1.774228 -2.210633 
41 71  1.809883 -2.186503 
41 72  1.845462 -2.161872 
41 73  1.880966 -2.136733 
41 74  1.916400 -2.111075 
41 75  1.951766 -2.084888 
41 76  1.987069 -2.058163 
41 77  2.022311 -2.030887 
41 78  2.057496 -2.003049 
41 79  2.092626 -1.974638 
41 80  2.127707 -1.945640 
41 81  2.162739 -1.916041 
41 82  2.197728 -1.885828 
41 83  2.232676 -1.854985 
41 84  2.267587 -1.823496 
41 85  2.302463 -1.791345 
41 86  2.337309 -1.758515 
41 87  2.372128 -1.724986 
41 88  2.406923 -1.690739 
41 89  2.441698 -1.655753 
41 90  2.476456 -1.620007 
41 91  2.511201 -1.583478 
41 92  2.545936 -1.546141 
41 93  2.580665 -1.507971 
41 94  2.615393 -1.468939 
41 95  2.650122 -1.429018 
41 96  2.684857 -1.388176 
41 97  2.719601 -1.346381 
41 98  2.754360 -1.303599 
41 99  2.789136 -1.259792 
41 100  2.823935 -1.214921 
42 0  -1.218218 -2.870039 
42 1  -1.161436 -2.878402 
42 2  -1.105413 -2.886009 
42 3  -1.050119 -2.892888 
42 4  -0.995523 -2.899062 
42 5  -0.941600 -2.904552 
42 6  -0.888324 -2.909380 
42 7  -0.835670 -2.913565 
42 8  -0.783615 -2.917125 
42 9  -0.732137 -2.920077 
42 10  -0.681217 -2.922438 
42 11  -0.630834 -2.924222 
42 12  -0.580969 -2.925443 
42 13  -0.531604 -2.926115 
42 14  -0.482723 -2.926250 
42 15  -0.434310 -2.925860 
42 16  -0.386349 -2.924956 
42 17  -0.338824 -2.923549 
42 18  -0.291723 -2.921647 
42 19  -0.245032 -2.919261 
42 20  -0.198736 -2.916398 
42 21  -0.152825 -2.913068 
42 22  -0.107287 -2.909276 
42 23  -0.062109 -2.905031 
42 24  -0.017281 -2.900338 
42 25  0.027208 -2.895204 
42 26  0.071368 -2.889635 
42 27  0.115209 -2.883636 
42 28  0.158739 -2.877211 
42 29  0.201969 -2.870366 
42 30  0.244907 -2.863104 
42 31  0.287561 -2.855429 
42 32  0.329939 -2.847345 
42 33  0.372051 -2.838855 
42 34  0.413902 -2.829961 
42 35  0.455501 -2.820667 
42 36  0.496855 -2.810973 
42 37  0.537970 -2.800883 
42 38  0.578854 -2.790398 
42 39  0.619512 -2.779519 
42 40  0.659952 -2.768248 
42 41  0.700179 -2.756585 
42 42  0.740200 -2.744530 
42 43  0.780020 -2.732085 
42 44  0.819645 -2.719249 
42 45  0.859080 -2.706021 
42 46  0.898331 -2.692402 
42 47  0.937403 -2.678391 
42 48  0.976301 -2.663986 
42 49  1.015031 -2.649187 
42 50  1.053596 -2.633991 
42 51  1.092003 -2.618398 
42 52  1.130255 -2.602405 
42 53  1.168357 -2.586009 
42 54  1.206314 -2.569209 
42 55  1.244129 -2.552001 
42 56  1.281808 -2.534383 
42 57  1.319355 -2.516351 
42 58  1.356773 -2.497901 
42 59  1.394067 -2.479030 
42 60  1.431240 -2.459733 
42 61  1.468298 -2.440005 
42 62  1.505243 -2.419843 
42 63  1.542079 -2.399240 
42 64  1.578811 -2.378191 
42 65  1.615442 -2.356690 
42 66  1.651975 -2.334732 
42 67  1.688415 -2.312309 
42 68  1.724765 -2.289415 
42 69  1.761028 -2.266042 
42 70  1.797208 -2.242183 
42 71  1.833310 -2.217830 
42 72  1.869335 -2.192973 
42 73  1.905288 -2.167604 
42 74  1.941172 -2.141714 
42 75  1.976990 -2.115292 
42 76  2.012747 -2.088327 
42 77  2.048445 -2.060809 
42 78  2.084088 -2.032726 
42 79  2.119679 -2.004066 
42 80  2.155222 -1.974815 
42 81  2.190720 -1.944960 
42 82  2.226177 -1.914487 
42 83  2.261596 -1.883381 
42 84  2.296981 -1.851624 
42 85  2.332335 -1.819202 
42 86  2.367662 -1.786096 
42 87  2.402965 -1.752287 
42 88  2.438248 -1.717756 
42 89  2.473515 -1.682482 
42 90  2.508769 -1.646443 
42 91  2.544015 -1.609616 
42 92  2.579256 -1.571977 
42 93  2.614495 -1.533499 
42 94  2.649738 -1.494156 
42 95  2.684988 -1.453917 
42 96  2.720249 -1.412753 
42 97  2.755526 -1.370631 
42 98  2.790823 -1.327515 
42 99  2.826144 -1.283369 
42 100  2.861495 -1.238154 
43 0  -1.229630 -2.913428 
43 1  -1.172199 -2.921657 
43 2  -1.115535 -2.929132 
43 3  -1.059608 -2.935879 
43 4  -1.004389 -2.941920 
43 5  -0.949851 -2.947279 
43 6  -0.895967 -2.951975 
43 7  -0.842714 -2.956029 
43 8  -0.790066 -2.959457 
43 9  -0.738004 -2.962277 
43 10  -0.686505 -2.964505 
43 11  -0.635549 -2.966157 
43 12  -0.585119 -2.967245 
43 13  -0.535195 -2.967783 
43 14  -0.485761 -2.967785 
43 15  -0.436799 -2.967260 
43 16  -0.388295 -2.966221 
43 17  -0.340234 -2.964678 
43 18  -0.292600 -2.962640 
43 19  -0.245381 -2.960117 
43 20  -0.198563 -2.957116 
43 21  -0.152134 -2.953646 
43 22  -0.106081 -2.949715 
43 23  -0.060394 -2.945329 
43 24  -0.015060 -2.940494 
43 25  0.029931 -2.935218 
43 26  0.074589 -2.929505 
43 27  0.118924 -2.923361 
43 28  0.162946 -2.916791 
43 29  0.206664 -2.909798 
43 30  0.250086 -2.902388 
43 31  0.293222 -2.894564 
43 32  0.336080 -2.886330 
43 33  0.378668 -2.877687 
43 34  0.420993 -2.868641 
43 35  0.463063 -2.859192 
43 36  0.504886 -2.849343 
43 37  0.546468 -2.839096 
43 38  0.587816 -2.828452 
43 39  0.628937 -2.817413 
43 40  0.669838 -2.805981 
43 41  0.710524 -2.794154 
43 42  0.751002 -2.781936 
43 43  0.791277 -2.769324 
43 44  0.831356 -2.756320 
43 45  0.871244 -2.742924 
43 46  0.910947 -2.729134 
43 47  0.950470 -2.714950 
43 48  0.989817 -2.700370 
43 49  1.028995 -2.685395 
43 50  1.068009 -2.670021 
43 51  1.106862 -2.654248 
43 52  1.145560 -2.638073 
43 53  1.184108 -2.621494 
43 54  1.222510 -2.604509 
43 55  1.260770 -2.587113 
43 56  1.298894 -2.569305 
43 57  1.336885 -2.551081 
43 58  1.374747 -2.532437 
43 59  1.412486 -2.513370 
43 60  1.450104 -2.493874 
43 61  1.487606 -2.473946 
43 62  1.524997 -2.453580 
43 63  1.562279 -2.432771 
43 64  1.599457 -2.411514 
43 65  1.636535 -2.389803 
43 66  1.673516 -2.367632 
43 67  1.710404 -2.344993 
43 68  1.747204 -2.321880 
43 69  1.783918 -2.298286 
43 70  1.820550 -2.274203 
43 71  1.857104 -2.249622 
43 72  1.893584 -2.224535 
43 73  1.929994 -2.198933 
43 74  1.966336 -2.172807 
43 75  2.002614 -2.146145 
43 76  2.038833 -2.118938 
43 77  2.074995 -2.091173 
43 78  2.111104 -2.062841 
43 79  2.147163 -2.033927 
43 80  2.183177 -2.004420 
43 81  2.219149 -1.974304 
43 82  2.255083 -1.943567 
43 83  2.290982 -1.912192 
43 84  2.326849 -1.880164 
43 85  2.362689 -1.847465 
43 86  2.398506 -1.814078 
43 87  2.434302 -1.779984 
43 88  2.470083 -1.745164 
43 89  2.505851 -1.709596 
43 90  2.541611 -1.673259 
43 91  2.577366 -1.636129 
43 92  2.613122 -1.598182 
43 93  2.648881 -1.559391 
43 94  2.684649 -1.519729 
43 95  2.720430 -1.479167 
43 96  2.756227 -1.437674 
43 97  2.792046 -1.395217 
43 98  2.827892 -1.351761 
43 99  2.863769 -1.307270 
43 100  2.899683 -1.261703 
44 0  -1.241285 -2.957498 
44 1  -1.183191 -2.965591 
44 2  -1.125873 -2.972931 
44 3  -1.069302 -2.979543 
44 4  -1.013448 -2.985451 
44 5  -0.958282 -2.990675 
44 6  -0.903779 -2.995237 
44 7  -0.849914 -2.999157 
44 8  -0.796663 -3.002451 
44 9  -0.744004 -3.005136 
44 10  -0.691916 -3.007230 
44 11  -0.640378 -3.008746 
44 12  -0.589371 -3.009699 
44 13  -0.538877 -3.010102 
44 14  -0.488879 -3.009966 
44 15  -0.439360 -3.009305 
44 16  -0.390303 -3.008128 
44 17  -0.341695 -3.006447 
44 18  -0.293519 -3.004270 
44 19  -0.245763 -3.001606 
44 20  -0.198414 -2.998465 
44 21  -0.151457 -2.994854 
44 22  -0.104881 -2.990780 
44 23  -0.058675 -2.986250 
44 24  -0.012826 -2.981272 
44 25  0.032675 -2.975850 
44 26  0.077840 -2.969991 
44 27  0.122678 -2.963699 
44 28  0.167200 -2.956980 
44 29  0.211414 -2.949838 
44 30  0.255330 -2.942277 
44 31  0.298956 -2.934301 
44 32  0.342301 -2.925913 
44 33  0.385373 -2.917116 
44 34  0.428180 -2.907914 
44 35  0.470730 -2.898308 
44 36  0.513029 -2.888300 
44 37  0.555086 -2.877893 
44 38  0.596906 -2.867088 
44 39  0.638498 -2.855887 
44 40  0.679867 -2.844290 
44 41  0.721020 -2.832298 
44 42  0.761962 -2.819912 
44 43  0.802701 -2.807132 
44 44  0.843242 -2.793957 
44 45  0.883591 -2.780388 
44 46  0.923752 -2.766425 
44 47  0.963733 -2.752065 
44 48  1.003538 -2.737309 
44 49  1.043172 -2.722154 
44 50  1.082640 -2.706600 
44 51  1.121948 -2.690644 
44 52  1.161099 -2.674284 
44 53  1.200100 -2.657518 
44 54  1.238955 -2.640344 
44 55  1.277668 -2.622758 
44 56  1.316244 -2.604757 
44 57  1.354687 -2.586338 
44 58  1.393001 -2.567496 
44 59  1.431191 -2.548229 
44 60  1.469262 -2.528532 
44 61  1.507217 -2.508399 
44 62  1.545060 -2.487827 
44 63  1.582795 -2.466809 
44 64  1.620427 -2.445341 
44 65  1.657960 -2.423416 
44 66  1.695396 -2.401027 
44 67  1.732741 -2.378169 
44 68  1.769998 -2.354834 
44 69  1.807170 -2.331015 
44 70  1.844263 -2.306704 
44 71  1.881278 -2.281892 
44 72  1.918221 -2.256572 
44 73  1.955095 -2.230733 
44 74  1.991903 -2.204365 
44 75  2.028649 -2.177460 
44 76  2.065338 -2.150006 
44 77  2.101972 -2.121992 
44 78  2.138555 -2.093405 
44 79  2.175092 -2.064234 
44 80  2.211586 -2.034465 
44 81  2.248040 -2.004085 
44 82  2.284459 -1.973078 
44 83  2.320846 -1.941431 
44 84  2.357205 -1.909125 
44 85  2.393540 -1.876145 
44 86  2.429855 -1.842473 
44 87  2.466154 -1.808089 
44 88  2.502440 -1.772974 
44 89  2.538719 -1.737107 
44 90  2.574994 -1.700466 
44 91  2.611269 -1.663027 
44 92  2.647550 -1.624766 
44 93  2.683839 -1.585655 
44 94  2.720142 -1.545669 
44 95  2.756463 -1.504777 
44 96  2.792807 -1.462949 
44 97  2.829180 -1.420151 
44 98  2.865585 -1.376348 
44 99  2.902028 -1.331503 
44 100  2.938515 -1.285578 
45 0  -1.253190 -3.002268 
45 1  -1.194418 -3.010224 
45 2  -1.136434 -3.017427 
45 3  -1.079205 -3.023902 
45 4  -1.022703 -3.029672 
45 5  -0.966897 -3.034760 
45 6  -0.911763 -3.039186 
45 7  -0.857275 -3.042969 
45 8  -0.803409 -3.046126 
45 9  -0.750142 -3.048675 
45 10  -0.697453 -3.050631 
45 11  -0.645321 -3.052009 
45 12  -0.593728 -3.052824 
45 13  -0.542653 -3.053088 
45 14  -0.492081 -3.052814 
45 15  -0.441993 -3.052013 
45 16  -0.392374 -3.050696 
45 17  -0.343209 -3.048873 
45 18  -0.294482 -3.046554 
45 19  -0.246179 -3.043748 
45 20  -0.198288 -3.040463 
45 21  -0.150795 -3.036707 
45 22  -0.103687 -3.032488 
45 23  -0.056952 -3.027813 
45 24  -0.010580 -3.022687 
45 25  0.035441 -3.017117 
45 26  0.081121 -3.011108 
45 27  0.126472 -3.004667 
45 28  0.171502 -2.997796 
45 29  0.216221 -2.990502 
45 30  0.260639 -2.982787 
45 31  0.304763 -2.974656 
45 32  0.348604 -2.966112 
45 33  0.392169 -2.957158 
45 34  0.435466 -2.947797 
45 35  0.478503 -2.938031 
45 36  0.521287 -2.927862 
45 37  0.563827 -2.917292 
45 38  0.606128 -2.906323 
45 39  0.648198 -2.894956 
45 40  0.690043 -2.883192 
45 41  0.731670 -2.871031 
45 42  0.773086 -2.858475 
45 43  0.814296 -2.845523 
45 44  0.855306 -2.832175 
45 45  0.896123 -2.818431 
45 46  0.936752 -2.804290 
45 47  0.977198 -2.789752 
45 48  1.017467 -2.774816 
45 49  1.057565 -2.759479 
45 50  1.097496 -2.743740 
45 51  1.137266 -2.727598 
45 52  1.176879 -2.711051 
45 53  1.216341 -2.694095 
45 54  1.255656 -2.676729 
45 55  1.294829 -2.658949 
45 56  1.333864 -2.640752 
45 57  1.372767 -2.622134 
45 58  1.411541 -2.603093 
45 59  1.450191 -2.583623 
45 60  1.488722 -2.563720 
45 61  1.527137 -2.543380 
45 62  1.565441 -2.522598 
45 63  1.603637 -2.501368 
45 64  1.641731 -2.479684 
45 65  1.679726 -2.457541 
45 66  1.717626 -2.434933 
45 67  1.755435 -2.411852 
45 68  1.793157 -2.388291 
45 69  1.830796 -2.364243 
45 70  1.868356 -2.339700 
45 71  1.905841 -2.314654 
45 72  1.943255 -2.289095 
45 73  1.980601 -2.263015 
45 74  2.017883 -2.236404 
45 75  2.055106 -2.209251 
45 76  2.092273 -2.181545 
45 77  2.129388 -2.153276 
45 78  2.166455 -2.124432 
45 79  2.203477 -2.094999 
45 80  2.240459 -2.064964 
45 81  2.277404 -2.034314 
45 82  2.314317 -2.003034 
45 83  2.351201 -1.971109 
45 84  2.388061 -1.938521 
45 85  2.424900 -1.905255 
45 86  2.461723 -1.871292 
45 87  2.498534 -1.836613 
45 88  2.535337 -1.801198 
45 89  2.572136 -1.765027 
45 90  2.608935 -1.728076 
45 91  2.645740 -1.690322 
45 92  2.682555 -1.651740 
45 93  2.719384 -1.612305 
45 94  2.756233 -1.571988 
45 95  2.793105 -1.530759 
45 96  2.830007 -1.488589 
45 97  2.866943 -1.445442 
45 98  2.903919 -1.401285 
45 99  2.940940 -1.356080 
45 100  2.978012 -1.309788 
46 0  -1.265351 -3.047762 
46 1  -1.205889 -3.055577 
46 2  -1.147224 -3.062640 
46 3  -1.089324 -3.068975 
46 4  -1.032160 -3.074606 
46 5  -0.975702 -3.079555 
46 6  -0.919924 -3.083842 
46 7  -0.864801 -3.087485 
46 8  -0.810307 -3.090502 
46 9  -0.756421 -3.092912 
46 10  -0.703120 -3.094728 
46 11  -0.650383 -3.095966 
46 12  -0.598191 -3.096639 
46 13  -0.546526 -3.096762 
46 14  -0.495368 -3.096346 
46 15  -0.444702 -3.095402 
46 16  -0.394510 -3.093942 
46 17  -0.344777 -3.091975 
46 18  -0.295489 -3.089511 
46 19  -0.246630 -3.086559 
46 20  -0.198187 -3.083128 
46 21  -0.150147 -3.079225 
46 22  -0.102497 -3.074858 
46 23  -0.055226 -3.070034 
46 24  -0.008321 -3.064758 
46 25  0.038229 -3.059037 
46 26  0.084435 -3.052876 
46 27  0.130306 -3.046281 
46 28  0.175853 -3.039257 
46 29  0.221087 -3.031807 
46 30  0.266015 -3.023935 
46 31  0.310647 -3.015647 
46 32  0.354992 -3.006944 
46 33  0.399058 -2.997829 
46 34  0.442853 -2.988306 
46 35  0.486386 -2.978377 
46 36  0.529664 -2.968044 
46 37  0.572694 -2.957309 
46 38  0.615484 -2.946172 
46 39  0.658040 -2.934637 
46 40  0.700370 -2.922702 
46 41  0.742480 -2.910370 
46 42  0.784377 -2.897641 
46 43  0.826066 -2.884514 
46 44  0.867554 -2.870989 
46 45  0.908847 -2.857067 
46 46  0.949951 -2.842747 
46 47  0.990871 -2.828027 
46 48  1.031613 -2.812907 
46 49  1.072182 -2.797385 
46 50  1.112584 -2.781459 
46 51  1.152823 -2.765128 
46 52  1.192906 -2.748389 
46 53  1.232836 -2.731241 
46 54  1.272620 -2.713679 
46 55  1.312261 -2.695702 
46 56  1.351764 -2.677305 
46 57  1.391134 -2.658486 
46 58  1.430376 -2.639241 
46 59  1.469494 -2.619565 
46 60  1.508492 -2.599454 
46 61  1.547375 -2.578903 
46 62  1.586148 -2.557907 
46 63  1.624814 -2.536461 
46 64  1.663377 -2.514559 
46 65  1.701842 -2.492195 
46 66  1.740214 -2.469362 
46 67  1.778495 -2.446054 
46 68  1.816691 -2.422264 
46 69  1.854805 -2.397983 
46 70  1.892841 -2.373205 
46 71  1.930804 -2.347920 
46 72  1.968697 -2.322119 
46 73  2.006524 -2.295794 
46 74  2.044290 -2.268934 
46 75  2.081997 -2.241530 
46 76  2.119651 -2.213569 
46 77  2.157256 -2.185041 
46 78  2.194814 -2.155934 
46 79  2.232331 -2.126234 
46 80  2.269810 -2.095929 
46 81  2.307256 -2.065005 
46 82  2.344672 -2.033447 
46 83  2.382063 -2.001239 
46 84  2.419433 -1.968364 
46 85  2.456785 -1.934807 
46 86  2.494126 -1.900548 
46 87  2.531458 -1.865568 
46 88  2.568787 -1.829848 
46 89  2.606116 -1.793366 
46 90  2.643451 -1.756100 
46 91  2.680795 -1.718025 
46 92  2.718155 -1.679118 
46 93  2.755535 -1.639351 
46 94  2.792939 -1.598696 
46 95  2.830374 -1.557125 
46 96  2.867844 -1.514605 
46 97  2.905356 -1.471103 
46 98  2.942913 -1.426585 
46 99  2.980524 -1.381012 
46 100  3.018193 -1.334344 
47 0  -1.277775 -3.093999 
47 1  -1.217608 -3.101671 
47 2  -1.158248 -3.108591 
47 3  -1.099664 -3.114785 
47 4  -1.041825 -3.120274 
47 5  -0.984702 -3.125080 
47 6  -0.928267 -3.129225 
47 7  -0.872496 -3.132726 
47 8  -0.817363 -3.135601 
47 9  -0.762845 -3.137867 
47 10  -0.708920 -3.139540 
47 11  -0.655567 -3.140635 
47 12  -0.602765 -3.141165 
47 13  -0.550497 -3.141143 
47 14  -0.498744 -3.140582 
47 15  -0.447488 -3.139492 
47 16  -0.396712 -3.137886 
47 17  -0.346402 -3.135772 
47 18  -0.296541 -3.133161 
47 19  -0.247115 -3.130060 
47 20  -0.198111 -3.126480 
47 21  -0.149515 -3.122427 
47 22  -0.101314 -3.117909 
47 23  -0.053495 -3.112932 
47 24  -0.006047 -3.107503 
47 25  0.041041 -3.101628 
47 26  0.087781 -3.095312 
47 27  0.134182 -3.088561 
47 28  0.180256 -3.081379 
47 29  0.226012 -3.073771 
47 30  0.271460 -3.065740 
47 31  0.316608 -3.057290 
47 32  0.361466 -3.048425 
47 33  0.406042 -3.039147 
47 34  0.450345 -3.029460 
47 35  0.494383 -3.019365 
47 36  0.538162 -3.008864 
47 37  0.581692 -2.997960 
47 38  0.624979 -2.986654 
47 39  0.668030 -2.974946 
47 40  0.710853 -2.962839 
47 41  0.753454 -2.950332 
47 42  0.795840 -2.937426 
47 43  0.838016 -2.924121 
47 44  0.879990 -2.910417 
47 45  0.921768 -2.896313 
47 46  0.963355 -2.881810 
47 47  1.004756 -2.866905 
47 48  1.045979 -2.851598 
47 49  1.087028 -2.835888 
47 50  1.127909 -2.819772 
47 51  1.168626 -2.803248 
47 52  1.209186 -2.786315 
47 53  1.249594 -2.768970 
47 54  1.289854 -2.751210 
47 55  1.329971 -2.733032 
47 56  1.369950 -2.714433 
47 57  1.409796 -2.695409 
47 58  1.449513 -2.675956 
47 59  1.489107 -2.656071 
47 60  1.528581 -2.635747 
47 61  1.567941 -2.614982 
47 62  1.607190 -2.593769 
47 63  1.646333 -2.572103 
47 64  1.685375 -2.549979 
47 65  1.724319 -2.527390 
47 66  1.763171 -2.504330 
47 67  1.801933 -2.480791 
47 68  1.840611 -2.456767 
47 69  1.879208 -2.432250 
47 70  1.917729 -2.407232 
47 71  1.956178 -2.381705 
47 72  1.994559 -2.355658 
47 73  2.032876 -2.329084 
47 74  2.071133 -2.301971 
47 75  2.109334 -2.274310 
47 76  2.147485 -2.246090 
47 77  2.185587 -2.217299 
47 78  2.223647 -2.187924 
47 79  2.261667 -2.157954 
47 80  2.299653 -2.127374 
47 81  2.337608 -2.096171 
47 82  2.375537 -2.064329 
47 83  2.413444 -2.031834 
47 84  2.451334 -1.998667 
47 85  2.489210 -1.964813 
47 86  2.527078 -1.930253 
47 87  2.564941 -1.894968 
47 88  2.602806 -1.858936 
47 89  2.640676 -1.822138 
47 90  2.678556 -1.784550 
47 91  2.716451 -1.746149 
47 92  2.754367 -1.706909 
47 93  2.792308 -1.666804 
47 94  2.830280 -1.625806 
47 95  2.868288 -1.583885 
47 96  2.906338 -1.541009 
47 97  2.944436 -1.497145 
47 98  2.982588 -1.452257 
47 99  3.020800 -1.406308 
47 100  3.059078 -1.359258 
48 0  -1.290470 -3.141004 
48 1  -1.229583 -3.148530 
48 2  -1.169514 -3.155305 
48 3  -1.110231 -3.161353 
48 4  -1.051704 -3.166697 
48 5  -0.993901 -3.171358 
48 6  -0.936797 -3.175357 
48 7  -0.880365 -3.178713 
48 8  -0.824579 -3.181443 
48 9  -0.769417 -3.183563 
48 10  -0.714856 -3.185090 
48 11  -0.660875 -3.186038 
48 12  -0.607452 -3.186421 
48 13  -0.554570 -3.186252 
48 14  -0.502209 -3.185542 
48 15  -0.450352 -3.184304 
48 16  -0.398982 -3.182548 
48 17  -0.348083 -3.180285 
48 18  -0.297640 -3.177522 
48 19  -0.247637 -3.174271 
48 20  -0.198061 -3.170538 
48 21  -0.148898 -3.166331 
48 22  -0.100135 -3.161659 
48 23  -0.051760 -3.156527 
48 24  -0.003760 -3.150942 
48 25  0.043877 -3.144909 
48 26  0.091160 -3.138435 
48 27  0.138102 -3.131525 
48 28  0.184712 -3.124183 
48 29  0.231000 -3.116413 
48 30  0.276976 -3.108219 
48 31  0.322650 -3.099605 
48 32  0.368030 -3.090575 
48 33  0.413125 -3.081131 
48 34  0.457944 -3.071275 
48 35  0.502495 -3.061011 
48 36  0.546786 -3.050340 
48 37  0.590824 -3.039264 
48 38  0.634616 -3.027784 
48 39  0.678171 -3.015902 
48 40  0.721496 -3.003618 
48 41  0.764596 -2.990933 
48 42  0.807480 -2.977847 
48 43  0.850152 -2.964361 
48 44  0.892621 -2.950474 
48 45  0.934891 -2.936186 
48 46  0.976969 -2.921497 
48 47  1.018861 -2.906404 
48 48  1.060573 -2.890907 
48 49  1.102110 -2.875005 
48 50  1.143478 -2.858695 
48 51  1.184682 -2.841976 
48 52  1.225728 -2.824845 
48 53  1.266620 -2.807300 
48 54  1.307365 -2.789338 
48 55  1.347966 -2.770956 
48 56  1.388430 -2.752151 
48 57  1.428760 -2.732918 
48 58  1.468961 -2.713255 
48 59  1.509039 -2.693156 
48 60  1.548998 -2.672617 
48 61  1.588843 -2.651633 
48 62  1.628577 -2.630200 
48 63  1.668206 -2.608311 
48 64  1.707735 -2.585960 
48 65  1.747166 -2.563143 
48 66  1.786506 -2.539851 
48 67  1.825758 -2.516078 
48 68  1.864926 -2.491816 
48 69  1.904016 -2.467059 
48 70  1.943030 -2.441797 
48 71  1.981974 -2.416023 
48 72  2.020852 -2.389726 
48 73  2.059668 -2.362899 
48 74  2.098426 -2.335529 
48 75  2.137130 -2.307608 
48 76  2.175786 -2.279123 
48 77  2.214396 -2.250064 
48 78  2.252966 -2.220418 
48 79  2.291499 -2.190172 
48 80  2.330001 -2.159313 
48 81  2.368476 -2.127825 
48 82  2.406927 -2.095696 
48 83  2.445360 -2.062907 
48 84  2.483779 -2.029444 
48 85  2.522189 -1.995288 
48 86  2.560595 -1.960421 
48 87  2.599000 -1.924824 
48 88  2.637411 -1.888476 
48 89  2.675832 -1.851356 
48 90  2.714268 -1.813440 
48 91  2.752725 -1.774706 
48 92  2.791208 -1.735128 
48 93  2.829721 -1.694678 
48 94  2.868272 -1.653330 
48 95  2.906865 -1.611052 
48 96  2.945507 -1.567812 
48 97  2.984204 -1.523579 
48 98  3.022962 -1.478314 
48 99  3.061788 -1.431982 
48 100  3.100688 -1.384541 
49 0  -1.303443 -3.188800 
49 1  -1.241821 -3.196177 
49 2  -1.181028 -3.202803 
49 3  -1.121032 -3.208702 
49 4  -1.061802 -3.213898 
49 5  -1.003307 -3.218411 
49 6  -0.945519 -3.222262 
49 7  -0.888413 -3.225469 
49 8  -0.831962 -3.228050 
49 9  -0.776143 -3.230021 
49 10  -0.720933 -3.231399 
49 11  -0.666311 -3.232197 
49 12  -0.612256 -3.232430 
49 13  -0.558747 -3.232110 
49 14  -0.505767 -3.231249 
49 15  -0.453298 -3.229859 
49 16  -0.401322 -3.227950 
49 17  -0.349824 -3.225533 
49 18  -0.298787 -3.222617 
49 19  -0.248196 -3.219210 
49 20  -0.198038 -3.215321 
49 21  -0.148297 -3.210958 
49 22  -0.098962 -3.206128 
49 23  -0.050020 -3.200838 
49 24  -0.001457 -3.195093 
49 25  0.046737 -3.188901 
49 26  0.094574 -3.182265 
49 27  0.142065 -3.175192 
49 28  0.189221 -3.167686 
49 29  0.236051 -3.159751 
49 30  0.282566 -3.151392 
49 31  0.328774 -3.142611 
49 32  0.374686 -3.133412 
49 33  0.420310 -3.123798 
49 34  0.465654 -3.113772 
49 35  0.510727 -3.103335 
49 36  0.555537 -3.092490 
49 37  0.600093 -3.081239 
49 38  0.644400 -3.069582 
49 39  0.688468 -3.057522 
49 40  0.732303 -3.045058 
49 41  0.775911 -3.032192 
49 42  0.819301 -3.018923 
49 43  0.862479 -3.005253 
49 44  0.905450 -2.991180 
49 45  0.948222 -2.976704 
49 46  0.990800 -2.961824 
49 47  1.033191 -2.946540 
49 48  1.075401 -2.930850 
49 49  1.117434 -2.914752 
49 50  1.159298 -2.898245 
49 51  1.200997 -2.881327 
49 52  1.242537 -2.863995 
49 53  1.283924 -2.846247 
49 54  1.325161 -2.828080 
49 55  1.366256 -2.809490 
49 56  1.407212 -2.790475 
49 57  1.448035 -2.771030 
49 58  1.488729 -2.751152 
49 59  1.529300 -2.730836 
49 60  1.569752 -2.710078 
49 61  1.610090 -2.688873 
49 62  1.650318 -2.667215 
49 63  1.690442 -2.645099 
49 64  1.730466 -2.622519 
49 65  1.770394 -2.599468 
49 66  1.810231 -2.575941 
49 67  1.849981 -2.551929 
49 68  1.889650 -2.527427 
49 69  1.929240 -2.502425 
49 70  1.968757 -2.476915 
49 71  2.008205 -2.450890 
49 72  2.047589 -2.424339 
49 73  2.086913 -2.397253 
49 74  2.126181 -2.369623 
49 75  2.165398 -2.341437 
49 76  2.204568 -2.312683 
49 77  2.243695 -2.283352 
49 78  2.282785 -2.253429 
49 79  2.321842 -2.222903 
49 80  2.360870 -2.191759 
49 81  2.399873 -2.159982 
49 82  2.438857 -2.127559 
49 83  2.477826 -2.094473 
49 84  2.516785 -2.060707 
49 85  2.555739 -2.026244 
49 86  2.594693 -1.991065 
49 87  2.633651 -1.955150 
49 88  2.672619 -1.918480 
49 89  2.711603 -1.881032 
49 90  2.750606 -1.842783 
49 91  2.789636 -1.803710 
49 92  2.828697 -1.763786 
49 93  2.867795 -1.722986 
49 94  2.906936 -1.681280 
49 95  2.946126 -1.638638 
49 96  2.985372 -1.595028 
49 97  3.024680 -1.550417 
49 98  3.064057 -1.504769 
49 99  3.103510 -1.458045 
49 100  3.143045 -1.410205 
50 0  -1.316703 -3.237412 
50 1  -1.254330 -3.244636 
50 2  -1.192798 -3.251110 
50 3  -1.132074 -3.256857 
50 4  -1.072126 -3.261901 
50 5  -1.012924 -3.266262 
50 6  -0.954439 -3.269961 
50 7  -0.896645 -3.273016 
50 8  -0.839515 -3.275445 
50 9  -0.783026 -3.277264 
50 10  -0.727155 -3.278489 
50 11  -0.671879 -3.279134 
50 12  -0.617178 -3.279213 
50 13  -0.563032 -3.278739 
50 14  -0.509421 -3.277723 
50 15  -0.456327 -3.276178 
50 16  -0.403734 -3.274113 
50 17  -0.351625 -3.271539 
50 18  -0.299983 -3.268465 
50 19  -0.248793 -3.264900 
50 20  -0.198041 -3.260852 
50 21  -0.147713 -3.256329 
50 22  -0.097795 -3.251338 
50 23  -0.048275 -3.245886 
50 24  0.000861 -3.239979 
50 25  0.049623 -3.233622 
50 26  0.098024 -3.226822 
50 27  0.146075 -3.219583 
50 28  0.193786 -3.211910 
50 29  0.241168 -3.203807 
50 30  0.288231 -3.195278 
50 31  0.334984 -3.186327 
50 32  0.381436 -3.176956 
50 33  0.427598 -3.167169 
50 34  0.473477 -3.156968 
50 35  0.519082 -3.146355 
50 36  0.564421 -3.135333 
50 37  0.609503 -3.123903 
50 38  0.654335 -3.112067 
50 39  0.698924 -3.099825 
50 40  0.743278 -3.087178 
50 41  0.787405 -3.074127 
50 42  0.831310 -3.060672 
50 43  0.875001 -3.046814 
50 44  0.918484 -3.032551 
50 45  0.961766 -3.017884 
50 46  1.004854 -3.002811 
50 47  1.047753 -2.987332 
50 48  1.090469 -2.971445 
50 49  1.133008 -2.955149 
50 50  1.175376 -2.938441 
50 51  1.217579 -2.921320 
50 52  1.259623 -2.903783 
50 53  1.301511 -2.885828 
50 54  1.343251 -2.867452 
50 55  1.384848 -2.848651 
50 56  1.426305 -2.829423 
50 57  1.467630 -2.809762 
50 58  1.508826 -2.789666 
50 59  1.549898 -2.769130 
50 60  1.590852 -2.748148 
50 61  1.631693 -2.726717 
50 62  1.672424 -2.704831 
50 63  1.713052 -2.682484 
50 64  1.753580 -2.659670 
50 65  1.794013 -2.636383 
50 66  1.834357 -2.612616 
50 67  1.874614 -2.588362 
50 68  1.914791 -2.563614 
50 69  1.954892 -2.538363 
50 70  1.994921 -2.512602 
50 71  2.034883 -2.486321 
50 72  2.074782 -2.459512 
50 73  2.114624 -2.432164 
50 74  2.154411 -2.404267 
50 75  2.194150 -2.375812 
50 76  2.233845 -2.346785 
50 77  2.273500 -2.317176 
50 78  2.313119 -2.286973 
50 79  2.352709 -2.256161 
50 80  2.392273 -2.224727 
50 81  2.431816 -2.192657 
50 82  2.471343 -2.159935 
50 83  2.510859 -2.126546 
50 84  2.550368 -2.092472 
50 85  2.589877 -2.057696 
50 86  2.629390 -2.022199 
50 87  2.668912 -1.985961 
50 88  2.708448 -1.948963 
50 89  2.748005 -1.911180 
50 90  2.787588 -1.872592 
50 91  2.827201 -1.833173 
50 92  2.866853 -1.792898 
50 93  2.906547 -1.751740 
50 94  2.946291 -1.709669 
50 95  2.986091 -1.666657 
50 96  3.025954 -1.622669 
50 97  3.065886 -1.577673 
50 98  3.105895 -1.531633 
50 99  3.145988 -1.484509 
50 100  3.186172 -1.436262 
51 0  -1.330257 -3.286864 
51 1  -1.267117 -3.293932 
51 2  -1.204830 -3.300250 
51 3  -1.143363 -3.305842 
51 4  -1.082682 -3.310731 
51 5  -1.022758 -3.314937 
51 6  -0.963562 -3.318480 
51 7  -0.905065 -3.321380 
51 8  -0.847244 -3.323653 
51 9  -0.790071 -3.325316 
51 10  -0.733525 -3.326384 
51 11  -0.677583 -3.326872 
51 12  -0.622223 -3.326794 
51 13  -0.567426 -3.326162 
51 14  -0.513172 -3.324988 
51 15  -0.459442 -3.323284 
51 16  -0.406220 -3.321059 
51 17  -0.353487 -3.318325 
51 18  -0.301229 -3.315090 
51 19  -0.249429 -3.311363 
51 20  -0.198072 -3.307153 
51 21  -0.147145 -3.302466 
51 22  -0.096634 -3.297311 
51 23  -0.046525 -3.291693 
51 24  0.003194 -3.285619 
51 25  0.052536 -3.279096 
51 26  0.101511 -3.272127 
51 27  0.150132 -3.264719 
51 28  0.198409 -3.256875 
51 29  0.246352 -3.248600 
51 30  0.293973 -3.239898 
51 31  0.341280 -3.230773 
51 32  0.388284 -3.221227 
51 33  0.434993 -3.211263 
51 34  0.481417 -3.200884 
51 35  0.527564 -3.190092 
51 36  0.573442 -3.178889 
51 37  0.619059 -3.167277 
51 38  0.664424 -3.155257 
51 39  0.709545 -3.142830 
51 40  0.754428 -3.129997 
51 41  0.799081 -3.116758 
51 42  0.843511 -3.103113 
51 43  0.887725 -3.089063 
51 44  0.931729 -3.074607 
51 45  0.975531 -3.059745 
51 46  1.019137 -3.044476 
51 47  1.062552 -3.028798 
51 48  1.105784 -3.012711 
51 49  1.148838 -2.996212 
51 50  1.191720 -2.979300 
51 51  1.234436 -2.961973 
51 52  1.276991 -2.944228 
51 53  1.319392 -2.926062 
51 54  1.361643 -2.907473 
51 55  1.403750 -2.888458 
51 56  1.445718 -2.869012 
51 57  1.487553 -2.849132 
51 58  1.529260 -2.828813 
51 59  1.570843 -2.808053 
51 60  1.612309 -2.786844 
51 61  1.653661 -2.765184 
51 62  1.694905 -2.743065 
51 63  1.736045 -2.720483 
51 64  1.777087 -2.697431 
51 65  1.818035 -2.673904 
51 66  1.858894 -2.649893 
51 67  1.899669 -2.625393 
51 68  1.940364 -2.600395 
51 69  1.980985 -2.574891 
51 70  2.021536 -2.548873 
51 71  2.062021 -2.522333 
51 72  2.102445 -2.495260 
51 73  2.142814 -2.467646 
51 74  2.183131 -2.439479 
51 75  2.223402 -2.410749 
51 76  2.263631 -2.381445 
51 77  2.303823 -2.351554 
51 78  2.343983 -2.321064 
51 79  2.384116 -2.289962 
51 80  2.424226 -2.258233 
51 81  2.464319 -2.225864 
51 82  2.504400 -2.192838 
51 83  2.544474 -2.159141 
51 84  2.584545 -2.124753 
51 85  2.624619 -2.089659 
51 86  2.664702 -2.053838 
51 87  2.704800 -2.017272 
51 88  2.744916 -1.979938 
51 89  2.785058 -1.941816 
51 90  2.825231 -1.902882 
51 91  2.865442 -1.863111 
51 92  2.905696 -1.822477 
51 93  2.945999 -1.780954 
51 94  2.986359 -1.738512 
51 95  3.026781 -1.695121 
51 96  3.067274 -1.650748 
51 97  3.107843 -1.605360 
51 98  3.148498 -1.558919 
51 99  3.189245 -1.511388 
51 100  3.230092 -1.462724 
52 0  -1.344114 -3.337183 
52 1  -1.280191 -3.344092 
52 2  -1.217133 -3.350251 
52 3  -1.154906 -3.355683 
52 4  -1.093477 -3.360413 
52 5  -1.032816 -3.364459 
52 6  -0.972893 -3.367844 
52 7  -0.913681 -3.370584 
52 8  -0.855152 -3.372697 
52 9  -0.797283 -3.374200 
52 10  -0.740048 -3.375109 
52 11  -0.683426 -3.375436 
52 12  -0.627395 -3.375197 
52 13  -0.571934 -3.374403 
52 14  -0.517024 -3.373067 
52 15  -0.462645 -3.371200 
52 16  -0.408781 -3.368812 
52 17  -0.355414 -3.365914 
52 18  -0.302527 -3.362514 
52 19  -0.250104 -3.358622 
52 20  -0.198132 -3.354245 
52 21  -0.146594 -3.349391 
52 22  -0.095478 -3.344067 
52 23  -0.044769 -3.338281 
52 24  0.005544 -3.332037 
52 25  0.055476 -3.325342 
52 26  0.105036 -3.318202 
52 27  0.154237 -3.310620 
52 28  0.203090 -3.302602 
52 29  0.251606 -3.294152 
52 30  0.299795 -3.285274 
52 31  0.347667 -3.275970 
52 32  0.395232 -3.266245 
52 33  0.442499 -3.256101 
52 34  0.489477 -3.245541 
52 35  0.536175 -3.234566 
52 36  0.582602 -3.223179 
52 37  0.628765 -3.211381 
52 38  0.674673 -3.199174 
52 39  0.720334 -3.186558 
52 40  0.765756 -3.173535 
52 41  0.810945 -3.160104 
52 42  0.855909 -3.146266 
52 43  0.900656 -3.132021 
52 44  0.945191 -3.117368 
52 45  0.989522 -3.102307 
52 46  1.033655 -3.086838 
52 47  1.077597 -3.070958 
52 48  1.121354 -3.054666 
52 49  1.164932 -3.037962 
52 50  1.208337 -3.020842 
52 51  1.251575 -3.003304 
52 52  1.294652 -2.985347 
52 53  1.337573 -2.966967 
52 54  1.380345 -2.948162 
52 55  1.422972 -2.928927 
52 56  1.465460 -2.909260 
52 57  1.507815 -2.889157 
52 58  1.550042 -2.868613 
52 59  1.592146 -2.847624 
52 60  1.634132 -2.826184 
52 61  1.676005 -2.804290 
52 62  1.717770 -2.781935 
52 63  1.759433 -2.759114 
52 64  1.800998 -2.735821 
52 65  1.842471 -2.712048 
52 66  1.883855 -2.687790 
52 67  1.925157 -2.663038 
52 68  1.966380 -2.637786 
52 69  2.007531 -2.612025 
52 70  2.048613 -2.585747 
52 71  2.089631 -2.558942 
52 72  2.130591 -2.531602 
52 73  2.171497 -2.503716 
52 74  2.212354 -2.475274 
52 75  2.253168 -2.446265 
52 76  2.293942 -2.416678 
52 77  2.334682 -2.386500 
52 78  2.375392 -2.355719 
52 79  2.416079 -2.324322 
52 80  2.456747 -2.292293 
52 81  2.497401 -2.259619 
52 82  2.538046 -2.226285 
52 83  2.578688 -2.192273 
52 84  2.619333 -2.157567 
52 85  2.659984 -2.122148 
52 86  2.700650 -2.085998 
52 87  2.741333 -2.049096 
52 88  2.782042 -2.011422 
52 89  2.822782 -1.972953 
52 90  2.863558 -1.933666 
52 91  2.904377 -1.893536 
52 92  2.945246 -1.852538 
52 93  2.986171 -1.810643 
52 94  3.027160 -1.767822 
52 95  3.068218 -1.724046 
52 96  3.109354 -1.679280 
52 97  3.150575 -1.633491 
52 98  3.191890 -1.586642 
52 99  3.233305 -1.538694 
52 100  3.274830 -1.489606 
53 0  -1.358284 -3.388398 
53 1  -1.293560 -3.395143 
53 2  -1.229714 -3.401138 
53 3  -1.166711 -3.406407 
53 4  -1.104519 -3.410973 
53 5  -1.043105 -3.414857 
53 6  -0.982440 -3.418078 
53 7  -0.922496 -3.420654 
53 8  -0.863247 -3.422604 
53 9  -0.804665 -3.423944 
53 10  -0.746728 -3.424687 
53 11  -0.689412 -3.424850 
53 12  -0.632696 -3.424446 
53 13  -0.576558 -3.423487 
53 14  -0.520979 -3.421985 
53 15  -0.465939 -3.419951 
53 16  -0.411420 -3.417396 
53 17  -0.357406 -3.414329 
53 18  -0.303878 -3.410761 
53 19  -0.250821 -3.406699 
53 20  -0.198221 -3.402152 
53 21  -0.146061 -3.397127 
53 22  -0.094328 -3.391632 
53 23  -0.043008 -3.385672 
53 24  0.007911 -3.379255 
53 25  0.058443 -3.372385 
53 26  0.108600 -3.365069 
53 27  0.158393 -3.357310 
53 28  0.207833 -3.349114 
53 29  0.256932 -3.340485 
53 30  0.305700 -3.331427 
53 31  0.354147 -3.321942 
53 32  0.402283 -3.312034 
53 33  0.450118 -3.301706 
53 34  0.497661 -3.290960 
53 35  0.544921 -3.279799 
53 36  0.591906 -3.268224 
53 37  0.638625 -3.256237 
53 38  0.685087 -3.243838 
53 39  0.731298 -3.231030 
53 40  0.777268 -3.217813 
53 41  0.823003 -3.204186 
53 42  0.868512 -3.190151 
53 43  0.913800 -3.175707 
53 44  0.958876 -3.160854 
53 45  1.003745 -3.145591 
53 46  1.048416 -3.129917 
53 47  1.092894 -3.113831 
53 48  1.137185 -3.097332 
53 49  1.181296 -3.080417 
53 50  1.225234 -3.063085 
53 51  1.269004 -3.045334 
53 52  1.312612 -3.027161 
53 53  1.356064 -3.008563 
53 54  1.399366 -2.989537 
53 55  1.442523 -2.970080 
53 56  1.485541 -2.950188 
53 57  1.528426 -2.929857 
53 58  1.571182 -2.909083 
53 59  1.613816 -2.887861 
53 60  1.656332 -2.866187 
53 61  1.698736 -2.844055 
53 62  1.741033 -2.821460 
53 63  1.783228 -2.798396 
53 64  1.825326 -2.774856 
53 65  1.867333 -2.750834 
53 66  1.909253 -2.726324 
53 67  1.951091 -2.701317 
53 68  1.992853 -2.675806 
53 69  2.034543 -2.649783 
53 70  2.076167 -2.623240 
53 71  2.117729 -2.596166 
53 72  2.159234 -2.568554 
53 73  2.200688 -2.540392 
53 74  2.242096 -2.511670 
53 75  2.283462 -2.482378 
53 76  2.324792 -2.452503 
53 77  2.366090 -2.422033 
53 78  2.407363 -2.390955 
53 79  2.448614 -2.359257 
53 80  2.489851 -2.326923 
53 81  2.531077 -2.293940 
53 82  2.572299 -2.260290 
53 83  2.613521 -2.225959 
53 84  2.654750 -2.190928 
53 85  2.695991 -2.155179 
53 86  2.737250 -2.118693 
53 87  2.778533 -2.081450 
53 88  2.819846 -2.043429 
53 89  2.861195 -2.004607 
53 90  2.902588 -1.964961 
53 91  2.944029 -1.924466 
53 92  2.985526 -1.883095 
53 93  3.027087 -1.840821 
53 94  3.068717 -1.797615 
53 95  3.110425 -1.753445 
53 96  3.152219 -1.708278 
53 97  3.194106 -1.662080 
53 98  3.236094 -1.614814 
53 99  3.278193 -1.566441 
53 100  3.320411 -1.516920 
54 0  -1.372776 -3.440536 
54 1  -1.307233 -3.447112 
54 2  -1.242581 -3.452939 
54 3  -1.178786 -3.458041 
54 4  -1.115813 -3.462440 
54 5  -1.053631 -3.466156 
54 6  -0.992209 -3.469209 
54 7  -0.931518 -3.471618 
54 8  -0.871532 -3.473400 
54 9  -0.812224 -3.474572 
54 10  -0.753570 -3.475147 
54 11  -0.695546 -3.475141 
54 12  -0.638131 -3.474568 
54 13  -0.581302 -3.473439 
54 14  -0.525041 -3.471766 
54 15  -0.469326 -3.469562 
54 16  -0.414140 -3.466835 
54 17  -0.359465 -3.463597 
54 18  -0.305284 -3.459856 
54 19  -0.251581 -3.455621 
54 20  -0.198339 -3.450899 
54 21  -0.145545 -3.445699 
54 22  -0.093184 -3.440028 
54 23  -0.041241 -3.433891 
54 24  0.010296 -3.427296 
54 25  0.061440 -3.420248 
54 26  0.112204 -3.412752 
54 27  0.162600 -3.404812 
54 28  0.212638 -3.396435 
54 29  0.262331 -3.387622 
54 30  0.311689 -3.378380 
54 31  0.360722 -3.368709 
54 32  0.409441 -3.358615 
54 33  0.457854 -3.348099 
54 34  0.505972 -3.337164 
54 35  0.553804 -3.325813 
54 36  0.601358 -3.314046 
54 37  0.648644 -3.301865 
54 38  0.695669 -3.289272 
54 39  0.742441 -3.276267 
54 40  0.788969 -3.262852 
54 41  0.835261 -3.249026 
54 42  0.881323 -3.234790 
54 43  0.927164 -3.220143 
54 44  0.972790 -3.205086 
54 45  1.018208 -3.189617 
54 46  1.063426 -3.173735 
54 47  1.108450 -3.157439 
54 48  1.153286 -3.140728 
54 49  1.197941 -3.123599 
54 50  1.242421 -3.106052 
54 51  1.286732 -3.088083 
54 52  1.330881 -3.069689 
54 53  1.374874 -3.050869 
54 54  1.418715 -3.031619 
54 55  1.462412 -3.011935 
54 56  1.505970 -2.991814 
54 57  1.549394 -2.971252 
54 58  1.592690 -2.950243 
54 59  1.635864 -2.928785 
54 60  1.678920 -2.906872 
54 61  1.721865 -2.884498 
54 62  1.764703 -2.861658 
54 63  1.807441 -2.838346 
54 64  1.850082 -2.814556 
54 65  1.892633 -2.790281 
54 66  1.935099 -2.765514 
54 67  1.977484 -2.740247 
54 68  2.019795 -2.714473 
54 69  2.062035 -2.688184 
54 70  2.104211 -2.661371 
54 71  2.146327 -2.634024 
54 72  2.188389 -2.606134 
54 73  2.230402 -2.577691 
54 74  2.272371 -2.548685 
54 75  2.314300 -2.519104 
54 76  2.356197 -2.488936 
54 77  2.398065 -2.458169 
54 78  2.439911 -2.426790 
54 79  2.481739 -2.394785 
54 80  2.523556 -2.362141 
54 81  2.565366 -2.328842 
54 82  2.607175 -2.294872 
54 83  2.648990 -2.260215 
54 84  2.690815 -2.224853 
54 85  2.732658 -2.188768 
54 86  2.774523 -2.151941 
54 87  2.816418 -2.114350 
54 88  2.858348 -2.075976 
54 89  2.900321 -2.036795 
54 90  2.942342 -1.996782 
54 91  2.984418 -1.955915 
54 92  3.026558 -1.914165 
54 93  3.068767 -1.871504 
54 94  3.111054 -1.827904 
54 95  3.153427 -1.783333 
54 96  3.195892 -1.737757 
54 97  3.238460 -1.691143 
54 98  3.281138 -1.643452 
54 99  3.323935 -1.594645 
54 100  3.366862 -1.544680 
55 0  -1.387599 -3.493627 
55 1  -1.321219 -3.500030 
55 2  -1.255744 -3.505685 
55 3  -1.191139 -3.510615 
55 4  -1.127369 -3.514841 
55 5  -1.064402 -3.518386 
55 6  -1.002206 -3.521267 
55 7  -0.940752 -3.523504 
55 8  -0.880014 -3.525114 
55 9  -0.819964 -3.526112 
55 10  -0.760578 -3.526515 
55 11  -0.701832 -3.526336 
55 12  -0.643703 -3.525589 
55 13  -0.586170 -3.524286 
55 14  -0.529212 -3.522439 
55 15  -0.472809 -3.520059 
55 16  -0.416942 -3.517157 
55 17  -0.361594 -3.513742 
55 18  -0.306746 -3.509824 
55 19  -0.252383 -3.505411 
55 20  -0.198489 -3.500511 
55 21  -0.145048 -3.495132 
55 22  -0.092046 -3.489281 
55 23  -0.039468 -3.482963 
55 24  0.012698 -3.476186 
55 25  0.064467 -3.468955 
55 26  0.115850 -3.461275 
55 27  0.166860 -3.453151 
55 28  0.217508 -3.444587 
55 29  0.267806 -3.435588 
55 30  0.317765 -3.426157 
55 31  0.367396 -3.416297 
55 32  0.416707 -3.406012 
55 33  0.465710 -3.395305 
55 34  0.514415 -3.384176 
55 35  0.562829 -3.372630 
55 36  0.610963 -3.360667 
55 37  0.658825 -3.348289 
55 38  0.706424 -3.335498 
55 39  0.753768 -3.322293 
55 40  0.800866 -3.308676 
55 41  0.847724 -3.294646 
55 42  0.894351 -3.280205 
55 43  0.940754 -3.265352 
55 44  0.986941 -3.250086 
55 45  1.032918 -3.234406 
55 46  1.078693 -3.218312 
55 47  1.124273 -3.201802 
55 48  1.169663 -3.184875 
55 49  1.214872 -3.167529 
55 50  1.259905 -3.149762 
55 51  1.304768 -3.131571 
55 52  1.349468 -3.112953 
55 53  1.394011 -3.093907 
55 54  1.438403 -3.074428 
55 55  1.482650 -3.054513 
55 56  1.526757 -3.034159 
55 57  1.570731 -3.013361 
55 58  1.614577 -2.992115 
55 59  1.658301 -2.970416 
55 60  1.701908 -2.948259 
55 61  1.745404 -2.925639 
55 62  1.788794 -2.902550 
55 63  1.832085 -2.878986 
55 64  1.875280 -2.854941 
55 65  1.918386 -2.830408 
55 66  1.961408 -2.805379 
55 67  2.004351 -2.779848 
55 68  2.047220 -2.753807 
55 69  2.090022 -2.727247 
55 70  2.132761 -2.700159 
55 71  2.175442 -2.672533 
55 72  2.218071 -2.644362 
55 73  2.260654 -2.615633 
55 74  2.303195 -2.586337 
55 75  2.345700 -2.556462 
55 76  2.388174 -2.525995 
55 77  2.430624 -2.494926 
55 78  2.473054 -2.463240 
55 79  2.515471 -2.430924 
55 80  2.557879 -2.397964 
55 81  2.600285 -2.364344 
55 82  2.642695 -2.330048 
55 83  2.685114 -2.295059 
55 84  2.727549 -2.259361 
55 85  2.770006 -2.222933 
55 86  2.812490 -2.185758 
55 87  2.855010 -2.147814 
55 88  2.897571 -2.109079 
55 89  2.940179 -2.069531 
55 90  2.982843 -2.029146 
55 91  3.025569 -1.987899 
55 92  3.068364 -1.945762 
55 93  3.111237 -1.902708 
55 94  3.154195 -1.858707 
55 95  3.197246 -1.813726 
55 96  3.240399 -1.767734 
55 97  3.283663 -1.720694 
55 98  3.327046 -1.672569 
55 99  3.370559 -1.623319 
55 100  3.414210 -1.572903 
56 0  -1.402764 -3.547701 
56 1  -1.335528 -3.553928 
56 2  -1.269212 -3.559405 
56 3  -1.203779 -3.564158 
56 4  -1.139194 -3.568208 
56 5  -1.075424 -3.571575 
56 6  -1.012438 -3.574280 
56 7  -0.950205 -3.576340 
56 8  -0.888699 -3.577773 
56 9  -0.827892 -3.578594 
56 10  -0.767758 -3.578819 
56 11  -0.708275 -3.578462 
56 12  -0.649417 -3.577537 
56 13  -0.591165 -3.576055 
56 14  -0.533496 -3.574030 
56 15  -0.476390 -3.571470 
56 16  -0.419829 -3.568388 
56 17  -0.363793 -3.564793 
56 18  -0.308266 -3.560693 
56 19  -0.253231 -3.556098 
56 20  -0.198670 -3.551015 
56 21  -0.144570 -3.545452 
56 22  -0.090914 -3.539416 
56 23  -0.037689 -3.532914 
56 24  0.015119 -3.525950 
56 25  0.067524 -3.518532 
56 26  0.119539 -3.510664 
56 27  0.171175 -3.502350 
56 28  0.222445 -3.493597 
56 29  0.273360 -3.484406 
56 30  0.323932 -3.474783 
56 31  0.374170 -3.464729 
56 32  0.424087 -3.454250 
56 33  0.473691 -3.443346 
56 34  0.522992 -3.432021 
56 35  0.572001 -3.420276 
56 36  0.620726 -3.408113 
56 37  0.669176 -3.395533 
56 38  0.717359 -3.382539 
56 39  0.765286 -3.369130 
56 40  0.812963 -3.355306 
56 41  0.860398 -3.341070 
56 42  0.907600 -3.326419 
56 43  0.954577 -3.311355 
56 44  1.001335 -3.295876 
56 45  1.047881 -3.279983 
56 46  1.094224 -3.263672 
56 47  1.140371 -3.246945 
56 48  1.186327 -3.229797 
56 49  1.232099 -3.212229 
56 50  1.277695 -3.194238 
56 51  1.323121 -3.175821 
56 52  1.368382 -3.156975 
56 53  1.413487 -3.137698 
56 54  1.458439 -3.117986 
56 55  1.503246 -3.097837 
56 56  1.547914 -3.077245 
56 57  1.592448 -3.056207 
56 58  1.636854 -3.034718 
56 59  1.681139 -3.012773 
56 60  1.725307 -2.990369 
56 61  1.769365 -2.967498 
56 62  1.813318 -2.944155 
56 63  1.857172 -2.920335 
56 64  1.900932 -2.896030 
56 65  1.944603 -2.871235 
56 66  1.988192 -2.845941 
56 67  2.031704 -2.820141 
56 68  2.075144 -2.793827 
56 69  2.118518 -2.766991 
56 70  2.161831 -2.739623 
56 71  2.205088 -2.711715 
56 72  2.248296 -2.683256 
56 73  2.291460 -2.654236 
56 74  2.334585 -2.624645 
56 75  2.377677 -2.594471 
56 76  2.420741 -2.563701 
56 77  2.463784 -2.532324 
56 78  2.506811 -2.500326 
56 79  2.549828 -2.467693 
56 80  2.592841 -2.434411 
56 81  2.635855 -2.400463 
56 82  2.678878 -2.365835 
56 83  2.721914 -2.330510 
56 84  2.764971 -2.294468 
56 85  2.808055 -2.257692 
56 86  2.851172 -2.220162 
56 87  2.894330 -2.181858 
56 88  2.937535 -2.142756 
56 89  2.980794 -2.102835 
56 90  3.024114 -2.062070 
56 91  3.067504 -2.020436 
56 92  3.110970 -1.977905 
56 93  3.154521 -1.934449 
56 94  3.198165 -1.890039 
56 95  3.241910 -1.844641 
56 96  3.285766 -1.798224 
56 97  3.329742 -1.750750 
56 98  3.373847 -1.702182 
56 99  3.418091 -1.652480 
56 100  3.462485 -1.601602 
57 0  -1.418281 -3.602793 
57 1  -1.350170 -3.608836 
57 2  -1.282994 -3.614132 
57 3  -1.216714 -3.618702 
57 4  -1.151296 -3.622570 
57 5  -1.086706 -3.625755 
57 6  -1.022912 -3.628278 
57 7  -0.959884 -3.630157 
57 8  -0.897593 -3.631407 
57 9  -0.836012 -3.632047 
57 10  -0.775115 -3.632090 
57 11  -0.714878 -3.631550 
57 12  -0.655278 -3.630442 
57 13  -0.596291 -3.628777 
57 14  -0.537896 -3.626567 
57 15  -0.480073 -3.623824 
57 16  -0.422803 -3.620556 
57 17  -0.366067 -3.616776 
57 18  -0.309846 -3.612490 
57 19  -0.254124 -3.607708 
57 20  -0.198884 -3.602438 
57 21  -0.144111 -3.596687 
57 22  -0.089789 -3.590462 
57 23  -0.035904 -3.583769 
57 24  0.017559 -3.576615 
57 25  0.070613 -3.569005 
57 26  0.123272 -3.560945 
57 27  0.175546 -3.552438 
57 28  0.227450 -3.543489 
57 29  0.278994 -3.534103 
57 30  0.330190 -3.524283 
57 31  0.381050 -3.514032 
57 32  0.431582 -3.503353 
57 33  0.481799 -3.492249 
57 34  0.531709 -3.480722 
57 35  0.581323 -3.468774 
57 36  0.630650 -3.456407 
57 37  0.679699 -3.443622 
57 38  0.728479 -3.430420 
57 39  0.776999 -3.416802 
57 40  0.825266 -3.402769 
57 41  0.873290 -3.388320 
57 42  0.921079 -3.373456 
57 43  0.968639 -3.358177 
57 44  1.015979 -3.342482 
57 45  1.063106 -3.326369 
57 46  1.110028 -3.309838 
57 47  1.156752 -3.292888 
57 48  1.203284 -3.275517 
57 49  1.249631 -3.257723 
57 50  1.295801 -3.239503 
57 51  1.341800 -3.220855 
57 52  1.387634 -3.201777 
57 53  1.433310 -3.182265 
57 54  1.478834 -3.162316 
57 55  1.524212 -3.141927 
57 56  1.569451 -3.121093 
57 57  1.614556 -3.099810 
57 58  1.659534 -3.078074 
57 59  1.704390 -3.055880 
57 60  1.749130 -3.033223 
57 61  1.793761 -3.010097 
57 62  1.838288 -2.986496 
57 63  1.882716 -2.962415 
57 64  1.927051 -2.937846 
57 65  1.971300 -2.912783 
57 66  2.015467 -2.887219 
57 67  2.059559 -2.861145 
57 68  2.103581 -2.834554 
57 69  2.147538 -2.807437 
57 70  2.191437 -2.779784 
57 71  2.235282 -2.751588 
57 72  2.279081 -2.722837 
57 73  2.322837 -2.693521 
57 74  2.366558 -2.663630 
57 75  2.410249 -2.633151 
57 76  2.453916 -2.602073 
57 77  2.497564 -2.570382 
57 78  2.541200 -2.538066 
57 79  2.584830 -2.505110 
57 80  2.628460 -2.471500 
57 81  2.672095 -2.437220 
57 82  2.715744 -2.402254 
57 83  2.759411 -2.366585 
57 84  2.803103 -2.330194 
57 85  2.846828 -2.293063 
57 86  2.890592 -2.255172 
57 87  2.934401 -2.216500 
57 88  2.978264 -2.177025 
57 89  3.022188 -2.136724 
57 90  3.066180 -2.095572 
57 91  3.110248 -2.053543 
57 92  3.154400 -2.010610 
57 93  3.198644 -1.966745 
57 94  3.242990 -1.921918 
57 95  3.287446 -1.876095 
57 96  3.332021 -1.829243 
57 97  3.376726 -1.781326 
57 98  3.421569 -1.732307 
57 99  3.466562 -1.682143 
57 100  3.511716 -1.630794 
58 0  -1.434162 -3.658934 
58 1  -1.365156 -3.664789 
58 2  -1.297099 -3.669897 
58 3  -1.229954 -3.674280 
58 4  -1.163684 -3.677960 
58 5  -1.098256 -3.680959 
58 6  -1.033636 -3.683294 
58 7  -0.969794 -3.684986 
58 8  -0.906702 -3.686049 
58 9  -0.844330 -3.686501 
58 10  -0.782654 -3.686357 
58 11  -0.721648 -3.685630 
58 12  -0.661288 -3.684333 
58 13  -0.601551 -3.682480 
58 14  -0.542416 -3.680081 
58 15  -0.483861 -3.677148 
58 16  -0.425867 -3.673692 
58 17  -0.368415 -3.669720 
58 18  -0.311487 -3.665244 
58 19  -0.255065 -3.660271 
58 20  -0.199132 -3.654808 
58 21  -0.143672 -3.648864 
58 22  -0.088670 -3.642445 
58 23  -0.034111 -3.635558 
58 24  0.020020 -3.628209 
58 25  0.073736 -3.620403 
58 26  0.127050 -3.612145 
58 27  0.179976 -3.603440 
58 28  0.232526 -3.594292 
58 29  0.284712 -3.584706 
58 30  0.336545 -3.574684 
58 31  0.388036 -3.564231 
58 32  0.439197 -3.553349 
58 33  0.490038 -3.542040 
58 34  0.540569 -3.530307 
58 35  0.590801 -3.518151 
58 36  0.640741 -3.505575 
58 37  0.690401 -3.492580 
58 38  0.739789 -3.479167 
58 39  0.788913 -3.465336 
58 40  0.837783 -3.451088 
58 41  0.886407 -3.436423 
58 42  0.934793 -3.421341 
58 43  0.982948 -3.405843 
58 44  1.030882 -3.389926 
58 45  1.078601 -3.373590 
58 46  1.126112 -3.356835 
58 47  1.173424 -3.339658 
58 48  1.220544 -3.322058 
58 49  1.267477 -3.304033 
58 50  1.314232 -3.285580 
58 51  1.360815 -3.266698 
58 52  1.407232 -3.247382 
58 53  1.453491 -3.227631 
58 54  1.499598 -3.207441 
58 55  1.545558 -3.186807 
58 56  1.591379 -3.165727 
58 57  1.637067 -3.144195 
58 58  1.682627 -3.122208 
58 59  1.728066 -3.099759 
58 60  1.773390 -3.076845 
58 61  1.818605 -3.053459 
58 62  1.863716 -3.029596 
58 63  1.908730 -3.005248 
58 64  1.953653 -2.980411 
58 65  1.998490 -2.955075 
58 66  2.043247 -2.929235 
58 67  2.087931 -2.902883 
58 68  2.132546 -2.876009 
58 69  2.177099 -2.848606 
58 70  2.221595 -2.820664 
58 71  2.266040 -2.792174 
58 72  2.310441 -2.763126 
58 73  2.354803 -2.733509 
58 74  2.399133 -2.703312 
58 75  2.443435 -2.672523 
58 76  2.487716 -2.641130 
58 77  2.531983 -2.609121 
58 78  2.576241 -2.576481 
58 79  2.620497 -2.543197 
58 80  2.664756 -2.509253 
58 81  2.709027 -2.474634 
58 82  2.753314 -2.439323 
58 83  2.797625 -2.403304 
58 84  2.841967 -2.366558 
58 85  2.886347 -2.329065 
58 86  2.930771 -2.290807 
58 87  2.975247 -2.251760 
58 88  3.019783 -2.211905 
58 89  3.064386 -2.171216 
58 90  3.109065 -2.129669 
58 91  3.153826 -2.087238 
58 92  3.198680 -2.043897 
58 93  3.243634 -1.999614 
58 94  3.288698 -1.954361 
58 95  3.333881 -1.908104 
58 96  3.379192 -1.860810 
58 97  3.424642 -1.812441 
58 98  3.470242 -1.762960 
58 99  3.516002 -1.712326 
58 100  3.561933 -1.660496 
59 0  -1.450418 -3.716159 
59 1  -1.380496 -3.721821 
59 2  -1.311539 -3.726735 
59 3  -1.243508 -3.730925 
59 4  -1.176367 -3.734412 
59 5  -1.110082 -3.737218 
59 6  -1.044618 -3.739361 
59 7  -0.979945 -3.740860 
59 8  -0.916033 -3.741731 
59 9  -0.852854 -3.741990 
59 10  -0.790381 -3.741653 
59 11  -0.728589 -3.740732 
59 12  -0.667453 -3.739243 
59 13  -0.606951 -3.737196 
59 14  -0.547059 -3.734603 
59 15  -0.487757 -3.731476 
59 16  -0.429025 -3.727824 
59 17  -0.370842 -3.723658 
59 18  -0.313191 -3.718985 
59 19  -0.256054 -3.713815 
59 20  -0.199414 -3.708156 
59 21  -0.143254 -3.702014 
59 22  -0.087558 -3.695396 
59 23  -0.032311 -3.688310 
59 24  0.022500 -3.680760 
59 25  0.076892 -3.672753 
59 26  0.130876 -3.664293 
59 27  0.184466 -3.655385 
59 28  0.237675 -3.646034 
59 29  0.290515 -3.636242 
59 30  0.342997 -3.626015 
59 31  0.395134 -3.615354 
59 32  0.446936 -3.604264 
59 33  0.498414 -3.592745 
59 34  0.549578 -3.580801 
59 35  0.600438 -3.568434 
59 36  0.651005 -3.555645 
59 37  0.701287 -3.542435 
59 38  0.751294 -3.528805 
59 39  0.801035 -3.514757 
59 40  0.850519 -3.500290 
59 41  0.899754 -3.485404 
59 42  0.948749 -3.470100 
59 43  0.997512 -3.454377 
59 44  1.046050 -3.438235 
59 45  1.094373 -3.421672 
59 46  1.142486 -3.404687 
59 47  1.190398 -3.387279 
59 48  1.238116 -3.369445 
59 49  1.285647 -3.351185 
59 50  1.332998 -3.332495 
59 51  1.380176 -3.313373 
59 52  1.427189 -3.293816 
59 53  1.474042 -3.273821 
59 54  1.520743 -3.253384 
59 55  1.567297 -3.232502 
59 56  1.613712 -3.211170 
59 57  1.659993 -3.189385 
59 58  1.706147 -3.167141 
59 59  1.752181 -3.144434 
59 60  1.798100 -3.121257 
59 61  1.843910 -3.097607 
59 62  1.889618 -3.073476 
59 63  1.935230 -3.048858 
59 64  1.980752 -3.023746 
59 65  2.026189 -2.998134 
59 66  2.071548 -2.972013 
59 67  2.116835 -2.945377 
59 68  2.162056 -2.918216 
59 69  2.207216 -2.890521 
59 70  2.252323 -2.862285 
59 71  2.297381 -2.833496 
59 72  2.342397 -2.804145 
59 73  2.387376 -2.774221 
59 74  2.432327 -2.743713 
59 75  2.477253 -2.712609 
59 76  2.522162 -2.680896 
59 77  2.567060 -2.648561 
59 78  2.611953 -2.615592 
59 79  2.656848 -2.581973 
59 80  2.701752 -2.547689 
59 81  2.746671 -2.512725 
59 82  2.791611 -2.477064 
59 83  2.836581 -2.440688 
59 84  2.881586 -2.403580 
59 85  2.926635 -2.365719 
59 86  2.971735 -2.327086 
59 87  3.016892 -2.287658 
59 88  3.062116 -2.247415 
59 89  3.107415 -2.206331 
59 90  3.152795 -2.164382 
59 91  3.198267 -2.121542 
59 92  3.243838 -2.077782 
59 93  3.289518 -2.033074 
59 94  3.335317 -1.987387 
59 95  3.381244 -1.940688 
59 96  3.427309 -1.892942 
59 97  3.473523 -1.844112 
59 98  3.519897 -1.794161 
59 99  3.566442 -1.743046 
59 100  3.613171 -1.690724 
60 0  -1.467061 -3.774506 
60 1  -1.396201 -3.779967 
60 2  -1.326323 -3.784682 
60 3  -1.257387 -3.788672 
60 4  -1.189355 -3.791961 
60 5  -1.122193 -3.794568 
60 6  -1.055866 -3.796513 
60 7  -0.990343 -3.797813 
60 8  -0.925593 -3.798486 
60 9  -0.861589 -3.798547 
60 10  -0.798302 -3.798011 
60 11  -0.735707 -3.796892 
60 12  -0.673779 -3.795203 
60 13  -0.612494 -3.792957 
60 14  -0.551829 -3.790165 
60 15  -0.491764 -3.786838 
60 16  -0.432277 -3.782986 
60 17  -0.373349 -3.778619 
60 18  -0.314961 -3.773745 
60 19  -0.257094 -3.768373 
60 20  -0.199731 -3.762511 
60 21  -0.142856 -3.756166 
60 22  -0.086452 -3.749345 
60 23  -0.030504 -3.742054 
60 24  0.025002 -3.734299 
60 25  0.080083 -3.726086 
60 26  0.134750 -3.717419 
60 27  0.189018 -3.708303 
60 28  0.242899 -3.698743 
60 29  0.296407 -3.688742 
60 30  0.349552 -3.678303 
60 31  0.402346 -3.667431 
60 32  0.454802 -3.656127 
60 33  0.506929 -3.644394 
60 34  0.558738 -3.632235 
60 35  0.610241 -3.619651 
60 36  0.661445 -3.606643 
60 37  0.712363 -3.593214 
60 38  0.763002 -3.579363 
60 39  0.813372 -3.565092 
60 40  0.863482 -3.550402 
60 41  0.913340 -3.535291 
60 42  0.962956 -3.519760 
60 43  1.012338 -3.503808 
60 44  1.061493 -3.487435 
60 45  1.110431 -3.470640 
60 46  1.159157 -3.453421 
60 47  1.207681 -3.435776 
60 48  1.256009 -3.417705 
60 49  1.304150 -3.399205 
60 50  1.352109 -3.380273 
60 51  1.399895 -3.360907 
60 52  1.447514 -3.341103 
60 53  1.494973 -3.320859 
60 54  1.542280 -3.300172 
60 55  1.589440 -3.279036 
60 56  1.636460 -3.257448 
60 57  1.683347 -3.235404 
60 58  1.730107 -3.212899 
60 59  1.776747 -3.189928 
60 60  1.823273 -3.166485 
60 61  1.869691 -3.142565 
60 62  1.916008 -3.118161 
60 63  1.962230 -3.093267 
60 64  2.008363 -3.067876 
60 65  2.054413 -3.041982 
60 66  2.100386 -3.015576 
60 67  2.146289 -2.988650 
60 68  2.192128 -2.961196 
60 69  2.237908 -2.933206 
60 70  2.283637 -2.904669 
60 71  2.329321 -2.875576 
60 72  2.374965 -2.845917 
60 73  2.420575 -2.815680 
60 74  2.466160 -2.784855 
60 75  2.511723 -2.753430 
60 76  2.557274 -2.721391 
60 77  2.602816 -2.688726 
60 78  2.648359 -2.655421 
60 79  2.693907 -2.621461 
60 80  2.739468 -2.586831 
60 81  2.785050 -2.551516 
60 82  2.830658 -2.515497 
60 83  2.876300 -2.478759 
60 84  2.921984 -2.441281 
60 85  2.967717 -2.403045 
60 86  3.013508 -2.364030 
60 87  3.059362 -2.324214 
60 88  3.105290 -2.283575 
60 89  3.151299 -2.242089 
60 90  3.197398 -2.199730 
60 91  3.243596 -2.156472 
60 92  3.289902 -2.112287 
60 93  3.336326 -2.067146 
60 94  3.382877 -2.021016 
60 95  3.429566 -1.973865 
60 96  3.476403 -1.925658 
60 97  3.523399 -1.876358 
60 98  3.570566 -1.825926 
60 99  3.617916 -1.774320 
60 100  3.665462 -1.721497 
61 0  -1.484105 -3.834012 
61 1  -1.412285 -3.839267 
61 2  -1.341464 -3.843775 
61 3  -1.271600 -3.847560 
61 4  -1.202657 -3.850644 
61 5  -1.134598 -3.853046 
61 6  -1.067388 -3.854786 
61 7  -1.000996 -3.855881 
61 8  -0.935390 -3.856350 
61 9  -0.870542 -3.856206 
61 10  -0.806423 -3.855466 
61 11  -0.743007 -3.854142 
61 12  -0.680269 -3.852249 
61 13  -0.618185 -3.849798 
61 14  -0.556731 -3.846800 
61 15  -0.495886 -3.843268 
61 16  -0.435629 -3.839210 
61 17  -0.375939 -3.834636 
61 18  -0.316797 -3.829556 
61 19  -0.258185 -3.823977 
61 20  -0.200085 -3.817907 
61 21  -0.142480 -3.811354 
61 22  -0.085354 -3.804323 
61 23  -0.028690 -3.796823 
61 24  0.027526 -3.788857 
61 25  0.083310 -3.780432 
61 26  0.138675 -3.771553 
61 27  0.193634 -3.762225 
61 28  0.248201 -3.752450 
61 29  0.302390 -3.742234 
61 30  0.356211 -3.731580 
61 31  0.409676 -3.720490 
61 32  0.462799 -3.708968 
61 33  0.515588 -3.697016 
61 34  0.568056 -3.684636 
61 35  0.620213 -3.671830 
61 36  0.672069 -3.658600 
61 37  0.723634 -3.644946 
61 38  0.774917 -3.630870 
61 39  0.825929 -3.616372 
61 40  0.876677 -3.601452 
61 41  0.927172 -3.586111 
61 42  0.977422 -3.570348 
61 43  1.027435 -3.554162 
61 44  1.077219 -3.537554 
61 45  1.126784 -3.520522 
61 46  1.176136 -3.503064 
61 47  1.225283 -3.485179 
61 48  1.274235 -3.466865 
61 49  1.322996 -3.448120 
61 50  1.371576 -3.428941 
61 51  1.419982 -3.409325 
61 52  1.468220 -3.389271 
61 53  1.516297 -3.368773 
61 54  1.564222 -3.347829 
61 55  1.611999 -3.326435 
61 56  1.659637 -3.304587 
61 57  1.707142 -3.282279 
61 58  1.754521 -3.259508 
61 59  1.801779 -3.236268 
61 60  1.848925 -3.212553 
61 61  1.895963 -3.188358 
61 62  1.942901 -3.163676 
61 63  1.989745 -3.138502 
61 64  2.036502 -3.112827 
61 65  2.083177 -3.086645 
61 66  2.129777 -3.059948 
61 67  2.176309 -3.032728 
61 68  2.222779 -3.004976 
61 69  2.269193 -2.976683 
61 70  2.315558 -2.947841 
61 71  2.361879 -2.918438 
61 72  2.408165 -2.888465 
61 73  2.454420 -2.857910 
61 74  2.500652 -2.826763 
61 75  2.546867 -2.795010 
61 76  2.593072 -2.762639 
61 77  2.639274 -2.729637 
61 78  2.685479 -2.695990 
61 79  2.731695 -2.661683 
61 80  2.777929 -2.626701 
61 81  2.824187 -2.591028 
61 82  2.870478 -2.554646 
61 83  2.916809 -2.517537 
61 84  2.963186 -2.479684 
61 85  3.009620 -2.441066 
61 86  3.056116 -2.401662 
61 87  3.102684 -2.361450 
61 88  3.149332 -2.320408 
61 89  3.196069 -2.278512 
61 90  3.242903 -2.235735 
61 91  3.289845 -2.192051 
61 92  3.336903 -2.147432 
61 93  3.384088 -2.101848 
61 94  3.431409 -2.055267 
61 95  3.478878 -2.007655 
61 96  3.526506 -1.958978 
61 97  3.574304 -1.909198 
61 98  3.622284 -1.858276 
61 99  3.670459 -1.806169 
61 100  3.718843 -1.752833 
62 0  -1.501561 -3.894717 
62 1  -1.428759 -3.899758 
62 2  -1.356972 -3.904054 
62 3  -1.286160 -3.907626 
62 4  -1.216284 -3.910498 
62 5  -1.147307 -3.912688 
62 6  -1.079194 -3.914217 
62 7  -1.011913 -3.915102 
62 8  -0.945431 -3.915359 
62 9  -0.879720 -3.915005 
62 10  -0.814750 -3.914054 
62 11  -0.750495 -3.912519 
62 12  -0.686930 -3.910415 
62 13  -0.624028 -3.907753 
62 14  -0.561768 -3.904545 
62 15  -0.500127 -3.900801 
62 16  -0.439082 -3.896531 
62 17  -0.378614 -3.891745 
62 18  -0.318703 -3.886452 
62 19  -0.259330 -3.880660 
62 20  -0.200477 -3.874377 
62 21  -0.142127 -3.867609 
62 22  -0.084262 -3.860364 
62 23  -0.026867 -3.852648 
62 24  0.030073 -3.844467 
62 25  0.086574 -3.835825 
62 26  0.142651 -3.826728 
62 27  0.198316 -3.817181 
62 28  0.253584 -3.807187 
62 29  0.308467 -3.796751 
62 30  0.362978 -3.785875 
62 31  0.417128 -3.774564 
62 32  0.470931 -3.762818 
62 33  0.524397 -3.750642 
62 34  0.577536 -3.738036 
62 35  0.630361 -3.725003 
62 36  0.682881 -3.711545 
62 37  0.735107 -3.697661 
62 38  0.787048 -3.683354 
62 39  0.838714 -3.668624 
62 40  0.890114 -3.653470 
62 41  0.941257 -3.637894 
62 42  0.992153 -3.621894 
62 43  1.042810 -3.605470 
62 44  1.093237 -3.588621 
62 45  1.143441 -3.571347 
62 46  1.193431 -3.553645 
62 47  1.243216 -3.535514 
62 48  1.292802 -3.516952 
62 49  1.342198 -3.497957 
62 50  1.391411 -3.478526 
62 51  1.440448 -3.458657 
62 52  1.489317 -3.438346 
62 53  1.538026 -3.417590 
62 54  1.586581 -3.396385 
62 55  1.634989 -3.374727 
62 56  1.683257 -3.352613 
62 57  1.731393 -3.330037 
62 58  1.779402 -3.306994 
62 59  1.827292 -3.283480 
62 60  1.875069 -3.259488 
62 61  1.922741 -3.235013 
62 62  1.970313 -3.210048 
62 63  2.017793 -3.184587 
62 64  2.065186 -3.158623 
62 65  2.112499 -3.132148 
62 66  2.159740 -3.105155 
62 67  2.206914 -3.077635 
62 68  2.254028 -3.049579 
62 69  2.301089 -3.020979 
62 70  2.348103 -2.991825 
62 71  2.395077 -2.962107 
62 72  2.442017 -2.931814 
62 73  2.488931 -2.900935 
62 74  2.535824 -2.869459 
62 75  2.582705 -2.837373 
62 76  2.629579 -2.804664 
62 77  2.676454 -2.771319 
62 78  2.723338 -2.737324 
62 79  2.770236 -2.702664 
62 80  2.817157 -2.667323 
62 81  2.864108 -2.631285 
62 82  2.911097 -2.594532 
62 83  2.958131 -2.557047 
62 84  3.005219 -2.518811 
62 85  3.052368 -2.479803 
62 86  3.099587 -2.440003 
62 87  3.146885 -2.399388 
62 88  3.194270 -2.357935 
62 89  3.241751 -2.315621 
62 90  3.289339 -2.272418 
62 91  3.337042 -2.228300 
62 92  3.384870 -2.183239 
62 93  3.432834 -2.137203 
62 94  3.480945 -2.090161 
62 95  3.529214 -2.042080 
62 96  3.577652 -1.992923 
62 97  3.626272 -1.942654 
62 98  3.675086 -1.891230 
62 99  3.724107 -1.838612 
62 100  3.773349 -1.784753 
63 0  -1.519445 -3.956662 
63 1  -1.445636 -3.961483 
63 2  -1.372861 -3.965558 
63 3  -1.301077 -3.968911 
63 4  -1.230246 -3.971564 
63 5  -1.160330 -3.973536 
63 6  -1.091293 -3.974846 
63 7  -1.023102 -3.975513 
63 8  -0.955724 -3.975553 
63 9  -0.889130 -3.974981 
63 10  -0.823291 -3.973813 
63 11  -0.758178 -3.972061 
63 12  -0.693766 -3.969740 
63 13  -0.630030 -3.966860 
63 14  -0.566945 -3.963434 
63 15  -0.504489 -3.959472 
63 16  -0.442640 -3.954985 
63 17  -0.381378 -3.949981 
63 18  -0.320681 -3.944469 
63 19  -0.260530 -3.938458 
63 20  -0.200908 -3.931955 
63 21  -0.141796 -3.924968 
63 22  -0.083178 -3.917502 
63 23  -0.025037 -3.909565 
63 24  0.032643 -3.901162 
63 25  0.089878 -3.892298 
63 26  0.146680 -3.882978 
63 27  0.203066 -3.873206 
63 28  0.259049 -3.862988 
63 29  0.314641 -3.852326 
63 30  0.369856 -3.841223 
63 31  0.424706 -3.829684 
63 32  0.479203 -3.817709 
63 33  0.533359 -3.805303 
63 34  0.587184 -3.792466 
63 35  0.640690 -3.779201 
63 36  0.693888 -3.765509 
63 37  0.746788 -3.751391 
63 38  0.799400 -3.736848 
63 39  0.851734 -3.721880 
63 40  0.903798 -3.706487 
63 41  0.955604 -3.690670 
63 42  1.007159 -3.674428 
63 43  1.058473 -3.657760 
63 44  1.109555 -3.640666 
63 45  1.160412 -3.623144 
63 46  1.211054 -3.605193 
63 47  1.261488 -3.586811 
63 48  1.311722 -3.567997 
63 49  1.361765 -3.548747 
63 50  1.411623 -3.529059 
63 51  1.461306 -3.508930 
63 52  1.510820 -3.488357 
63 53  1.560172 -3.467338 
63 54  1.609370 -3.445867 
63 55  1.658422 -3.423940 
63 56  1.707334 -3.401555 
63 57  1.756113 -3.378705 
63 58  1.804766 -3.355385 
63 59  1.853300 -3.331591 
63 60  1.901723 -3.307317 
63 61  1.950041 -3.282557 
63 62  1.998261 -3.257304 
63 63  2.046389 -3.231551 
63 64  2.094432 -3.205292 
63 65  2.142398 -3.178519 
63 66  2.190292 -3.151223 
63 67  2.238122 -3.123398 
63 68  2.285894 -3.095033 
63 69  2.333615 -3.066120 
63 70  2.381293 -3.036649 
63 71  2.428933 -3.006609 
63 72  2.476542 -2.975990 
63 73  2.524129 -2.944781 
63 74  2.571699 -2.912970 
63 75  2.619259 -2.880545 
63 76  2.666818 -2.847492 
63 77  2.714382 -2.813797 
63 78  2.761958 -2.779448 
63 79  2.809554 -2.744427 
63 80  2.857178 -2.708721 
63 81  2.904838 -2.672311 
63 82  2.952540 -2.635181 
63 83  3.000295 -2.597312 
63 84  3.048108 -2.558685 
63 85  3.095991 -2.519281 
63 86  3.143949 -2.479076 
63 87  3.191994 -2.438051 
63 88  3.240134 -2.396180 
63 89  3.288378 -2.353439 
63 90  3.336737 -2.309802 
63 91  3.385219 -2.265241 
63 92  3.433837 -2.219729 
63 93  3.482600 -2.173233 
63 94  3.531520 -2.125721 
63 95  3.580608 -2.077161 
63 96  3.629877 -2.027514 
63 97  3.679339 -1.976745 
63 98  3.729008 -1.924810 
63 99  3.778897 -1.871669 
63 100  3.829021 -1.817276 
64 0  -1.537771 -4.019891 
64 1  -1.462930 -4.024483 
64 2  -1.389142 -4.028331 
64 3  -1.316364 -4.031457 
64 4  -1.244555 -4.033883 
64 5  -1.173677 -4.035629 
64 6  -1.103694 -4.036714 
64 7  -1.034572 -4.037156 
64 8  -0.966278 -4.036971 
64 9  -0.898781 -4.036175 
64 10  -0.832051 -4.034782 
64 11  -0.766061 -4.032807 
64 12  -0.700784 -4.030261 
64 13  -0.636194 -4.027158 
64 14  -0.572266 -4.023507 
64 15  -0.508978 -4.019321 
64 16  -0.446307 -4.014609 
64 17  -0.384232 -4.009381 
64 18  -0.322732 -4.003644 
64 19  -0.261787 -3.997408 
64 20  -0.201379 -3.990679 
64 21  -0.141490 -3.983465 
64 22  -0.082101 -3.975773 
64 23  -0.023198 -3.967609 
64 24  0.035238 -3.958978 
64 25  0.093220 -3.949885 
64 26  0.150765 -3.940336 
64 27  0.207887 -3.930335 
64 28  0.264599 -3.919886 
64 29  0.320916 -3.908992 
64 30  0.376850 -3.897657 
64 31  0.432413 -3.885884 
64 32  0.487619 -3.873675 
64 33  0.542479 -3.861033 
64 34  0.597005 -3.847960 
64 35  0.651207 -3.834457 
64 36  0.705096 -3.820526 
64 37  0.758685 -3.806168 
64 38  0.811981 -3.791383 
64 39  0.864996 -3.776172 
64 40  0.917739 -3.760535 
64 41  0.970221 -3.744472 
64 42  1.022449 -3.727982 
64 43  1.074434 -3.711065 
64 44  1.126183 -3.693720 
64 45  1.177707 -3.675946 
64 46  1.229013 -3.657740 
64 47  1.280110 -3.639102 
64 48  1.331006 -3.620029 
64 49  1.381709 -3.600518 
64 50  1.432227 -3.580568 
64 51  1.482568 -3.560175 
64 52  1.532740 -3.539336 
64 53  1.582749 -3.518046 
64 54  1.632604 -3.496304 
64 55  1.682312 -3.474104 
64 56  1.731881 -3.451441 
64 57  1.781317 -3.428312 
64 58  1.830628 -3.404710 
64 59  1.879821 -3.380632 
64 60  1.928902 -3.356070 
64 61  1.977880 -3.331018 
64 62  2.026761 -3.305471 
64 63  2.075551 -3.279421 
64 64  2.124259 -3.252861 
64 65  2.172890 -3.225784 
64 66  2.221452 -3.198181 
64 67  2.269952 -3.170044 
64 68  2.318397 -3.141364 
64 69  2.366793 -3.112132 
64 70  2.415148 -3.082338 
64 71  2.463469 -3.051971 
64 72  2.511763 -3.021020 
64 73  2.560037 -2.989475 
64 74  2.608298 -2.957323 
64 75  2.656554 -2.924552 
64 76  2.704812 -2.891148 
64 77  2.753080 -2.857098 
64 78  2.801365 -2.822386 
64 79  2.849675 -2.786999 
64 80  2.898019 -2.750920 
64 81  2.946403 -2.714132 
64 82  2.994836 -2.676617 
64 83  3.043327 -2.638357 
64 84  3.091884 -2.599333 
64 85  3.140516 -2.559524 
64 86  3.189233 -2.518908 
64 87  3.238042 -2.477463 
64 88  3.286955 -2.435166 
64 89  3.335980 -2.391990 
64 90  3.385128 -2.347910 
64 91  3.434410 -2.302899 
64 92  3.483837 -2.256926 
64 93  3.533418 -2.209960 
64 94  3.583168 -2.161970 
64 95  3.633096 -2.112920 
64 96  3.683217 -2.062774 
64 97  3.733544 -2.011494 
64 98  3.784090 -1.959038 
64 99  3.834869 -1.905363 
64 100  3.885897 -1.850424 
65 0  -1.556554 -4.084449 
65 1  -1.480656 -4.088804 
65 2  -1.405830 -4.092416 
65 3  -1.332032 -4.095307 
65 4  -1.259222 -4.097499 
65 5  -1.187359 -4.099012 
65 6  -1.116408 -4.099864 
65 7  -1.046333 -4.100073 
65 8  -0.977101 -4.099656 
65 9  -0.908680 -4.098628 
65 10  -0.841040 -4.097004 
65 11  -0.774152 -4.094797 
65 12  -0.707990 -4.092020 
65 13  -0.642526 -4.088685 
65 14  -0.577737 -4.084804 
65 15  -0.513598 -4.080387 
65 16  -0.450086 -4.075444 
65 17  -0.387180 -4.069983 
65 18  -0.324859 -4.064015 
65 19  -0.263102 -4.057547 
65 20  -0.201891 -4.050586 
65 21  -0.141207 -4.043140 
65 22  -0.081032 -4.035215 
65 23  -0.021350 -4.026817 
65 24  0.037857 -4.017952 
65 25  0.096605 -4.008625 
65 26  0.154907 -3.998840 
65 27  0.212781 -3.988603 
65 28  0.270238 -3.977917 
65 29  0.327294 -3.966786 
65 30  0.383962 -3.955212 
65 31  0.440255 -3.943200 
65 32  0.496184 -3.930751 
65 33  0.551763 -3.917868 
65 34  0.607003 -3.904552 
65 35  0.661916 -3.890806 
65 36  0.716512 -3.876630 
65 37  0.770803 -3.862026 
65 38  0.824798 -3.846993 
65 39  0.878509 -3.831534 
65 40  0.931945 -3.815646 
65 41  0.985116 -3.799332 
65 42  1.038031 -3.782589 
65 43  1.090701 -3.765417 
65 44  1.143133 -3.747816 
65 45  1.195337 -3.729783 
65 46  1.247321 -3.711318 
65 47  1.299095 -3.692418 
65 48  1.350666 -3.673081 
65 49  1.402043 -3.653305 
65 50  1.453235 -3.633086 
65 51  1.504248 -3.612423 
65 52  1.555090 -3.591311 
65 53  1.605771 -3.569747 
65 54  1.656297 -3.547728 
65 55  1.706676 -3.525248 
65 56  1.756915 -3.502303 
65 57  1.807022 -3.478889 
65 58  1.857004 -3.455000 
65 59  1.906869 -3.430630 
65 60  1.956624 -3.405775 
65 61  2.006275 -3.380427 
65 62  2.055831 -3.354580 
65 63  2.105298 -3.328227 
65 64  2.154684 -3.301361 
65 65  2.203996 -3.273974 
65 66  2.253241 -3.246057 
65 67  2.302425 -3.217603 
65 68  2.351557 -3.188602 
65 69  2.400643 -3.159045 
65 70  2.449691 -3.128921 
65 71  2.498708 -3.098220 
65 72  2.547701 -3.066932 
65 73  2.596678 -3.035044 
65 74  2.645646 -3.002545 
65 75  2.694614 -2.969421 
65 76  2.743587 -2.935660 
65 77  2.792575 -2.901247 
65 78  2.841585 -2.866168 
65 79  2.890626 -2.830407 
65 80  2.939705 -2.793948 
65 81  2.988831 -2.756774 
65 82  3.038012 -2.718867 
65 83  3.087257 -2.680209 
65 84  3.136575 -2.640779 
65 85  3.185975 -2.600558 
65 86  3.235467 -2.559522 
65 87  3.285060 -2.517651 
65 88  3.334765 -2.474918 
65 89  3.384591 -2.431300 
65 90  3.434548 -2.386768 
65 91  3.484649 -2.341296 
65 92  3.534905 -2.294854 
65 93  3.585326 -2.247409 
65 94  3.635926 -2.198930 
65 95  3.686717 -2.149381 
65 96  3.737712 -2.098725 
65 97  3.788925 -2.046924 
65 98  3.840371 -1.993936 
65 99  3.892064 -1.939716 
65 100  3.944021 -1.884219 
66 0  -1.575809 -4.150383 
66 1  -1.498828 -4.154493 
66 2  -1.422939 -4.157860 
66 3  -1.348097 -4.160508 
66 4  -1.274260 -4.162457 
66 5  -1.201389 -4.163728 
66 6  -1.129446 -4.164339 
66 7  -1.058395 -4.164308 
66 8  -0.988202 -4.163651 
66 9  -0.918835 -4.162383 
66 10  -0.850263 -4.160520 
66 11  -0.782457 -4.158074 
66 12  -0.715389 -4.155058 
66 13  -0.649032 -4.151485 
66 14  -0.583361 -4.147366 
66 15  -0.518352 -4.142710 
66 16  -0.453980 -4.137529 
66 17  -0.390225 -4.131830 
66 18  -0.327065 -4.125623 
66 19  -0.264478 -4.118916 
66 20  -0.202446 -4.111716 
66 21  -0.140950 -4.104031 
66 22  -0.079971 -4.095866 
66 23  -0.019493 -4.087228 
66 24  0.040503 -4.078122 
66 25  0.100031 -4.068554 
66 26  0.159108 -4.058528 
66 27  0.217749 -4.048048 
66 28  0.275969 -4.037119 
66 29  0.333780 -4.025744 
66 30  0.391198 -4.013926 
66 31  0.448235 -4.001668 
66 32  0.504904 -3.988973 
66 33  0.561217 -3.975843 
66 34  0.617187 -3.962279 
66 35  0.672825 -3.948283 
66 36  0.728142 -3.933856 
66 37  0.783150 -3.919000 
66 38  0.837859 -3.903714 
66 39  0.892280 -3.888000 
66 40  0.946424 -3.871857 
66 41  1.000299 -3.855285 
66 42  1.053916 -3.838283 
66 43  1.107284 -3.820851 
66 44  1.160413 -3.802987 
66 45  1.213312 -3.784691 
66 46  1.265989 -3.765960 
66 47  1.318454 -3.746792 
66 48  1.370715 -3.727186 
66 49  1.422780 -3.707138 
66 50  1.474658 -3.686646 
66 51  1.526358 -3.665707 
66 52  1.577886 -3.644317 
66 53  1.629252 -3.622473 
66 54  1.680463 -3.600170 
66 55  1.731527 -3.577405 
66 56  1.782451 -3.554172 
66 57  1.833243 -3.530467 
66 58  1.883911 -3.506285 
66 59  1.934463 -3.481619 
66 60  1.984905 -3.456464 
66 61  2.035245 -3.430814 
66 62  2.085491 -3.404662 
66 63  2.135650 -3.378000 
66 64  2.185729 -3.350821 
66 65  2.235736 -3.323118 
66 66  2.285678 -3.294882 
66 67  2.335562 -3.266105 
66 68  2.385396 -3.236776 
66 69  2.435188 -3.206887 
66 70  2.484944 -3.176428 
66 71  2.534672 -3.145387 
66 72  2.584381 -3.113754 
66 73  2.634077 -3.081517 
66 74  2.683768 -3.048664 
66 75  2.733463 -3.015181 
66 76  2.783169 -2.981056 
66 77  2.832893 -2.946274 
66 78  2.882646 -2.910819 
66 79  2.932434 -2.874677 
66 80  2.982266 -2.837832 
66 81  3.032151 -2.800265 
66 82  3.082097 -2.761958 
66 83  3.132115 -2.722894 
66 84  3.182212 -2.683051 
66 85  3.232400 -2.642410 
66 86  3.282686 -2.600947 
66 87  3.333082 -2.558640 
66 88  3.383598 -2.515464 
66 89  3.434244 -2.471393 
66 90  3.485032 -2.426402 
66 91  3.535973 -2.380460 
66 92  3.587078 -2.333539 
66 93  3.638360 -2.285606 
66 94  3.689833 -2.236628 
66 95  3.741508 -2.186569 
66 96  3.793400 -2.135393 
66 97  3.845524 -2.083060 
66 98  3.897894 -2.029527 
66 99  3.950526 -1.974752 
66 100  4.003437 -1.918685 
67 0  -1.595554 -4.217744 
67 1  -1.517462 -4.221599 
67 2  -1.440482 -4.224712 
67 3  -1.364570 -4.227108 
67 4  -1.289682 -4.228806 
67 5  -1.215778 -4.229826 
67 6  -1.142818 -4.230187 
67 7  -1.070768 -4.229907 
67 8  -0.999592 -4.229002 
67 9  -0.929256 -4.227486 
67 10  -0.859730 -4.225376 
67 11  -0.790984 -4.222683 
67 12  -0.722989 -4.219421 
67 13  -0.655718 -4.215602 
67 14  -0.589145 -4.211236 
67 15  -0.523245 -4.206335 
67 16  -0.457995 -4.200907 
67 17  -0.393371 -4.194963 
67 18  -0.329352 -4.188510 
67 19  -0.265917 -4.181557 
67 20  -0.203046 -4.174111 
67 21  -0.140719 -4.166179 
67 22  -0.078919 -4.157768 
67 23  -0.017626 -4.148883 
67 24  0.043175 -4.139530 
67 25  0.103502 -4.129714 
67 26  0.163370 -4.119439 
67 27  0.222796 -4.108711 
67 28  0.281793 -4.097532 
67 29  0.340377 -4.085907 
67 30  0.398560 -4.073838 
67 31  0.456358 -4.061328 
67 32  0.513782 -4.048380 
67 33  0.570845 -4.034996 
67 34  0.627560 -4.021177 
67 35  0.683939 -4.006925 
67 36  0.739993 -3.992242 
67 37  0.795734 -3.977127 
67 38  0.851172 -3.961583 
67 39  0.906319 -3.945608 
67 40  0.961185 -3.929203 
67 41  1.015779 -3.912367 
67 42  1.070113 -3.895101 
67 43  1.124195 -3.877402 
67 44  1.178035 -3.859270 
67 45  1.231643 -3.840704 
67 46  1.285028 -3.821701 
67 47  1.338199 -3.802260 
67 48  1.391164 -3.782378 
67 49  1.443932 -3.762053 
67 50  1.496513 -3.741282 
67 51  1.548913 -3.720061 
67 52  1.601142 -3.698387 
67 53  1.653208 -3.676256 
67 54  1.705118 -3.653665 
67 55  1.756882 -3.630609 
67 56  1.808506 -3.607082 
67 57  1.859998 -3.583081 
67 58  1.911367 -3.558599 
67 59  1.962620 -3.533631 
67 60  2.013765 -3.508171 
67 61  2.064809 -3.482212 
67 62  2.115760 -3.455748 
67 63  2.166625 -3.428771 
67 64  2.217413 -3.401274 
67 65  2.268130 -3.373249 
67 66  2.318785 -3.344687 
67 67  2.369385 -3.315580 
67 68  2.419937 -3.285918 
67 69  2.470450 -3.255691 
67 70  2.520931 -3.224889 
67 71  2.571387 -3.193502 
67 72  2.621827 -3.161518 
67 73  2.672259 -3.128926 
67 74  2.722690 -3.095711 
67 75  2.773129 -3.061863 
67 76  2.823583 -3.027366 
67 77  2.874062 -2.992207 
67 78  2.924574 -2.956371 
67 79  2.975127 -2.919841 
67 80  3.025731 -2.882601 
67 81  3.076393 -2.844633 
67 82  3.127124 -2.805920 
67 83  3.177933 -2.766442 
67 84  3.228829 -2.726178 
67 85  3.279822 -2.685108 
67 86  3.330923 -2.643209 
67 87  3.382142 -2.600458 
67 88  3.433489 -2.556830 
67 89  3.484977 -2.512299 
67 90  3.536615 -2.466837 
67 91  3.588417 -2.420417 
67 92  3.640395 -2.373007 
67 93  3.692561 -2.324576 
67 94  3.744929 -2.275088 
67 95  3.797512 -2.224510 
67 96  3.850325 -2.172803 
67 97  3.903384 -2.119926 
67 98  3.956703 -2.065838 
67 99  4.010299 -2.010494 
67 100  4.064190 -1.953846 
68 0  -1.615806 -4.286582 
68 1  -1.536574 -4.290172 
68 2  -1.458477 -4.293023 
68 3  -1.381467 -4.295157 
68 4  -1.305501 -4.296594 
68 5  -1.230538 -4.297355 
68 6  -1.156537 -4.297457 
68 7  -1.083463 -4.296919 
68 8  -1.011279 -4.295757 
68 9  -0.939952 -4.293985 
68 10  -0.869449 -4.291619 
68 11  -0.799740 -4.288671 
68 12  -0.730796 -4.285154 
68 13  -0.662590 -4.281080 
68 14  -0.595094 -4.276461 
68 15  -0.528283 -4.271305 
68 16  -0.462133 -4.265624 
68 17  -0.396620 -4.259426 
68 18  -0.331723 -4.252720 
68 19  -0.267420 -4.245514 
68 20  -0.203691 -4.237814 
68 21  -0.140515 -4.229629 
68 22  -0.077874 -4.220963 
68 23  -0.015750 -4.211824 
68 24  0.045875 -4.202216 
68 25  0.107018 -4.192145 
68 26  0.167695 -4.181616 
68 27  0.227923 -4.170631 
68 28  0.287715 -4.159196 
68 29  0.347087 -4.147313 
68 30  0.406054 -4.134987 
68 31  0.464628 -4.122218 
68 32  0.522824 -4.109011 
68 33  0.580654 -4.095366 
68 34  0.638131 -4.081286 
68 35  0.695267 -4.066773 
68 36  0.752074 -4.051826 
68 37  0.808563 -4.036447 
68 38  0.864746 -4.020637 
68 39  0.920634 -4.004395 
68 40  0.976237 -3.987722 
68 41  1.031567 -3.970617 
68 42  1.086632 -3.953079 
68 43  1.141443 -3.935108 
68 44  1.196011 -3.916702 
68 45  1.250344 -3.897859 
68 46  1.304451 -3.878579 
68 47  1.358343 -3.858858 
68 48  1.412027 -3.838695 
68 49  1.465514 -3.818086 
68 50  1.518812 -3.797029 
68 51  1.571928 -3.775520 
68 52  1.624873 -3.753556 
68 53  1.677654 -3.731134 
68 54  1.730279 -3.708247 
68 55  1.782758 -3.684894 
68 56  1.835097 -3.661067 
68 57  1.887305 -3.636763 
68 58  1.939390 -3.611976 
68 59  1.991360 -3.586699 
68 60  2.043222 -3.560928 
68 61  2.094986 -3.534654 
68 62  2.146657 -3.507872 
68 63  2.198246 -3.480574 
68 64  2.249758 -3.452752 
68 65  2.301202 -3.424399 
68 66  2.352586 -3.395505 
68 67  2.403917 -3.366061 
68 68  2.455204 -3.336059 
68 69  2.506454 -3.305488 
68 70  2.557676 -3.274338 
68 71  2.608877 -3.242598 
68 72  2.660066 -3.210256 
68 73  2.711250 -3.177300 
68 74  2.762438 -3.143718 
68 75  2.813639 -3.109497 
68 76  2.864860 -3.074622 
68 77  2.916111 -3.039080 
68 78  2.967401 -3.002853 
68 79  3.018738 -2.965928 
68 80  3.070131 -2.928286 
68 81  3.121590 -2.889910 
68 82  3.173124 -2.850782 
68 83  3.224743 -2.810881 
68 84  3.276458 -2.770188 
68 85  3.328277 -2.728681 
68 86  3.380213 -2.686338 
68 87  3.432275 -2.643134 
68 88  3.484476 -2.599045 
68 89  3.536826 -2.554044 
68 90  3.589338 -2.508104 
68 91  3.642024 -2.461195 
68 92  3.694896 -2.413287 
68 93  3.747969 -2.364346 
68 94  3.801256 -2.314340 
68 95  3.854772 -2.263231 
68 96  3.908531 -2.210981 
68 97  3.962550 -2.157550 
68 98  4.016844 -2.102895 
68 99  4.071431 -2.046970 
68 100  4.126330 -1.989727 
69 0  -1.636584 -4.356952 
69 1  -1.556182 -4.360268 
69 2  -1.476938 -4.362846 
69 3  -1.398803 -4.364708 
69 4  -1.321732 -4.365874 
69 5  -1.245683 -4.366366 
69 6  -1.170615 -4.366200 
69 7  -1.096492 -4.365395 
69 8  -1.023275 -4.363966 
69 9  -0.950932 -4.361929 
69 10  -0.879428 -4.359298 
69 11  -0.808734 -4.356086 
69 12  -0.738818 -4.352306 
69 13  -0.669654 -4.347969 
69 14  -0.601213 -4.343087 
69 15  -0.533469 -4.337670 
69 16  -0.466398 -4.331727 
69 17  -0.399977 -4.325267 
69 18  -0.334181 -4.318299 
69 19  -0.268990 -4.310832 
69 20  -0.204383 -4.302871 
69 21  -0.140339 -4.294424 
69 22  -0.076839 -4.285497 
69 23  -0.013864 -4.276096 
69 24  0.048604 -4.266226 
69 25  0.110582 -4.255893 
69 26  0.172086 -4.245100 
69 27  0.233133 -4.233853 
69 28  0.293738 -4.222154 
69 29  0.353917 -4.210007 
69 30  0.413683 -4.197416 
69 31  0.473052 -4.184382 
69 32  0.532036 -4.170908 
69 33  0.590650 -4.156996 
69 34  0.648905 -4.142649 
69 35  0.706814 -4.127866 
69 36  0.764390 -4.112649 
69 37  0.821645 -4.096999 
69 38  0.878589 -4.080917 
69 39  0.935234 -4.064401 
69 40  0.991592 -4.047453 
69 41  1.047672 -4.030072 
69 42  1.103485 -4.012257 
69 43  1.159041 -3.994007 
69 44  1.214352 -3.975320 
69 45  1.269425 -3.956195 
69 46  1.324271 -3.936631 
69 47  1.378899 -3.916624 
69 48  1.433319 -3.896173 
69 49  1.487540 -3.875274 
69 50  1.541570 -3.853925 
69 51  1.595419 -3.832123 
69 52  1.649095 -3.809863 
69 53  1.702607 -3.787141 
69 54  1.755963 -3.763954 
69 55  1.809172 -3.740296 
69 56  1.862242 -3.716164 
69 57  1.915181 -3.691551 
69 58  1.967998 -3.666451 
69 59  2.020701 -3.640860 
69 60  2.073298 -3.614771 
69 61  2.125797 -3.588176 
69 62  2.178206 -3.561070 
69 63  2.230533 -3.533444 
69 64  2.282786 -3.505291 
69 65  2.334973 -3.476602 
69 66  2.387102 -3.447369 
69 67  2.439182 -3.417583 
69 68  2.491221 -3.387234 
69 69  2.543226 -3.356312 
69 70  2.595206 -3.324807 
69 71  2.647169 -3.292706 
69 72  2.699123 -3.260000 
69 73  2.751078 -3.226675 
69 74  2.803041 -3.192718 
69 75  2.855022 -3.158116 
69 76  2.907029 -3.122856 
69 77  2.959071 -3.086922 
69 78  3.011157 -3.050299 
69 79  3.063296 -3.012970 
69 80  3.115498 -2.974918 
69 81  3.167773 -2.936126 
69 82  3.220131 -2.896575 
69 83  3.272581 -2.856244 
69 84  3.325134 -2.815113 
69 85  3.377801 -2.773161 
69 86  3.430593 -2.730365 
69 87  3.483521 -2.686699 
69 88  3.536597 -2.642140 
69 89  3.589832 -2.596660 
69 90  3.643240 -2.550231 
69 91  3.696833 -2.502823 
69 92  3.750624 -2.454406 
69 93  3.804628 -2.404947 
69 94  3.858859 -2.354410 
69 95  3.913333 -2.302760 
69 96  3.968064 -2.249956 
69 97  4.023069 -2.195959 
69 98  4.078366 -2.140724 
69 99  4.133972 -2.084206 
69 100  4.189907 -2.026356 
70 0  -1.657906 -4.428912 
70 1  -1.576304 -4.431943 
70 2  -1.495883 -4.434236 
70 3  -1.416593 -4.435816 
70 4  -1.338389 -4.436701 
70 5  -1.261226 -4.436913 
70 6  -1.185065 -4.436470 
70 7  -1.109865 -4.435387 
70 8  -1.035591 -4.433682 
70 9  -0.962206 -4.431370 
70 10  -0.889678 -4.428465 
70 11  -0.817973 -4.424980 
70 12  -0.747063 -4.420927 
70 13  -0.676917 -4.416318 
70 14  -0.607508 -4.411165 
70 15  -0.538810 -4.405477 
70 16  -0.470797 -4.399263 
70 17  -0.403444 -4.392533 
70 18  -0.336730 -4.385296 
70 19  -0.270630 -4.377558 
70 20  -0.205124 -4.369328 
70 21  -0.140191 -4.360611 
70 22  -0.075812 -4.351415 
70 23  -0.011967 -4.341744 
70 24  0.051363 -4.331605 
70 25  0.114194 -4.321001 
70 26  0.176544 -4.309939 
70 27  0.238429 -4.298420 
70 28  0.299865 -4.286451 
70 29  0.360868 -4.274032 
70 30  0.421453 -4.261169 
70 31  0.481634 -4.247862 
70 32  0.541424 -4.234115 
70 33  0.600839 -4.219929 
70 34  0.659889 -4.205306 
70 35  0.718590 -4.190247 
70 36  0.776952 -4.174754 
70 37  0.834988 -4.158826 
70 38  0.892710 -4.142464 
70 39  0.950130 -4.125669 
70 40  1.007258 -4.108439 
70 41  1.064105 -4.090775 
70 42  1.120683 -4.072676 
70 43  1.177001 -4.054140 
70 44  1.233070 -4.035166 
70 45  1.288900 -4.015752 
70 46  1.344501 -3.995897 
70 47  1.399883 -3.975598 
70 48  1.455054 -3.954852 
70 49  1.510025 -3.933657 
70 50  1.564804 -3.912010 
70 51  1.619401 -3.889907 
70 52  1.673825 -3.867344 
70 53  1.728084 -3.844317 
70 54  1.782187 -3.820823 
70 55  1.836143 -3.796855 
70 56  1.889960 -3.772410 
70 57  1.943647 -3.747481 
70 58  1.997213 -3.722063 
70 59  2.050666 -3.696151 
70 60  2.104013 -3.669737 
70 61  2.157264 -3.642815 
70 62  2.210427 -3.615378 
70 63  2.263509 -3.587417 
70 64  2.316520 -3.558926 
70 65  2.369468 -3.529896 
70 66  2.422360 -3.500318 
70 67  2.475206 -3.470182 
70 68  2.528013 -3.439479 
70 69  2.580791 -3.408199 
70 70  2.633547 -3.376331 
70 71  2.686290 -3.343864 
70 72  2.739029 -3.310785 
70 73  2.791773 -3.277083 
70 74  2.844530 -3.242744 
70 75  2.897309 -3.207755 
70 76  2.950120 -3.172102 
70 77  3.002972 -3.135769 
70 78  3.055874 -3.098740 
70 79  3.108836 -3.061000 
70 80  3.161868 -3.022531 
70 81  3.214979 -2.983315 
70 82  3.268181 -2.943332 
70 83  3.321483 -2.902563 
70 84  3.374896 -2.860986 
70 85  3.428432 -2.818580 
70 86  3.482102 -2.775321 
70 87  3.535918 -2.731184 
70 88  3.589892 -2.686145 
70 89  3.644036 -2.640176 
70 90  3.698363 -2.593249 
70 91  3.752888 -2.545333 
70 92  3.807623 -2.496397 
70 93  3.862583 -2.446408 
70 94  3.917785 -2.395330 
70 95  3.973242 -2.343126 
70 96  4.028972 -2.289757 
70 97  4.084992 -2.235182 
70 98  4.141320 -2.179355 
70 99  4.197974 -2.122231 
70 100  4.254975 -2.063760 
71 0  -1.679793 -4.502522 
71 1  -1.596959 -4.505255 
71 2  -1.515330 -4.507253 
71 3  -1.434855 -4.508539 
71 4  -1.355487 -4.509133 
71 5  -1.277183 -4.509054 
71 6  -1.199900 -4.508322 
71 7  -1.123597 -4.506952 
71 8  -1.048238 -4.504961 
71 9  -0.973786 -4.502364 
71 10  -0.900207 -4.499174 
71 11  -0.827467 -4.495406 
71 12  -0.755537 -4.491071 
71 13  -0.684387 -4.486181 
71 14  -0.613987 -4.480747 
71 15  -0.544311 -4.474778 
71 16  -0.475332 -4.468285 
71 17  -0.407027 -4.461276 
71 18  -0.339371 -4.453760 
71 19  -0.272341 -4.445744 
71 20  -0.205916 -4.437236 
71 21  -0.140074 -4.428241 
71 22  -0.074794 -4.418767 
71 23  -0.010059 -4.408818 
71 24  0.054152 -4.398401 
71 25  0.117856 -4.387519 
71 26  0.181071 -4.376178 
71 27  0.243814 -4.364382 
71 28  0.306101 -4.352133 
71 29  0.367947 -4.339435 
71 30  0.429368 -4.326292 
71 31  0.490379 -4.312705 
71 32  0.550994 -4.298677 
71 33  0.611227 -4.284209 
71 34  0.671092 -4.269304 
71 35  0.730600 -4.253962 
71 36  0.789767 -4.238184 
71 37  0.848602 -4.221971 
71 38  0.907120 -4.205324 
71 39  0.965330 -4.188241 
71 40  1.023246 -4.170723 
71 41  1.080878 -4.152769 
71 42  1.138237 -4.134378 
71 43  1.195334 -4.115550 
71 44  1.252179 -4.096281 
71 45  1.308783 -4.076572 
71 46  1.365156 -4.056419 
71 47  1.421307 -4.035821 
71 48  1.477247 -4.014774 
71 49  1.532984 -3.993277 
71 50  1.588530 -3.971324 
71 51  1.643892 -3.948914 
71 52  1.699080 -3.926041 
71 53  1.754103 -3.902703 
71 54  1.808970 -3.878894 
71 55  1.863690 -3.854609 
71 56  1.918271 -3.829845 
71 57  1.972723 -3.804594 
71 58  2.027055 -3.778851 
71 59  2.081274 -3.752611 
71 60  2.135389 -3.725866 
71 61  2.189410 -3.698609 
71 62  2.243343 -3.670834 
71 63  2.297199 -3.642533 
71 64  2.350986 -3.613697 
71 65  2.404711 -3.584318 
71 66  2.458385 -3.554387 
71 67  2.512014 -3.523895 
71 68  2.565609 -3.492831 
71 69  2.619177 -3.461186 
71 70  2.672728 -3.428948 
71 71  2.726270 -3.396106 
71 72  2.779812 -3.362648 
71 73  2.833363 -3.328562 
71 74  2.886933 -3.293833 
71 75  2.940531 -3.258449 
71 76  2.994166 -3.222395 
71 77  3.047848 -3.185655 
71 78  3.101587 -3.148214 
71 79  3.155392 -3.110055 
71 80  3.209274 -3.071160 
71 81  3.263243 -3.031511 
71 82  3.317310 -2.991088 
71 83  3.371486 -2.949871 
71 84  3.425782 -2.907839 
71 85  3.480210 -2.864970 
71 86  3.534781 -2.821239 
71 87  3.589508 -2.776623 
71 88  3.644404 -2.731095 
71 89  3.699481 -2.684627 
71 90  3.754753 -2.637191 
71 91  3.810234 -2.588756 
71 92  3.865938 -2.539290 
71 93  3.921882 -2.488760 
71 94  3.978080 -2.437130 
71 95  4.034549 -2.384361 
71 96  4.091307 -2.330415 
71 97  4.148370 -2.275249 
71 98  4.205758 -2.218818 
71 99  4.263491 -2.161075 
71 100  4.321589 -2.101969 
72 0  -1.702266 -4.577843 
72 1  -1.618167 -4.580267 
72 2  -1.535297 -4.581958 
72 3  -1.453606 -4.582938 
72 4  -1.373045 -4.583229 
72 5  -1.293568 -4.582848 
72 6  -1.215134 -4.581816 
72 7  -1.137700 -4.580147 
72 8  -1.061228 -4.577859 
72 9  -0.985682 -4.574966 
72 10  -0.911025 -4.571482 
72 11  -0.837226 -4.567420 
72 12  -0.764251 -4.562793 
72 13  -0.692070 -4.557612 
72 14  -0.620655 -4.551887 
72 15  -0.549977 -4.545629 
72 16  -0.480010 -4.538847 
72 17  -0.410729 -4.531549 
72 18  -0.342109 -4.523745 
72 19  -0.274127 -4.515442 
72 20  -0.206760 -4.506646 
72 21  -0.139987 -4.497364 
72 22  -0.073787 -4.487603 
72 23  -0.008140 -4.477368 
72 24  0.056973 -4.466664 
72 25  0.121571 -4.455496 
72 26  0.185671 -4.443869 
72 27  0.249291 -4.431785 
72 28  0.312448 -4.419250 
72 29  0.375157 -4.406265 
72 30  0.437434 -4.392834 
72 31  0.499294 -4.378958 
72 32  0.560753 -4.364642 
72 33  0.621823 -4.349885 
72 34  0.682519 -4.334689 
72 35  0.742855 -4.319057 
72 36  0.802843 -4.302987 
72 37  0.862496 -4.286482 
72 38  0.921827 -4.269540 
72 39  0.980847 -4.252163 
72 40  1.039569 -4.234349 
72 41  1.098003 -4.216098 
72 42  1.156161 -4.197409 
72 43  1.214054 -4.178281 
72 44  1.271693 -4.158711 
72 45  1.329088 -4.138699 
72 46  1.386249 -4.118242 
72 47  1.443188 -4.097337 
72 48  1.499913 -4.075982 
72 49  1.556436 -4.054175 
72 50  1.612764 -4.031910 
72 51  1.668908 -4.009185 
72 52  1.724878 -3.985997 
72 53  1.780683 -3.962339 
72 54  1.836331 -3.938209 
72 55  1.891832 -3.913601 
72 56  1.947196 -3.888510 
72 57  2.002430 -3.862930 
72 58  2.057545 -3.836855 
72 59  2.112548 -3.810280 
72 60  2.167450 -3.783197 
72 61  2.222257 -3.755599 
72 62  2.276981 -3.727479 
72 63  2.331628 -3.698829 
72 64  2.386208 -3.669641 
72 65  2.440730 -3.639907 
72 66  2.495203 -3.609616 
72 67  2.549635 -3.578760 
72 68  2.604035 -3.547328 
72 69  2.658413 -3.515311 
72 70  2.712778 -3.482696 
72 71  2.767138 -3.449472 
72 72  2.821503 -3.415627 
72 73  2.875882 -3.381149 
72 74  2.930285 -3.346023 
72 75  2.984722 -3.310236 
72 76  3.039202 -3.273773 
72 77  3.093734 -3.236619 
72 78  3.148330 -3.198756 
72 79  3.203000 -3.160170 
72 80  3.257754 -3.120840 
72 81  3.312603 -3.080750 
72 82  3.367558 -3.039878 
72 83  3.422631 -2.998205 
72 84  3.477832 -2.955710 
72 85  3.533175 -2.912368 
72 86  3.588672 -2.868156 
72 87  3.644334 -2.823050 
72 88  3.700177 -2.777022 
72 89  3.756212 -2.730045 
72 90  3.812454 -2.682090 
72 91  3.868919 -2.633126 
72 92  3.925620 -2.583120 
72 93  3.982574 -2.532038 
72 94  4.039797 -2.479843 
72 95  4.097307 -2.426498 
72 96  4.155121 -2.371962 
72 97  4.213258 -2.316192 
72 98  4.271738 -2.259144 
72 99  4.330581 -2.200768 
72 100  4.389808 -2.141014 
73 0  -1.725347 -4.654943 
73 1  -1.639948 -4.657044 
73 2  -1.555805 -4.658415 
73 3  -1.472864 -4.659077 
73 4  -1.391078 -4.659052 
73 5  -1.310398 -4.658358 
73 6  -1.230782 -4.657013 
73 7  -1.152188 -4.655035 
73 8  -1.074575 -4.652438 
73 9  -0.997906 -4.649238 
73 10  -0.922145 -4.645449 
73 11  -0.847257 -4.641082 
73 12  -0.773211 -4.636152 
73 13  -0.699975 -4.630669 
73 14  -0.627519 -4.624643 
73 15  -0.555815 -4.618085 
73 16  -0.484835 -4.611004 
73 17  -0.414554 -4.603408 
73 18  -0.344947 -4.595306 
73 19  -0.275989 -4.586705 
73 20  -0.207658 -4.577613 
73 21  -0.139932 -4.568035 
73 22  -0.072789 -4.557979 
73 23  -0.006209 -4.547448 
73 24  0.059828 -4.536449 
73 25  0.125340 -4.524985 
73 26  0.190346 -4.513062 
73 27  0.254864 -4.500684 
73 28  0.318911 -4.487852 
73 29  0.382502 -4.474572 
73 30  0.445655 -4.460844 
73 31  0.508385 -4.446673 
73 32  0.570706 -4.432059 
73 33  0.632633 -4.417005 
73 34  0.694181 -4.401512 
73 35  0.755362 -4.385580 
73 36  0.816191 -4.369211 
73 37  0.876681 -4.352405 
73 38  0.936843 -4.335162 
73 39  0.996691 -4.317483 
73 40  1.056237 -4.299365 
73 41  1.115491 -4.280810 
73 42  1.174467 -4.261815 
73 43  1.233174 -4.242379 
73 44  1.291625 -4.222501 
73 45  1.349829 -4.202179 
73 46  1.407798 -4.181410 
73 47  1.465542 -4.160192 
73 48  1.523071 -4.138522 
73 49  1.580395 -4.116396 
73 50  1.637525 -4.093813 
73 51  1.694470 -4.070767 
73 52  1.751239 -4.047254 
73 53  1.807843 -4.023271 
73 54  1.864291 -3.998813 
73 55  1.920592 -3.973874 
73 56  1.976755 -3.948449 
73 57  2.032791 -3.922533 
73 58  2.088707 -3.896119 
73 59  2.144513 -3.869201 
73 60  2.200219 -3.841773 
73 61  2.255832 -3.813826 
73 62  2.311364 -3.785354 
73 63  2.366821 -3.756349 
73 64  2.422214 -3.726802 
73 65  2.477551 -3.696704 
73 66  2.532843 -3.666047 
73 67  2.588097 -3.634819 
73 68  2.643323 -3.603012 
73 69  2.698530 -3.570615 
73 70  2.753729 -3.537615 
73 71  2.808927 -3.504002 
73 72  2.864135 -3.469762 
73 73  2.919363 -3.434884 
73 74  2.974620 -3.399353 
73 75  3.029916 -3.363155 
73 76  3.085262 -3.326275 
73 77  3.140667 -3.288698 
73 78  3.196143 -3.250406 
73 79  3.251699 -3.211383 
73 80  3.307348 -3.171611 
73 81  3.363099 -3.131070 
73 82  3.418966 -3.089741 
73 83  3.474958 -3.047603 
73 84  3.531090 -3.004634 
73 85  3.587372 -2.960810 
73 86  3.643819 -2.916108 
73 87  3.700443 -2.870502 
73 88  3.757258 -2.823965 
73 89  3.814278 -2.776468 
73 90  3.871517 -2.727984 
73 91  3.928992 -2.678479 
73 92  3.986718 -2.627921 
73 93  4.044712 -2.576275 
73 94  4.102989 -2.523505 
73 95  4.161570 -2.469571 
73 96  4.220471 -2.414432 
73 97  4.279714 -2.358046 
73 98  4.339317 -2.300366 
73 99  4.399303 -2.241343 
73 100  4.459695 -2.180926 
74 0  -1.749060 -4.733891 
74 1  -1.662326 -4.735655 
74 2  -1.576873 -4.736692 
74 3  -1.492649 -4.737024 
74 4  -1.409604 -4.736669 
74 5  -1.327690 -4.735649 
74 6  -1.246861 -4.733980 
74 7  -1.167075 -4.731679 
74 8  -1.088291 -4.728761 
74 9  -1.010470 -4.725242 
74 10  -0.933576 -4.721136 
74 11  -0.857573 -4.716454 
74 12  -0.782428 -4.711209 
74 13  -0.708109 -4.705413 
74 14  -0.634587 -4.699075 
74 15  -0.561830 -4.692206 
74 16  -0.489813 -4.684815 
74 17  -0.418507 -4.676911 
74 18  -0.347888 -4.668501 
74 19  -0.277931 -4.659594 
74 20  -0.208612 -4.650195 
74 21  -0.139910 -4.640311 
74 22  -0.071801 -4.629949 
74 23  -0.004266 -4.619113 
74 24  0.062717 -4.607809 
74 25  0.129165 -4.596041 
74 26  0.195099 -4.583814 
74 27  0.260536 -4.571130 
74 28  0.325494 -4.557995 
74 29  0.389989 -4.544409 
74 30  0.454038 -4.530377 
74 31  0.517657 -4.515901 
74 32  0.580861 -4.500982 
74 33  0.643665 -4.485622 
74 34  0.706084 -4.469822 
74 35  0.768131 -4.453583 
74 36  0.829820 -4.436907 
74 37  0.891165 -4.419792 
74 38  0.952179 -4.402240 
74 39  1.012874 -4.384250 
74 40  1.073263 -4.365822 
74 41  1.133357 -4.346954 
74 42  1.193168 -4.327645 
74 43  1.252709 -4.307895 
74 44  1.311990 -4.287700 
74 45  1.371022 -4.267060 
74 46  1.429817 -4.245972 
74 47  1.488385 -4.224432 
74 48  1.546737 -4.202439 
74 49  1.604882 -4.179989 
74 50  1.662832 -4.157079 
74 51  1.720595 -4.133704 
74 52  1.778183 -4.109861 
74 53  1.835605 -4.085544 
74 54  1.892871 -4.060750 
74 55  1.949991 -4.035473 
74 56  2.006973 -4.009707 
74 57  2.063828 -3.983447 
74 58  2.120564 -3.956687 
74 59  2.177193 -3.929419 
74 60  2.233721 -3.901638 
74 61  2.290160 -3.873336 
74 62  2.346519 -3.844505 
74 63  2.402806 -3.815136 
74 64  2.459031 -3.785222 
74 65  2.515204 -3.754754 
74 66  2.571334 -3.723722 
74 67  2.627430 -3.692116 
74 68  2.683502 -3.659925 
74 69  2.739559 -3.627140 
74 70  2.795612 -3.593748 
74 71  2.851670 -3.559737 
74 72  2.907742 -3.525095 
74 73  2.963840 -3.489809 
74 74  3.019972 -3.453864 
74 75  3.076150 -3.417247 
74 76  3.132384 -3.379942 
74 77  3.188684 -3.341933 
74 78  3.245062 -3.303203 
74 79  3.301528 -3.263736 
74 80  3.358095 -3.223512 
74 81  3.414773 -3.182512 
74 82  3.471575 -3.140716 
74 83  3.528513 -3.098103 
74 84  3.585599 -3.054651 
74 85  3.642847 -3.010335 
74 86  3.700270 -2.965133 
74 87  3.757881 -2.919016 
74 88  3.815695 -2.871960 
74 89  3.873728 -2.823934 
74 90  3.931993 -2.774908 
74 91  3.990507 -2.724851 
74 92  4.049287 -2.673730 
74 93  4.108350 -2.621509 
74 94  4.167713 -2.568150 
74 95  4.227395 -2.513615 
74 96  4.287416 -2.457861 
74 97  4.347797 -2.400845 
74 98  4.408558 -2.342520 
74 99  4.469722 -2.282836 
74 100  4.531313 -2.221741 
75 0  -1.773430 -4.814759 
75 1  -1.685322 -4.816173 
75 2  -1.598524 -4.816862 
75 3  -1.512982 -4.816847 
75 4  -1.428644 -4.816151 
75 5  -1.345460 -4.814790 
75 6  -1.263386 -4.812783 
75 7  -1.182376 -4.810146 
75 8  -1.102390 -4.806896 
75 9  -1.023387 -4.803045 
75 10  -0.945330 -4.798609 
75 11  -0.868183 -4.793599 
75 12  -0.791911 -4.788028 
75 13  -0.716483 -4.781907 
75 14  -0.641866 -4.775246 
75 15  -0.568030 -4.768056 
75 16  -0.494949 -4.760344 
75 17  -0.422593 -4.752120 
75 18  -0.350937 -4.743392 
75 19  -0.279956 -4.734166 
75 20  -0.209625 -4.724450 
75 21  -0.139922 -4.714250 
75 22  -0.070824 -4.703572 
75 23  -0.002310 -4.692422 
75 24  0.065641 -4.680803 
75 25  0.133048 -4.668721 
75 26  0.199932 -4.656179 
75 27  0.266310 -4.643182 
75 28  0.332201 -4.629733 
75 29  0.397621 -4.615834 
75 30  0.462588 -4.601488 
75 31  0.527117 -4.586698 
75 32  0.591225 -4.571464 
75 33  0.654927 -4.555789 
75 34  0.718237 -4.539675 
75 35  0.781170 -4.523121 
75 36  0.843741 -4.506128 
75 37  0.905961 -4.488697 
75 38  0.967846 -4.470827 
75 39  1.029408 -4.452518 
75 40  1.090659 -4.433770 
75 41  1.151613 -4.414582 
75 42  1.212280 -4.394951 
75 43  1.272674 -4.374878 
75 44  1.332804 -4.354359 
75 45  1.392684 -4.333393 
75 46  1.452324 -4.311977 
75 47  1.511736 -4.290109 
75 48  1.570929 -4.267785 
75 49  1.629914 -4.245003 
75 50  1.688703 -4.221758 
75 51  1.747305 -4.198046 
75 52  1.805731 -4.173864 
75 53  1.863991 -4.149207 
75 54  1.922094 -4.124069 
75 55  1.980051 -4.098446 
75 56  2.037872 -4.072332 
75 57  2.095566 -4.045721 
75 58  2.153143 -4.018606 
75 59  2.210613 -3.990982 
75 60  2.267985 -3.962840 
75 61  2.325269 -3.934174 
75 62  2.382475 -3.904975 
75 63  2.439612 -3.875236 
75 64  2.496690 -3.844948 
75 65  2.553718 -3.814101 
75 66  2.610707 -3.782687 
75 67  2.667666 -3.750694 
75 68  2.724605 -3.718112 
75 69  2.781534 -3.684931 
75 70  2.838463 -3.651138 
75 71  2.895401 -3.616722 
75 72  2.952360 -3.581669 
75 73  3.009349 -3.545967 
75 74  3.066380 -3.509600 
75 75  3.123462 -3.472555 
75 76  3.180607 -3.434816 
75 77  3.237826 -3.396367 
75 78  3.295130 -3.357191 
75 79  3.352530 -3.317270 
75 80  3.410039 -3.276585 
75 81  3.467669 -3.235116 
75 82  3.525431 -3.192844 
75 83  3.583340 -3.149747 
75 84  3.641407 -3.105802 
75 85  3.699647 -3.060985 
75 86  3.758073 -3.015271 
75 87  3.816699 -2.968635 
75 88  3.875542 -2.921047 
75 89  3.934615 -2.872480 
75 90  3.993935 -2.822903 
75 91  4.053519 -2.772283 
75 92  4.113383 -2.720586 
75 93  4.173546 -2.667777 
75 94  4.234026 -2.613818 
75 95  4.294844 -2.558668 
75 96  4.356018 -2.502286 
75 97  4.417571 -2.444626 
75 98  4.479526 -2.385642 
75 99  4.541904 -2.325282 
75 100  4.604732 -2.263494 
76 0  -1.798483 -4.897626 
76 1  -1.708962 -4.898672 
76 2  -1.620781 -4.898998 
76 3  -1.533883 -4.898623 
76 4  -1.448216 -4.897569 
76 5  -1.363729 -4.895854 
76 6  -1.280375 -4.893495 
76 7  -1.198109 -4.890509 
76 8  -1.116888 -4.886911 
76 9  -1.036671 -4.882716 
76 10  -0.957421 -4.877938 
76 11  -0.879099 -4.872587 
76 12  -0.801671 -4.866678 
76 13  -0.725103 -4.860220 
76 14  -0.649364 -4.853223 
76 15  -0.574422 -4.845699 
76 16  -0.500249 -4.837655 
76 17  -0.426816 -4.829100 
76 18  -0.354097 -4.820041 
76 19  -0.282066 -4.810487 
76 20  -0.210699 -4.800443 
76 21  -0.139970 -4.789916 
76 22  -0.069859 -4.778912 
76 23  -0.000342 -4.767436 
76 24  0.068602 -4.755492 
76 25  0.136992 -4.743086 
76 26  0.204849 -4.730220 
76 27  0.272191 -4.716899 
76 28  0.339037 -4.703126 
76 29  0.405405 -4.688904 
76 30  0.471311 -4.674235 
76 31  0.536773 -4.659121 
76 32  0.601807 -4.643564 
76 33  0.666428 -4.627565 
76 34  0.730651 -4.611126 
76 35  0.794491 -4.594248 
76 36  0.857963 -4.576930 
76 37  0.921080 -4.559173 
76 38  0.983857 -4.540977 
76 39  1.046306 -4.522341 
76 40  1.108441 -4.503265 
76 41  1.170274 -4.483747 
76 42  1.231817 -4.463787 
76 43  1.293083 -4.443382 
76 44  1.354084 -4.422530 
76 45  1.414832 -4.401230 
76 46  1.475337 -4.379479 
76 47  1.535612 -4.357274 
76 48  1.595666 -4.334611 
76 49  1.655512 -4.311488 
76 50  1.715160 -4.287901 
76 51  1.774621 -4.263845 
76 52  1.833905 -4.239316 
76 53  1.893022 -4.214310 
76 54  1.951983 -4.188821 
76 55  2.010798 -4.162844 
76 56  2.069477 -4.136373 
76 57  2.128030 -4.109403 
76 58  2.186468 -4.081926 
76 59  2.244800 -4.053937 
76 60  2.303036 -4.025427 
76 61  2.361186 -3.996389 
76 62  2.419260 -3.966816 
76 63  2.477268 -3.936698 
76 64  2.535220 -3.906027 
76 65  2.593126 -3.874794 
76 66  2.650995 -3.842988 
76 67  2.708839 -3.810601 
76 68  2.766667 -3.777620 
76 69  2.824489 -3.744035 
76 70  2.882316 -3.709833 
76 71  2.940158 -3.675003 
76 72  2.998026 -3.639531 
76 73  3.055930 -3.603404 
76 74  3.113882 -3.566607 
76 75  3.171892 -3.529125 
76 76  3.229973 -3.490944 
76 77  3.288134 -3.452045 
76 78  3.346389 -3.412413 
76 79  3.404748 -3.372029 
76 80  3.463225 -3.330874 
76 81  3.521832 -3.288927 
76 82  3.580582 -3.246170 
76 83  3.639488 -3.202578 
76 84  3.698563 -3.158130 
76 85  3.757822 -3.112801 
76 86  3.817280 -3.066566 
76 87  3.876950 -3.019398 
76 88  3.936850 -2.971269 
76 89  3.996994 -2.922150 
76 90  4.057399 -2.872009 
76 91  4.118084 -2.820814 
76 92  4.179065 -2.768530 
76 93  4.240361 -2.715121 
76 94  4.301992 -2.660548 
76 95  4.363979 -2.604771 
76 96  4.426342 -2.547746 
76 97  4.489104 -2.489429 
76 98  4.552288 -2.429770 
76 99  4.615919 -2.368720 
76 100  4.680023 -2.306223 
77 0  -1.824246 -4.982571 
77 1  -1.733272 -4.983234 
77 2  -1.643667 -4.983180 
77 3  -1.555375 -4.982429 
77 4  -1.468342 -4.981002 
77 5  -1.382515 -4.978917 
77 6  -1.297846 -4.976192 
77 7  -1.214289 -4.972842 
77 8  -1.131800 -4.968883 
77 9  -1.050337 -4.964329 
77 10  -0.969860 -4.959194 
77 11  -0.890333 -4.953490 
77 12  -0.811718 -4.947228 
77 13  -0.733981 -4.940420 
77 14  -0.657090 -4.933076 
77 15  -0.581013 -4.925205 
77 16  -0.505720 -4.916816 
77 17  -0.431183 -4.907918 
77 18  -0.357374 -4.898517 
77 19  -0.284266 -4.888622 
77 20  -0.211835 -4.878239 
77 21  -0.140055 -4.867374 
77 22  -0.068904 -4.856032 
77 23  0.001641 -4.844220 
77 24  0.071601 -4.831940 
77 25  0.140998 -4.819199 
77 26  0.209852 -4.805999 
77 27  0.278182 -4.792344 
77 28  0.346007 -4.778237 
77 29  0.413346 -4.763681 
77 30  0.480215 -4.748679 
77 31  0.546632 -4.733231 
77 32  0.612613 -4.717341 
77 33  0.678175 -4.701009 
77 34  0.743333 -4.684237 
77 35  0.808103 -4.667024 
77 36  0.872498 -4.649372 
77 37  0.936534 -4.631280 
77 38  1.000223 -4.612748 
77 39  1.063581 -4.593777 
77 40  1.126621 -4.574363 
77 41  1.189354 -4.554508 
77 42  1.251795 -4.534208 
77 43  1.313955 -4.513463 
77 44  1.375847 -4.492271 
77 45  1.437483 -4.470628 
77 46  1.498874 -4.448533 
77 47  1.560033 -4.425982 
77 48  1.620970 -4.402973 
77 49  1.681697 -4.379500 
77 50  1.742225 -4.355562 
77 51  1.802565 -4.331153 
77 52  1.862727 -4.306270 
77 53  1.922722 -4.280906 
77 54  1.982562 -4.255058 
77 55  2.042256 -4.228719 
77 56  2.101815 -4.201884 
77 57  2.161249 -4.174546 
77 58  2.220568 -4.146699 
77 59  2.279783 -4.118336 
77 60  2.338905 -4.089450 
77 61  2.397942 -4.060032 
77 62  2.456906 -4.030075 
77 63  2.515807 -3.999571 
77 64  2.574654 -3.968509 
77 65  2.633459 -3.936881 
77 66  2.692232 -3.904677 
77 67  2.750983 -3.871886 
77 68  2.809722 -3.838498 
77 69  2.868461 -3.804500 
77 70  2.927209 -3.769881 
77 71  2.985978 -3.734628 
77 72  3.044779 -3.698728 
77 73  3.103622 -3.662168 
77 74  3.162520 -3.624931 
77 75  3.221483 -3.587005 
77 76  3.280523 -3.548371 
77 77  3.339653 -3.509015 
77 78  3.398884 -3.468917 
77 79  3.458229 -3.428060 
77 80  3.517700 -3.386425 
77 81  3.577312 -3.343991 
77 82  3.637076 -3.300738 
77 83  3.697007 -3.256642 
77 84  3.757119 -3.211680 
77 85  3.817426 -3.165829 
77 86  3.877945 -3.119062 
77 87  3.938690 -3.071352 
77 88  3.999677 -3.022670 
77 89  4.060923 -2.972987 
77 90  4.122446 -2.922271 
77 91  4.184264 -2.870489 
77 92  4.246395 -2.817605 
77 93  4.308859 -2.763583 
77 94  4.371676 -2.708383 
77 95  4.434868 -2.651964 
77 96  4.498456 -2.594283 
77 97  4.562464 -2.535293 
77 98  4.626918 -2.474946 
77 99  4.691841 -2.413189 
77 100  4.757261 -2.349968 
78 0  -1.850748 -5.069680 
78 1  -1.758278 -5.069942 
78 2  -1.667209 -5.069491 
78 3  -1.577483 -5.068348 
78 4  -1.489044 -5.066531 
78 5  -1.401839 -5.064060 
78 6  -1.315818 -5.060952 
78 7  -1.230934 -5.057223 
78 8  -1.147142 -5.052888 
78 9  -1.064398 -5.047961 
78 10  -0.982663 -5.042454 
78 11  -0.901896 -5.036382 
78 12  -0.822063 -5.029754 
78 13  -0.743126 -5.022582 
78 14  -0.665052 -5.014877 
78 15  -0.587810 -5.006646 
78 16  -0.511369 -4.997899 
78 17  -0.435698 -4.988645 
78 18  -0.360770 -4.978890 
78 19  -0.286558 -4.968643 
78 20  -0.213036 -4.957908 
78 21  -0.140179 -4.946693 
78 22  -0.067962 -4.935002 
78 23  0.003637 -4.922841 
78 24  0.074640 -4.910214 
78 25  0.145069 -4.897127 
78 26  0.214945 -4.883581 
78 27  0.284288 -4.869581 
78 28  0.353116 -4.855130 
78 29  0.421449 -4.840230 
78 30  0.489305 -4.824884 
78 31  0.556701 -4.809093 
78 32  0.623654 -4.792859 
78 33  0.690180 -4.776184 
78 34  0.756296 -4.759068 
78 35  0.822017 -4.741512 
78 36  0.887358 -4.723515 
78 37  0.952334 -4.705079 
78 38  1.016960 -4.686203 
78 39  1.081248 -4.666885 
78 40  1.145214 -4.647126 
78 41  1.208870 -4.626923 
78 42  1.272230 -4.606275 
78 43  1.335306 -4.585181 
78 44  1.398110 -4.563639 
78 45  1.460656 -4.541644 
78 46  1.522955 -4.519196 
78 47  1.585019 -4.496291 
78 48  1.646861 -4.472926 
78 49  1.708490 -4.449096 
78 50  1.769919 -4.424798 
78 51  1.831160 -4.400028 
78 52  1.892222 -4.374781 
78 53  1.953118 -4.349052 
78 54  2.013858 -4.322835 
78 55  2.074452 -4.296126 
78 56  2.134912 -4.268918 
78 57  2.195249 -4.241204 
78 58  2.255472 -4.212979 
78 59  2.315592 -4.184234 
78 60  2.375621 -4.154963 
78 61  2.435568 -4.125157 
78 62  2.495445 -4.094808 
78 63  2.555261 -4.063908 
78 64  2.615027 -4.032448 
78 65  2.674755 -4.000417 
78 66  2.734453 -3.967805 
78 67  2.794135 -3.934602 
78 68  2.853809 -3.900797 
78 69  2.913488 -3.866378 
78 70  2.973182 -3.831333 
78 71  3.032902 -3.795649 
78 72  3.092660 -3.759312 
78 73  3.152468 -3.722309 
78 74  3.212337 -3.684624 
78 75  3.272278 -3.646243 
78 76  3.332305 -3.607148 
78 77  3.392429 -3.567324 
78 78  3.452663 -3.526752 
78 79  3.513021 -3.485413 
78 80  3.573514 -3.443288 
78 81  3.634158 -3.400356 
78 82  3.694965 -3.356596 
78 83  3.755950 -3.311986 
78 84  3.817129 -3.266501 
78 85  3.878515 -3.220116 
78 86  3.940125 -3.172806 
78 87  4.001975 -3.124542 
78 88  4.064083 -3.075296 
78 89  4.126464 -3.025038 
78 90  4.189138 -2.973734 
78 91  4.252123 -2.921352 
78 92  4.315439 -2.867855 
78 93  4.379106 -2.813207 
78 94  4.443146 -2.757367 
78 95  4.507580 -2.700293 
78 96  4.572433 -2.641941 
78 97  4.637727 -2.582263 
78 98  4.703490 -2.521212 
78 99  4.769747 -2.458732 
78 100  4.836528 -2.394770 
79 0  -1.878020 -5.159043 
79 1  -1.784009 -5.158886 
79 2  -1.691433 -5.158020 
79 3  -1.600231 -5.156465 
79 4  -1.510346 -5.154242 
79 5  -1.421724 -5.151368 
79 6  -1.334313 -5.147861 
79 7  -1.248064 -5.143736 
79 8  -1.162932 -5.139008 
79 9  -1.078872 -5.133692 
79 10  -0.995842 -5.127799 
79 11  -0.913804 -5.121343 
79 12  -0.832718 -5.114335 
79 13  -0.752548 -5.106785 
79 14  -0.673261 -5.098703 
79 15  -0.594822 -5.090099 
79 16  -0.517201 -5.080981 
79 17  -0.440367 -5.071357 
79 18  -0.364292 -5.061235 
79 19  -0.288947 -5.050621 
79 20  -0.214305 -5.039523 
79 21  -0.140342 -5.027944 
79 22  -0.067032 -5.015892 
79 23  0.005648 -5.003371 
79 24  0.077720 -4.990386 
79 25  0.149208 -4.976940 
79 26  0.220132 -4.963037 
79 27  0.290513 -4.948681 
79 28  0.360370 -4.933874 
79 29  0.429722 -4.918619 
79 30  0.498589 -4.902918 
79 31  0.566988 -4.886773 
79 32  0.634936 -4.870185 
79 33  0.702451 -4.853156 
79 34  0.769548 -4.835686 
79 35  0.836245 -4.817776 
79 36  0.902555 -4.799425 
79 37  0.968495 -4.780634 
79 38  1.034079 -4.761403 
79 39  1.099322 -4.741730 
79 40  1.164237 -4.721615 
79 41  1.228838 -4.701055 
79 42  1.293139 -4.680050 
79 43  1.357153 -4.658598 
79 44  1.420893 -4.636695 
79 45  1.484371 -4.614340 
79 46  1.547601 -4.591530 
79 47  1.610593 -4.568262 
79 48  1.673360 -4.544531 
79 49  1.735914 -4.520335 
79 50  1.798268 -4.495669 
79 51  1.860431 -4.470528 
79 52  1.922416 -4.444909 
79 53  1.984234 -4.418805 
79 54  2.045896 -4.392212 
79 55  2.107414 -4.365123 
79 56  2.168798 -4.337533 
79 57  2.230060 -4.309435 
79 58  2.291210 -4.280822 
79 59  2.352259 -4.251687 
79 60  2.413218 -4.222022 
79 61  2.474098 -4.191820 
79 62  2.534910 -4.161071 
79 63  2.595665 -4.129766 
79 64  2.656374 -4.097898 
79 65  2.717047 -4.065454 
79 66  2.777697 -4.032427 
79 67  2.838333 -3.998803 
79 68  2.898967 -3.964573 
79 69  2.959611 -3.929724 
79 70  3.020276 -3.894243 
79 71  3.080973 -3.858119 
79 72  3.141714 -3.821336 
79 73  3.202512 -3.783881 
79 74  3.263378 -3.745738 
79 75  3.324325 -3.706893 
79 76  3.385365 -3.667328 
79 77  3.446511 -3.627026 
79 78  3.507777 -3.585969 
79 79  3.569175 -3.544138 
79 80  3.630719 -3.501513 
79 81  3.692424 -3.458073 
79 82  3.754305 -3.413797 
79 83  3.816375 -3.368661 
79 84  3.878650 -3.322641 
79 85  3.941147 -3.275712 
79 86  4.003881 -3.227847 
79 87  4.066869 -3.179018 
79 88  4.130130 -3.129196 
79 89  4.193681 -3.078350 
79 90  4.257541 -3.026446 
79 91  4.321729 -2.973451 
79 92  4.386267 -2.919329 
79 93  4.451175 -2.864041 
79 94  4.516475 -2.807546 
79 95  4.582192 -2.749802 
79 96  4.648349 -2.690764 
79 97  4.714971 -2.630385 
79 98  4.782086 -2.568612 
79 99  4.849721 -2.505394 
79 100  4.917906 -2.440673 
80 0  -1.906093 -5.250756 
80 1  -1.810495 -5.250159 
80 2  -1.716367 -5.248858 
80 3  -1.623645 -5.246874 
80 4  -1.532272 -5.244225 
80 5  -1.442191 -5.240930 
80 6  -1.353350 -5.237006 
80 7  -1.265698 -5.232468 
80 8  -1.179188 -5.227331 
80 9  -1.093774 -5.221608 
80 10  -1.009415 -5.215313 
80 11  -0.926068 -5.208458 
80 12  -0.843695 -5.201053 
80 13  -0.762260 -5.193110 
80 14  -0.681725 -5.184637 
80 15  -0.602058 -5.175645 
80 16  -0.523226 -5.166141 
80 17  -0.445197 -5.156134 
80 18  -0.367943 -5.145630 
80 19  -0.291435 -5.134636 
80 20  -0.215645 -5.123160 
80 21  -0.140547 -5.111206 
80 22  -0.066115 -5.098779 
80 23  0.007674 -5.085885 
80 24  0.080843 -5.072528 
80 25  0.153417 -5.058712 
80 26  0.225416 -5.044439 
80 27  0.296861 -5.029715 
80 28  0.367773 -5.014541 
80 29  0.438171 -4.998919 
80 30  0.508074 -4.982852 
80 31  0.577502 -4.966341 
80 32  0.646470 -4.949388 
80 33  0.714998 -4.931994 
80 34  0.783102 -4.914159 
80 35  0.850798 -4.895884 
80 36  0.918102 -4.877169 
80 37  0.985030 -4.858014 
80 38  1.051597 -4.838417 
80 39  1.117817 -4.818378 
80 40  1.183705 -4.797897 
80 41  1.249276 -4.776971 
80 42  1.314542 -4.755598 
80 43  1.379517 -4.733777 
80 44  1.444216 -4.711506 
80 45  1.508649 -4.688781 
80 46  1.572832 -4.665599 
80 47  1.636775 -4.641957 
80 48  1.700492 -4.617852 
80 49  1.763994 -4.593280 
80 50  1.827295 -4.568236 
80 51  1.890404 -4.542716 
80 52  1.953335 -4.516715 
80 53  2.016099 -4.490228 
80 54  2.078707 -4.463249 
80 55  2.141171 -4.435772 
80 56  2.203503 -4.407791 
80 57  2.265713 -4.379299 
80 58  2.327813 -4.350290 
80 59  2.389815 -4.320755 
80 60  2.451729 -4.290688 
80 61  2.513566 -4.260079 
80 62  2.575338 -4.228920 
80 63  2.637056 -4.197203 
80 64  2.698732 -4.164917 
80 65  2.760377 -4.132053 
80 66  2.822001 -4.098600 
80 67  2.883618 -4.064546 
80 68  2.945237 -4.029882 
80 69  3.006872 -3.994593 
80 70  3.068534 -3.958668 
80 71  3.130234 -3.922093 
80 72  3.191986 -3.884855 
80 73  3.253801 -3.846939 
80 74  3.315692 -3.808329 
80 75  3.377672 -3.769010 
80 76  3.439753 -3.728964 
80 77  3.501950 -3.688174 
80 78  3.564276 -3.646623 
80 79  3.626745 -3.604289 
80 80  3.689370 -3.561154 
80 81  3.752168 -3.517196 
80 82  3.815152 -3.472392 
80 83  3.878338 -3.426719 
80 84  3.941743 -3.380153 
80 85  4.005383 -3.332669 
80 86  4.069275 -3.284237 
80 87  4.133436 -3.234832 
80 88  4.197885 -3.184421 
80 89  4.262641 -3.132974 
80 90  4.327723 -3.080458 
80 91  4.393153 -3.026838 
80 92  4.458950 -2.972076 
80 93  4.525138 -2.916134 
80 94  4.591740 -2.858970 
80 95  4.658780 -2.800542 
80 96  4.726283 -2.740803 
80 97  4.794277 -2.679705 
80 98  4.862789 -2.617196 
80 99  4.931848 -2.553222 
80 100  5.001486 -2.487725 
81 0  -1.935003 -5.344919 
81 1  -1.837769 -5.343861 
81 2  -1.742042 -5.342105 
81 3  -1.647755 -5.339670 
81 4  -1.554849 -5.336576 
81 5  -1.463266 -5.332841 
81 6  -1.372952 -5.328481 
81 7  -1.283856 -5.323511 
81 8  -1.195928 -5.317947 
81 9  -1.109123 -5.311801 
81 10  -1.023396 -5.305086 
81 11  -0.938704 -5.297814 
81 12  -0.855009 -5.289996 
81 13  -0.772271 -5.281643 
81 14  -0.690455 -5.272764 
81 15  -0.609526 -5.263368 
81 16  -0.529449 -5.253463 
81 17  -0.450194 -5.243057 
81 18  -0.371730 -5.232157 
81 19  -0.294027 -5.220769 
81 20  -0.217058 -5.208901 
81 21  -0.140795 -5.196557 
81 22  -0.065212 -5.183742 
81 23  0.009715 -5.170462 
81 24  0.084011 -5.156720 
81 25  0.157698 -5.142520 
81 26  0.230800 -5.127866 
81 27  0.303337 -5.112760 
81 28  0.375331 -5.097206 
81 29  0.446802 -5.081206 
81 30  0.517769 -5.064760 
81 31  0.588251 -5.047872 
81 32  0.658267 -5.030543 
81 33  0.727834 -5.012772 
81 34  0.796969 -4.994561 
81 35  0.865690 -4.975910 
81 36  0.934013 -4.956819 
81 37  1.001954 -4.937288 
81 38  1.069528 -4.917315 
81 39  1.136751 -4.896900 
81 40  1.203637 -4.876042 
81 41  1.270200 -4.854739 
81 42  1.336456 -4.832989 
81 43  1.402417 -4.810789 
81 44  1.468098 -4.788138 
81 45  1.533512 -4.765032 
81 46  1.598672 -4.741469 
81 47  1.663591 -4.717445 
81 48  1.728281 -4.692956 
81 49  1.792755 -4.667998 
81 50  1.857027 -4.642566 
81 51  1.921107 -4.616657 
81 52  1.985007 -4.590265 
81 53  2.048741 -4.563385 
81 54  2.112320 -4.536010 
81 55  2.175755 -4.508135 
81 56  2.239058 -4.479754 
81 57  2.302242 -4.450859 
81 58  2.365317 -4.421444 
81 59  2.428295 -4.391501 
81 60  2.491189 -4.361021 
81 61  2.554008 -4.329997 
81 62  2.616766 -4.298420 
81 63  2.679473 -4.266280 
81 64  2.742141 -4.233568 
81 65  2.804783 -4.200273 
81 66  2.867409 -4.166385 
81 67  2.930032 -4.131892 
81 68  2.992664 -4.096784 
81 69  3.055316 -4.061046 
81 70  3.118002 -4.024667 
81 71  3.180734 -3.987633 
81 72  3.243523 -3.949929 
81 73  3.306384 -3.911542 
81 74  3.369328 -3.872455 
81 75  3.432370 -3.832651 
81 76  3.495523 -3.792115 
81 77  3.558801 -3.750828 
81 78  3.622217 -3.708771 
81 79  3.685787 -3.665924 
81 80  3.749525 -3.622268 
81 81  3.813447 -3.577780 
81 82  3.877568 -3.532438 
81 83  3.941904 -3.486217 
81 84  4.006472 -3.439094 
81 85  4.071289 -3.391042 
81 86  4.136374 -3.342032 
81 87  4.201744 -3.292037 
81 88  4.267418 -3.241026 
81 89  4.333416 -3.188966 
81 90  4.399759 -3.135824 
81 91  4.466469 -3.081564 
81 92  4.533567 -3.026149 
81 93  4.601076 -2.969538 
81 94  4.669021 -2.911691 
81 95  4.737428 -2.852564 
81 96  4.806323 -2.792108 
81 97  4.875733 -2.730275 
81 98  4.945689 -2.667013 
81 99  5.016220 -2.602265 
81 100  5.087360 -2.535974 
82 0  -1.964784 -5.441638 
82 1  -1.865865 -5.440096 
82 2  -1.768488 -5.437863 
82 3  -1.672589 -5.434956 
82 4  -1.578104 -5.431396 
82 5  -1.484974 -5.427200 
82 6  -1.393144 -5.422384 
82 7  -1.302561 -5.416963 
82 8  -1.213175 -5.410952 
82 9  -1.124937 -5.404364 
82 10  -1.037802 -5.397211 
82 11  -0.951728 -5.389505 
82 12  -0.866672 -5.381257 
82 13  -0.782596 -5.372477 
82 14  -0.699463 -5.363174 
82 15  -0.617236 -5.353357 
82 16  -0.535880 -5.343035 
82 17  -0.455365 -5.332214 
82 18  -0.375657 -5.320903 
82 19  -0.296727 -5.309106 
82 20  -0.218547 -5.296831 
82 21  -0.141087 -5.284082 
82 22  -0.064323 -5.270865 
82 23  0.011773 -5.257184 
82 24  0.087225 -5.243043 
82 25  0.162056 -5.228447 
82 26  0.236289 -5.213397 
82 27  0.309947 -5.197897 
82 28  0.383052 -5.181950 
82 29  0.455623 -5.165558 
82 30  0.527681 -5.148722 
82 31  0.599245 -5.131444 
82 32  0.670335 -5.113725 
82 33  0.740968 -5.095566 
82 34  0.811162 -5.076967 
82 35  0.880935 -5.057929 
82 36  0.950303 -5.038450 
82 37  1.019282 -5.018532 
82 38  1.087890 -4.998172 
82 39  1.156140 -4.977369 
82 40  1.224049 -4.956124 
82 41  1.291632 -4.934432 
82 42  1.358902 -4.912293 
82 43  1.425875 -4.889705 
82 44  1.492564 -4.866664 
82 45  1.558982 -4.843167 
82 46  1.625145 -4.819212 
82 47  1.691064 -4.794794 
82 48  1.756752 -4.769911 
82 49  1.822224 -4.744557 
82 50  1.887491 -4.718728 
82 51  1.952567 -4.692420 
82 52  2.017463 -4.665627 
82 53  2.082191 -4.638343 
82 54  2.146766 -4.610563 
82 55  2.211197 -4.582281 
82 56  2.275498 -4.553490 
82 57  2.339680 -4.524183 
82 58  2.403756 -4.494352 
82 59  2.467737 -4.463990 
82 60  2.531636 -4.433089 
82 61  2.595464 -4.401640 
82 62  2.659233 -4.369634 
82 63  2.722955 -4.337062 
82 64  2.786643 -4.303914 
82 65  2.850309 -4.270179 
82 66  2.913964 -4.235847 
82 67  2.977621 -4.200905 
82 68  3.041292 -4.165342 
82 69  3.104991 -4.129146 
82 70  3.168729 -4.092303 
82 71  3.232520 -4.054799 
82 72  3.296377 -4.016620 
82 73  3.360312 -3.977751 
82 74  3.424340 -3.938177 
82 75  3.488475 -3.897879 
82 76  3.552729 -3.856842 
82 77  3.617119 -3.815046 
82 78  3.681658 -3.772473 
82 79  3.746361 -3.729103 
82 80  3.811245 -3.684914 
82 81  3.876324 -3.639886 
82 82  3.941616 -3.593994 
82 83  4.007136 -3.547214 
82 84  4.072903 -3.499522 
82 85  4.138934 -3.450889 
82 86  4.205248 -3.401289 
82 87  4.271864 -3.350692 
82 88  4.338802 -3.299067 
82 89  4.406082 -3.246381 
82 90  4.473726 -3.192599 
82 91  4.541757 -3.137686 
82 92  4.610197 -3.081603 
82 93  4.679071 -3.024310 
82 94  4.748404 -2.965765 
82 95  4.818223 -2.905921 
82 96  4.888555 -2.844733 
82 97  4.959431 -2.782149 
82 98  5.030880 -2.718115 
82 99  5.102934 -2.652577 
82 100  5.175629 -2.585473 
83 0  -1.995476 -5.541025 
83 1  -1.894817 -5.538976 
83 2  -1.795741 -5.536241 
83 3  -1.698178 -5.532840 
83 4  -1.602066 -5.528792 
83 5  -1.507343 -5.524113 
83 6  -1.413951 -5.518819 
83 7  -1.321837 -5.512927 
83 8  -1.230948 -5.506448 
83 9  -1.141235 -5.499398 
83 10  -1.052653 -5.491788 
83 11  -0.965155 -5.483629 
83 12  -0.878700 -5.474931 
83 13  -0.793247 -5.465706 
83 14  -0.708759 -5.455962 
83 15  -0.625197 -5.445708 
83 16  -0.542528 -5.434951 
83 17  -0.460716 -5.423699 
83 18  -0.379731 -5.411960 
83 19  -0.299540 -5.399738 
83 20  -0.220115 -5.387040 
83 21  -0.141427 -5.373871 
83 22  -0.063448 -5.360237 
83 23  0.013848 -5.346140 
83 24  0.090487 -5.331586 
83 25  0.166492 -5.316578 
83 26  0.241887 -5.301118 
83 27  0.316696 -5.285211 
83 28  0.390941 -5.268857 
83 29  0.464641 -5.252060 
83 30  0.537819 -5.234820 
83 31  0.610494 -5.217139 
83 32  0.682686 -5.199018 
83 33  0.754413 -5.180458 
83 34  0.825693 -5.161458 
83 35  0.896545 -5.142020 
83 36  0.966985 -5.122142 
83 37  1.037031 -5.101824 
83 38  1.106698 -5.081065 
83 39  1.176004 -5.059864 
83 40  1.244962 -5.038219 
83 41  1.313590 -5.016128 
83 42  1.381902 -4.993589 
83 43  1.449912 -4.970600 
83 44  1.517634 -4.947158 
83 45  1.585084 -4.923260 
83 46  1.652275 -4.898902 
83 47  1.719220 -4.874080 
83 48  1.785934 -4.848792 
83 49  1.852429 -4.823032 
83 50  1.918718 -4.796795 
83 51  1.984815 -4.770077 
83 52  2.050732 -4.742873 
83 53  2.116482 -4.715176 
83 54  2.182078 -4.686980 
83 55  2.247532 -4.658281 
83 56  2.312856 -4.629069 
83 57  2.378064 -4.599339 
83 58  2.443167 -4.569083 
83 59  2.508178 -4.538293 
83 60  2.573109 -4.506960 
83 61  2.637972 -4.475076 
83 62  2.702781 -4.442632 
83 63  2.767546 -4.409618 
83 64  2.832281 -4.376024 
83 65  2.896999 -4.341838 
83 66  2.961711 -4.307051 
83 67  3.026431 -4.271651 
83 68  3.091171 -4.235624 
83 69  3.155945 -4.198959 
83 70  3.220765 -4.161641 
83 71  3.285646 -4.123658 
83 72  3.350600 -4.084994 
83 73  3.415641 -4.045633 
83 74  3.480784 -4.005560 
83 75  3.546042 -3.964758 
83 76  3.611431 -3.923208 
83 77  3.676965 -3.880893 
83 78  3.742660 -3.837793 
83 79  3.808531 -3.793888 
83 80  3.874594 -3.749156 
83 81  3.940866 -3.703575 
83 82  4.007364 -3.657122 
83 83  4.074105 -3.609771 
83 84  4.141107 -3.561497 
83 85  4.208390 -3.512273 
83 86  4.275972 -3.462070 
83 87  4.343873 -3.410858 
83 88  4.412115 -3.358606 
83 89  4.480718 -3.305279 
83 90  4.549705 -3.250844 
83 91  4.619100 -3.195264 
83 92  4.688927 -3.138499 
83 93  4.759211 -3.080508 
83 94  4.829978 -3.021248 
83 95  4.901257 -2.960673 
83 96  4.973077 -2.898735 
83 97  5.045467 -2.835382 
83 98  5.118461 -2.770560 
83 99  5.192093 -2.704212 
83 100  5.266397 -2.636276 
84 0  -2.027119 -5.643200 
84 1  -1.924665 -5.640618 
84 2  -1.823834 -5.637357 
84 3  -1.724557 -5.633437 
84 4  -1.626766 -5.628876 
84 5  -1.530400 -5.623691 
84 6  -1.435399 -5.617897 
84 7  -1.341707 -5.611511 
84 8  -1.249271 -5.604544 
84 9  -1.158040 -5.597010 
84 10  -1.067966 -5.588922 
84 11  -0.979003 -5.580289 
84 12  -0.891108 -5.571124 
84 13  -0.804239 -5.561434 
84 14  -0.718356 -5.551230 
84 15  -0.633422 -5.540519 
84 16  -0.549401 -5.529310 
84 17  -0.466257 -5.517610 
84 18  -0.383957 -5.505424 
84 19  -0.302471 -5.492760 
84 20  -0.221767 -5.479623 
84 21  -0.141815 -5.466018 
84 22  -0.062588 -5.451950 
84 23  0.015941 -5.437422 
84 24  0.093799 -5.422439 
84 25  0.171010 -5.407004 
84 26  0.247599 -5.391120 
84 27  0.323590 -5.374790 
84 28  0.399005 -5.358015 
84 29  0.473865 -5.340798 
84 30  0.548193 -5.323141 
84 31  0.622009 -5.305043 
84 32  0.695331 -5.286507 
84 33  0.768181 -5.267532 
84 34  0.840576 -5.248119 
84 35  0.912536 -5.228268 
84 36  0.984077 -5.207978 
84 37  1.055216 -5.187248 
84 38  1.125972 -5.166078 
84 39  1.196360 -5.144465 
84 40  1.266396 -5.122409 
84 41  1.336097 -5.099906 
84 42  1.405477 -5.076956 
84 43  1.474551 -5.053555 
84 44  1.543335 -5.029700 
84 45  1.611843 -5.005389 
84 46  1.680090 -4.980617 
84 47  1.748089 -4.955381 
84 48  1.815854 -4.929676 
84 49  1.883399 -4.903498 
84 50  1.950737 -4.876843 
84 51  2.017883 -4.849705 
84 52  2.084848 -4.822078 
84 53  2.151647 -4.793957 
84 54  2.218291 -4.765336 
84 55  2.284795 -4.736208 
84 56  2.351171 -4.706566 
84 57  2.417432 -4.676403 
84 58  2.483590 -4.645711 
84 59  2.549659 -4.614482 
84 60  2.615650 -4.582707 
84 61  2.681577 -4.550378 
84 62  2.747453 -4.517485 
84 63  2.813290 -4.484019 
84 64  2.879102 -4.449968 
84 65  2.944900 -4.415322 
84 66  3.010699 -4.380070 
84 67  3.076512 -4.344200 
84 68  3.142351 -4.307699 
84 69  3.208231 -4.270554 
84 70  3.274164 -4.232752 
84 71  3.340165 -4.194278 
84 72  3.406249 -4.155118 
84 73  3.472428 -4.115255 
84 74  3.538718 -4.074673 
84 75  3.605134 -4.033355 
84 76  3.671690 -3.991282 
84 77  3.738403 -3.948437 
84 78  3.805288 -3.904799 
84 79  3.872361 -3.860347 
84 80  3.939640 -3.815060 
84 81  4.007141 -3.768915 
84 82  4.074883 -3.721888 
84 83  4.142882 -3.673954 
84 84  4.211159 -3.625086 
84 85  4.279733 -3.575257 
84 86  4.348623 -3.524438 
84 87  4.417851 -3.472598 
84 88  4.487439 -3.419705 
84 89  4.557408 -3.365725 
84 90  4.627783 -3.310622 
84 91  4.698588 -3.254359 
84 92  4.769847 -3.196897 
84 93  4.841588 -3.138192 
84 94  4.913839 -3.078202 
84 95  4.986628 -3.016879 
84 96  5.059987 -2.954175 
84 97  5.133946 -2.890036 
84 98  5.208540 -2.824407 
84 99  5.283804 -2.757230 
84 100  5.359776 -2.688443 
85 0  -2.059755 -5.748289 
85 1  -1.955448 -5.745146 
85 2  -1.852807 -5.741332 
85 3  -1.751760 -5.736867 
85 4  -1.652238 -5.731768 
85 5  -1.554178 -5.726052 
85 6  -1.457517 -5.719735 
85 7  -1.362199 -5.712830 
85 8  -1.268168 -5.705352 
85 9  -1.175372 -5.697313 
85 10  -1.083761 -5.688724 
85 11  -0.993290 -5.679597 
85 12  -0.903911 -5.669942 
85 13  -0.815584 -5.659767 
85 14  -0.728267 -5.649083 
85 15  -0.641921 -5.637897 
85 16  -0.556508 -5.626216 
85 17  -0.471994 -5.614048 
85 18  -0.388343 -5.601399 
85 19  -0.305524 -5.588275 
85 20  -0.223504 -5.574681 
85 21  -0.142254 -5.560622 
85 22  -0.061745 -5.546103 
85 23  0.018052 -5.531128 
85 24  0.097163 -5.515700 
85 25  0.175613 -5.499822 
85 26  0.253429 -5.483498 
85 27  0.330634 -5.466729 
85 28  0.407251 -5.449519 
85 29  0.483304 -5.431868 
85 30  0.558812 -5.413777 
85 31  0.633799 -5.395249 
85 32  0.708284 -5.376283 
85 33  0.782286 -5.356880 
85 34  0.855827 -5.337039 
85 35  0.928923 -5.316762 
85 36  1.001594 -5.296046 
85 37  1.073857 -5.274891 
85 38  1.145730 -5.253296 
85 39  1.217229 -5.231260 
85 40  1.288372 -5.208779 
85 41  1.359174 -5.185853 
85 42  1.429651 -5.162479 
85 43  1.499818 -5.138654 
85 44  1.569692 -5.114375 
85 45  1.639286 -5.089638 
85 46  1.708617 -5.064440 
85 47  1.777697 -5.038777 
85 48  1.846542 -5.012645 
85 49  1.915165 -4.986039 
85 50  1.983581 -4.958953 
85 51  2.051803 -4.931384 
85 52  2.119846 -4.903324 
85 53  2.187721 -4.874768 
85 54  2.255443 -4.845710 
85 55  2.323026 -4.816142 
85 56  2.390482 -4.786059 
85 57  2.457824 -4.755452 
85 58  2.525066 -4.724313 
85 59  2.592221 -4.692634 
85 60  2.659303 -4.660407 
85 61  2.726323 -4.627622 
85 62  2.793296 -4.594270 
85 63  2.860235 -4.560340 
85 64  2.927153 -4.525822 
85 65  2.994064 -4.490706 
85 66  3.060980 -4.454978 
85 67  3.127916 -4.418628 
85 68  3.194886 -4.381642 
85 69  3.261903 -4.344007 
85 70  3.328982 -4.305709 
85 71  3.396137 -4.266734 
85 72  3.463383 -4.227066 
85 73  3.530733 -4.186690 
85 74  3.598205 -4.145588 
85 75  3.665812 -4.103742 
85 76  3.733572 -4.061136 
85 77  3.801499 -4.017749 
85 78  3.869610 -3.973561 
85 79  3.937923 -3.928551 
85 80  4.006455 -3.882697 
85 81  4.075224 -3.835976 
85 82  4.144248 -3.788362 
85 83  4.213546 -3.739832 
85 84  4.283138 -3.690358 
85 85  4.353044 -3.639911 
85 86  4.423285 -3.588462 
85 87  4.493883 -3.535980 
85 88  4.564861 -3.482433 
85 89  4.636242 -3.427784 
85 90  4.708051 -3.371999 
85 91  4.780312 -3.315039 
85 92  4.853054 -3.256864 
85 93  4.926303 -3.197430 
85 94  5.000088 -3.136693 
85 95  5.074440 -3.074605 
85 96  5.149392 -3.011116 
85 97  5.224975 -2.946173 
85 98  5.301227 -2.879718 
85 99  5.378183 -2.811693 
85 100  5.455884 -2.742034 
86 0  -2.093430 -5.856425 
86 1  -1.987209 -5.852692 
86 2  -1.882698 -5.848296 
86 3  -1.779824 -5.843258 
86 4  -1.678515 -5.837595 
86 5  -1.578707 -5.831322 
86 6  -1.480334 -5.824455 
86 7  -1.383339 -5.817008 
86 8  -1.287663 -5.808994 
86 9  -1.193254 -5.800425 
86 10  -1.100061 -5.791313 
86 11  -1.008035 -5.781668 
86 12  -0.917129 -5.771501 
86 13  -0.827300 -5.760820 
86 14  -0.738505 -5.749635 
86 15  -0.650705 -5.737952 
86 16  -0.563861 -5.725779 
86 17  -0.477936 -5.713124 
86 18  -0.392895 -5.699992 
86 19  -0.308704 -5.686388 
86 20  -0.225332 -5.672319 
86 21  -0.142746 -5.657788 
86 22  -0.060918 -5.642800 
86 23  0.020182 -5.627360 
86 24  0.100581 -5.611469 
86 25  0.180306 -5.595132 
86 26  0.259382 -5.578351 
86 27  0.337835 -5.561129 
86 28  0.415688 -5.543466 
86 29  0.492965 -5.525365 
86 30  0.569687 -5.506826 
86 31  0.645877 -5.487852 
86 32  0.721555 -5.468441 
86 33  0.796743 -5.448595 
86 34  0.871459 -5.428313 
86 35  0.945724 -5.407595 
86 36  1.019555 -5.386440 
86 37  1.092972 -5.364846 
86 38  1.165993 -5.342813 
86 39  1.238634 -5.320339 
86 40  1.310912 -5.297422 
86 41  1.382845 -5.274059 
86 42  1.454449 -5.250248 
86 43  1.525739 -5.225986 
86 44  1.596732 -5.201269 
86 45  1.667442 -5.176095 
86 46  1.737885 -5.150459 
86 47  1.808077 -5.124358 
86 48  1.878031 -5.097786 
86 49  1.947762 -5.070739 
86 50  2.017285 -5.043211 
86 51  2.086613 -5.015198 
86 52  2.155761 -4.986694 
86 53  2.224743 -4.957691 
86 54  2.293572 -4.928185 
86 55  2.362263 -4.898167 
86 56  2.430828 -4.867631 
86 57  2.499283 -4.836568 
86 58  2.567639 -4.804972 
86 59  2.635911 -4.772832 
86 60  2.704113 -4.740141 
86 61  2.772258 -4.706889 
86 62  2.840359 -4.673067 
86 63  2.908431 -4.638663 
86 64  2.976487 -4.603667 
86 65  3.044541 -4.568068 
86 66  3.112608 -4.531854 
86 67  3.180700 -4.495012 
86 68  3.248833 -4.457530 
86 69  3.317022 -4.419394 
86 70  3.385279 -4.380590 
86 71  3.453622 -4.341102 
86 72  3.522064 -4.300915 
86 73  3.590622 -4.260014 
86 74  3.659310 -4.218380 
86 75  3.728146 -4.175997 
86 76  3.797144 -4.132844 
86 77  3.866323 -4.088903 
86 78  3.935700 -4.044153 
86 79  4.005291 -3.998573 
86 80  4.075115 -3.952140 
86 81  4.145192 -3.904830 
86 82  4.215539 -3.856618 
86 83  4.286177 -3.807479 
86 84  4.357126 -3.757384 
86 85  4.428408 -3.706306 
86 86  4.500045 -3.654215 
86 87  4.572059 -3.601077 
86 88  4.644474 -3.546860 
86 89  4.717314 -3.491529 
86 90  4.790605 -3.435046 
86 91  4.864374 -3.377373 
86 92  4.938648 -3.318469 
86 93  5.013457 -3.258289 
86 94  5.088831 -3.196789 
86 95  5.164803 -3.133918 
86 96  5.241404 -3.069627 
86 97  5.318671 -3.003860 
86 98  5.396641 -2.936561 
86 99  5.475352 -2.867667 
86 100  5.554846 -2.797115 
87 0  -2.128193 -5.967752 
87 1  -2.019993 -5.963396 
87 2  -1.913550 -5.958389 
87 3  -1.808789 -5.952748 
87 4  -1.705635 -5.946491 
87 5  -1.604022 -5.939633 
87 6  -1.503883 -5.932188 
87 7  -1.405157 -5.924172 
87 8  -1.307785 -5.915596 
87 9  -1.211713 -5.906472 
87 10  -1.116888 -5.896812 
87 11  -1.023259 -5.886626 
87 12  -0.930779 -5.875923 
87 13  -0.839402 -5.864713 
87 14  -0.749086 -5.853004 
87 15  -0.659788 -5.840803 
87 16  -0.571470 -5.828117 
87 17  -0.484092 -5.814953 
87 18  -0.397620 -5.801317 
87 19  -0.312018 -5.787214 
87 20  -0.227254 -5.772649 
87 21  -0.143294 -5.757627 
87 22  -0.060109 -5.742152 
87 23  0.022332 -5.726228 
87 24  0.104056 -5.709857 
87 25  0.185091 -5.693043 
87 26  0.265464 -5.675787 
87 27  0.345200 -5.658093 
87 28  0.424323 -5.639961 
87 29  0.502858 -5.621394 
87 30  0.580828 -5.602391 
87 31  0.658255 -5.582955 
87 32  0.735160 -5.563084 
87 33  0.811565 -5.542779 
87 34  0.887490 -5.522040 
87 35  0.962955 -5.500867 
87 36  1.037979 -5.479257 
87 37  1.112582 -5.457210 
87 38  1.186781 -5.434725 
87 39  1.260595 -5.411799 
87 40  1.334040 -5.388431 
87 41  1.407136 -5.364618 
87 42  1.479897 -5.340356 
87 43  1.552340 -5.315644 
87 44  1.624483 -5.290477 
87 45  1.696340 -5.264853 
87 46  1.767927 -5.238766 
87 47  1.839260 -5.212213 
87 48  1.910353 -5.185189 
87 49  1.981223 -5.157689 
87 50  2.051883 -5.129707 
87 51  2.122348 -5.101239 
87 52  2.192633 -5.072277 
87 53  2.262752 -5.042816 
87 54  2.332719 -5.012849 
87 55  2.402549 -4.982369 
87 56  2.472256 -4.951368 
87 57  2.541853 -4.919839 
87 58  2.611355 -4.887773 
87 59  2.680776 -4.855161 
87 60  2.750130 -4.821995 
87 61  2.819431 -4.788265 
87 62  2.888693 -4.753960 
87 63  2.957931 -4.719071 
87 64  3.027158 -4.683586 
87 65  3.096389 -4.647493 
87 66  3.165639 -4.610781 
87 67  3.234922 -4.573436 
87 68  3.304252 -4.535447 
87 69  3.373646 -4.496798 
87 70  3.443119 -4.457475 
87 71  3.512684 -4.417463 
87 72  3.582360 -4.376747 
87 73  3.652161 -4.335309 
87 74  3.722103 -4.293132 
87 75  3.792205 -4.250197 
87 76  3.862481 -4.206487 
87 77  3.932951 -4.161980 
87 78  4.003632 -4.116656 
87 79  4.074542 -4.070493 
87 80  4.145700 -4.023468 
87 81  4.217126 -3.975556 
87 82  4.288840 -3.926733 
87 83  4.360862 -3.876971 
87 84  4.433214 -3.826243 
87 85  4.505917 -3.774520 
87 86  4.578996 -3.721771 
87 87  4.652473 -3.667963 
87 88  4.726373 -3.613063 
87 89  4.800723 -3.557034 
87 90  4.875548 -3.499838 
87 91  4.950877 -3.441436 
87 92  5.026738 -3.381787 
87 93  5.103163 -3.320844 
87 94  5.180183 -3.258562 
87 95  5.257831 -3.194891 
87 96  5.336144 -3.129779 
87 97  5.415156 -3.063170 
87 98  5.494908 -2.995006 
87 99  5.575440 -2.925223 
87 100  5.656796 -2.853756 
88 0  -2.164094 -6.082419 
88 1  -2.053848 -6.077408 
88 2  -1.945408 -6.071756 
88 3  -1.838697 -6.065481 
88 4  -1.733637 -6.058599 
88 5  -1.630159 -6.051126 
88 6  -1.528196 -6.043075 
88 7  -1.427684 -6.034460 
88 8  -1.328562 -6.025295 
88 9  -1.230774 -6.015589 
88 10  -1.134265 -6.005355 
88 11  -1.038983 -5.994601 
88 12  -0.944880 -5.983338 
88 13  -0.851908 -5.971574 
88 14  -0.760024 -5.959317 
88 15  -0.669183 -5.946574 
88 16  -0.579345 -5.933352 
88 17  -0.490472 -5.919657 
88 18  -0.402526 -5.905495 
88 19  -0.315471 -5.890871 
88 20  -0.229273 -5.875791 
88 21  -0.143899 -5.860257 
88 22  -0.059317 -5.844275 
88 23  0.024503 -5.827847 
88 24  0.107590 -5.810977 
88 25  0.189973 -5.793666 
88 26  0.271680 -5.775918 
88 27  0.352735 -5.757734 
88 28  0.433165 -5.739116 
88 29  0.512995 -5.720064 
88 30  0.592247 -5.700580 
88 31  0.670945 -5.680665 
88 32  0.749112 -5.660317 
88 33  0.826768 -5.639538 
88 34  0.903936 -5.618326 
88 35  0.980635 -5.596681 
88 36  1.056885 -5.574602 
88 37  1.132706 -5.552087 
88 38  1.208117 -5.529135 
88 39  1.283137 -5.505743 
88 40  1.357782 -5.481909 
88 41  1.432072 -5.457630 
88 42  1.506023 -5.432905 
88 43  1.579652 -5.407728 
88 44  1.652976 -5.382098 
88 45  1.726011 -5.356009 
88 46  1.798774 -5.329458 
88 47  1.871280 -5.302440 
88 48  1.943546 -5.274951 
88 49  2.015585 -5.246984 
88 50  2.087414 -5.218536 
88 51  2.159048 -5.189599 
88 52  2.230502 -5.160168 
88 53  2.301790 -5.130236 
88 54  2.372928 -5.099797 
88 55  2.443929 -5.068842 
88 56  2.514809 -5.037364 
88 57  2.585582 -5.005356 
88 58  2.656263 -4.972809 
88 59  2.726866 -4.939713 
88 60  2.797405 -4.906059 
88 61  2.867896 -4.871839 
88 62  2.938353 -4.837040 
88 63  3.008790 -4.801654 
88 64  3.079223 -4.765667 
88 65  3.149665 -4.729069 
88 66  3.220134 -4.691847 
88 67  3.290642 -4.653988 
88 68  3.361207 -4.615479 
88 69  3.431843 -4.576306 
88 70  3.502566 -4.536453 
88 71  3.573393 -4.495905 
88 72  3.644339 -4.454646 
88 73  3.715422 -4.412659 
88 74  3.786658 -4.369927 
88 75  3.858065 -4.326430 
88 76  3.929660 -4.282149 
88 77  4.001462 -4.237063 
88 78  4.073488 -4.191153 
88 79  4.145760 -4.144394 
88 80  4.218295 -4.096763 
88 81  4.291115 -4.048237 
88 82  4.364240 -3.998789 
88 83  4.437692 -3.948391 
88 84  4.511493 -3.897016 
88 85  4.585666 -3.844634 
88 86  4.660235 -3.791213 
88 87  4.735226 -3.736720 
88 88  4.810664 -3.681121 
88 89  4.886575 -3.624378 
88 90  4.962988 -3.566454 
88 91  5.039932 -3.507307 
88 92  5.117438 -3.446895 
88 93  5.195537 -3.385172 
88 94  5.274262 -3.322092 
88 95  5.353650 -3.257602 
88 96  5.433737 -3.191650 
88 97  5.514560 -3.124178 
88 98  5.596162 -3.055128 
88 99  5.678585 -2.984435 
88 100  5.761874 -2.912032 
89 0  -2.201189 -6.200588 
89 1  -2.088826 -6.194886 
89 2  -1.978321 -6.188555 
89 3  -1.869592 -6.181611 
89 4  -1.762562 -6.174071 
89 5  -1.657158 -6.165950 
89 6  -1.553310 -6.157262 
89 7  -1.450953 -6.148019 
89 8  -1.350024 -6.138234 
89 9  -1.250464 -6.127918 
89 10  -1.152218 -6.117081 
89 11  -1.055231 -6.105732 
89 12  -0.959454 -6.093882 
89 13  -0.864837 -6.081538 
89 14  -0.771335 -6.068707 
89 15  -0.678904 -6.055398 
89 16  -0.587501 -6.041615 
89 17  -0.497086 -6.027366 
89 18  -0.407622 -6.012655 
89 19  -0.319070 -5.997488 
89 20  -0.231396 -5.981870 
89 21  -0.144565 -5.965803 
89 22  -0.058545 -5.949292 
89 23  0.026695 -5.932340 
89 24  0.111186 -5.914949 
89 25  0.194957 -5.897123 
89 26  0.278035 -5.878862 
89 27  0.360449 -5.860170 
89 28  0.442223 -5.841046 
89 29  0.523384 -5.821492 
89 30  0.603956 -5.801509 
89 31  0.683962 -5.781097 
89 32  0.763426 -5.760255 
89 33  0.842370 -5.738984 
89 34  0.920815 -5.717282 
89 35  0.998783 -5.695150 
89 36  1.076294 -5.672585 
89 37  1.153369 -5.649585 
89 38  1.230026 -5.626150 
89 39  1.306284 -5.602276 
89 40  1.382164 -5.577961 
89 41  1.457681 -5.553203 
89 42  1.532856 -5.527998 
89 43  1.607704 -5.502343 
89 44  1.682243 -5.476234 
89 45  1.756490 -5.449667 
89 46  1.830462 -5.422638 
89 47  1.904175 -5.395142 
89 48  1.977645 -5.367173 
89 49  2.050888 -5.338727 
89 50  2.123919 -5.309798 
89 51  2.196755 -5.280380 
89 52  2.269411 -5.250466 
89 53  2.341902 -5.220051 
89 54  2.414243 -5.189125 
89 55  2.486450 -5.157683 
89 56  2.558537 -5.125717 
89 57  2.630520 -5.093217 
89 58  2.702414 -5.060175 
89 59  2.774233 -5.026583 
89 60  2.845993 -4.992430 
89 61  2.917708 -4.957706 
89 62  2.989395 -4.922402 
89 63  3.061068 -4.886506 
89 64  3.132742 -4.850006 
89 65  3.204433 -4.812890 
89 66  3.276156 -4.775146 
89 67  3.347928 -4.736761 
89 68  3.419764 -4.697720 
89 69  3.491680 -4.658009 
89 70  3.563693 -4.617614 
89 71  3.635820 -4.576518 
89 72  3.708077 -4.534704 
89 73  3.780482 -4.492156 
89 74  3.853052 -4.448856 
89 75  3.925806 -4.404783 
89 76  3.998761 -4.359919 
89 77  4.071938 -4.314243 
89 78  4.145355 -4.267732 
89 79  4.219032 -4.220364 
89 80  4.292990 -4.172115 
89 81  4.367250 -4.122961 
89 82  4.441833 -4.072873 
89 83  4.516763 -4.021826 
89 84  4.592063 -3.969790 
89 85  4.667756 -3.916734 
89 86  4.743868 -3.862626 
89 87  4.820425 -3.807433 
89 88  4.897454 -3.751119 
89 89  4.974983 -3.693647 
89 90  5.053041 -3.634977 
89 91  5.131659 -3.575069 
89 92  5.210868 -3.513877 
89 93  5.290703 -3.451357 
89 94  5.371198 -3.387458 
89 95  5.452390 -3.322131 
89 96  5.534318 -3.255319 
89 97  5.617022 -3.186965 
89 98  5.700546 -3.117008 
89 99  5.784933 -3.045383 
89 100  5.870232 -2.972020 
90 0  -2.239536 -6.322430 
90 1  -2.124980 -6.315998 
90 2  -2.012338 -6.308949 
90 3  -1.901523 -6.301301 
90 4  -1.792455 -6.293068 
90 5  -1.685059 -6.284265 
90 6  -1.579263 -6.274906 
90 7  -1.474999 -6.265002 
90 8  -1.372203 -6.254566 
90 9  -1.270814 -6.243609 
90 10  -1.170773 -6.232139 
90 11  -1.072027 -6.220167 
90 12  -0.974522 -6.207701 
90 13  -0.878208 -6.194749 
90 14  -0.783037 -6.181318 
90 15  -0.688966 -6.167415 
90 16  -0.595949 -6.153046 
90 17  -0.503945 -6.138218 
90 18  -0.412915 -6.122934 
90 19  -0.322821 -6.107199 
90 20  -0.233625 -6.091019 
90 21  -0.145294 -6.074396 
90 22  -0.057793 -6.057334 
90 23  0.028910 -6.039835 
90 24  0.114846 -6.021903 
90 25  0.200045 -6.003540 
90 26  0.284537 -5.984746 
90 27  0.368348 -5.965525 
90 28  0.451506 -5.945876 
90 29  0.534038 -5.925800 
90 30  0.615967 -5.905299 
90 31  0.697320 -5.884371 
90 32  0.778119 -5.863017 
90 33  0.858387 -5.841236 
90 34  0.938147 -5.819027 
90 35  1.017420 -5.796389 
90 36  1.096229 -5.773321 
90 37  1.174592 -5.749820 
90 38  1.252531 -5.725886 
90 39  1.330065 -5.701514 
90 40  1.407213 -5.676703 
90 41  1.483994 -5.651449 
90 42  1.560427 -5.625749 
90 43  1.636529 -5.599600 
90 44  1.712318 -5.572998 
90 45  1.787812 -5.545937 
90 46  1.863027 -5.518415 
90 47  1.937981 -5.490426 
90 48  2.012691 -5.461964 
90 49  2.087171 -5.433024 
90 50  2.161440 -5.403601 
90 51  2.235513 -5.373687 
90 52  2.309406 -5.343278 
90 53  2.383135 -5.312364 
90 54  2.456715 -5.280940 
90 55  2.530162 -5.248997 
90 56  2.603492 -5.216528 
90 57  2.676721 -5.183523 
90 58  2.749863 -5.149975 
90 59  2.822934 -5.115873 
90 60  2.895951 -5.081207 
90 61  2.968928 -5.045969 
90 62  3.041881 -5.010145 
90 63  3.114827 -4.973727 
90 64  3.187780 -4.936701 
90 65  3.260757 -4.899055 
90 66  3.333774 -4.860776 
90 67  3.406848 -4.821851 
90 68  3.479995 -4.782266 
90 69  3.553231 -4.742006 
90 70  3.626574 -4.701056 
90 71  3.700042 -4.659399 
90 72  3.773651 -4.617018 
90 73  3.847420 -4.573896 
90 74  3.921367 -4.530014 
90 75  3.995512 -4.485353 
90 76  4.069872 -4.439893 
90 77  4.144469 -4.393612 
90 78  4.219322 -4.346488 
90 79  4.294451 -4.298498 
90 80  4.369880 -4.249617 
90 81  4.445628 -4.199820 
90 82  4.521720 -4.149079 
90 83  4.598179 -4.097368 
90 84  4.675029 -4.044655 
90 85  4.752296 -3.990911 
90 86  4.830005 -3.936101 
90 87  4.908184 -3.880192 
90 88  4.986861 -3.823148 
90 89  5.066066 -3.764930 
90 90  5.145828 -3.705498 
90 91  5.226181 -3.644810 
90 92  5.307158 -3.582822 
90 93  5.388794 -3.519485 
90 94  5.471125 -3.454751 
90 95  5.554191 -3.388565 
90 96  5.638032 -3.320874 
90 97  5.722689 -3.251616 
90 98  5.808210 -3.180731 
90 99  5.894640 -3.108150 
90 100  5.982030 -3.033804 
91 0  -2.279197 -6.448128 
91 1  -2.162370 -6.440924 
91 2  -2.047514 -6.433118 
91 3  -1.934539 -6.424726 
91 4  -1.823362 -6.415762 
91 5  -1.713906 -6.406241 
91 6  -1.606095 -6.396174 
91 7  -1.499860 -6.385575 
91 8  -1.395134 -6.374455 
91 9  -1.291855 -6.362822 
91 10  -1.189961 -6.350688 
91 11  -1.089396 -6.338061 
91 12  -0.990107 -6.324949 
91 13  -0.892041 -6.311360 
91 14  -0.795149 -6.297300 
91 15  -0.699385 -6.282776 
91 16  -0.604702 -6.267793 
91 17  -0.511060 -6.252358 
91 18  -0.418416 -6.236475 
91 19  -0.326731 -6.220147 
91 20  -0.235967 -6.203380 
91 21  -0.146089 -6.186176 
91 22  -0.057062 -6.168539 
91 23  0.031148 -6.150471 
91 24  0.118573 -6.131975 
91 25  0.205244 -6.113052 
91 26  0.291191 -6.093704 
91 27  0.376442 -6.073932 
91 28  0.461025 -6.053737 
91 29  0.544968 -6.033119 
91 30  0.628296 -6.012079 
91 31  0.711034 -5.990616 
91 32  0.793207 -5.968730 
91 33  0.874838 -5.946420 
91 34  0.955952 -5.923685 
91 35  1.036569 -5.900524 
91 36  1.116712 -5.876935 
91 37  1.196402 -5.852915 
91 38  1.275660 -5.828464 
91 39  1.354506 -5.803577 
91 40  1.432960 -5.778252 
91 41  1.511042 -5.752486 
91 42  1.588769 -5.726275 
91 43  1.666161 -5.699616 
91 44  1.743237 -5.672504 
91 45  1.820013 -5.644935 
91 46  1.896509 -5.616905 
91 47  1.972740 -5.588407 
91 48  2.048725 -5.559437 
91 49  2.124480 -5.529989 
91 50  2.200023 -5.500056 
91 51  2.275369 -5.469633 
91 52  2.350535 -5.438713 
91 53  2.425538 -5.407288 
91 54  2.500393 -5.375351 
91 55  2.575118 -5.342894 
91 56  2.649728 -5.309908 
91 57  2.724239 -5.276385 
91 58  2.798667 -5.242316 
91 59  2.873029 -5.207691 
91 60  2.947340 -5.172500 
91 61  3.021617 -5.136732 
91 62  3.095876 -5.100377 
91 63  3.170133 -5.063423 
91 64  3.244405 -5.025858 
91 65  3.318708 -4.987668 
91 66  3.393059 -4.948842 
91 67  3.467476 -4.909365 
91 68  3.541974 -4.869223 
91 69  3.616573 -4.828400 
91 70  3.691288 -4.786882 
91 71  3.766140 -4.744650 
91 72  3.841145 -4.701689 
91 73  3.916323 -4.657980 
91 74  3.991692 -4.613503 
91 75  4.067273 -4.568241 
91 76  4.143085 -4.522170 
91 77  4.219149 -4.475271 
91 78  4.295486 -4.427520 
91 79  4.372117 -4.378894 
91 80  4.449066 -4.329367 
91 81  4.526355 -4.278913 
91 82  4.604008 -4.227505 
91 83  4.682049 -4.175115 
91 84  4.760504 -4.121711 
91 85  4.839400 -4.067262 
91 86  4.918763 -4.011735 
91 87  4.998623 -3.955094 
91 88  5.079008 -3.897303 
91 89  5.159950 -3.838323 
91 90  5.241481 -3.778112 
91 91  5.323634 -3.716627 
91 92  5.406445 -3.653823 
91 93  5.489951 -3.589651 
91 94  5.574189 -3.524061 
91 95  5.659201 -3.456998 
91 96  5.745029 -3.388405 
91 97  5.831718 -3.318223 
91 98  5.919316 -3.246386 
91 99  6.007871 -3.172827 
91 100  6.097437 -3.097474 
92 0  -2.320237 -6.577875 
92 1  -2.201058 -6.569856 
92 2  -2.083907 -6.561249 
92 3  -1.968695 -6.552071 
92 4  -1.855335 -6.542336 
92 5  -1.743745 -6.532057 
92 6  -1.633850 -6.521245 
92 7  -1.525576 -6.509914 
92 8  -1.418854 -6.498072 
92 9  -1.313620 -6.485730 
92 10  -1.209811 -6.472897 
92 11  -1.107368 -6.459582 
92 12  -1.006235 -6.445791 
92 13  -0.906359 -6.431533 
92 14  -0.807690 -6.416813 
92 15  -0.710178 -6.401638 
92 16  -0.613777 -6.386012 
92 17  -0.518443 -6.369942 
92 18  -0.424133 -6.353431 
92 19  -0.330807 -6.336484 
92 20  -0.238427 -6.319104 
92 21  -0.146954 -6.301293 
92 22  -0.056353 -6.283056 
92 23  0.033411 -6.264394 
92 24  0.122371 -6.245309 
92 25  0.210559 -6.225803 
92 26  0.298005 -6.205877 
92 27  0.384739 -6.185532 
92 28  0.470791 -6.164768 
92 29  0.556187 -6.143586 
92 30  0.640955 -6.121986 
92 31  0.725120 -6.099967 
92 32  0.808708 -6.077529 
92 33  0.891744 -6.054670 
92 34  0.974251 -6.031390 
92 35  1.056252 -6.007686 
92 36  1.137769 -5.983557 
92 37  1.218825 -5.959000 
92 38  1.299441 -5.934013 
92 39  1.379638 -5.908593 
92 40  1.459437 -5.882737 
92 41  1.538857 -5.856441 
92 42  1.617917 -5.829702 
92 43  1.696638 -5.802516 
92 44  1.775038 -5.774879 
92 45  1.853135 -5.746785 
92 46  1.930948 -5.718229 
92 47  2.008495 -5.689208 
92 48  2.085793 -5.659714 
92 49  2.162860 -5.629741 
92 50  2.239714 -5.599285 
92 51  2.316371 -5.568337 
92 52  2.392849 -5.536891 
92 53  2.469164 -5.504940 
92 54  2.545334 -5.472475 
92 55  2.621374 -5.439489 
92 56  2.697303 -5.405973 
92 57  2.773135 -5.371917 
92 58  2.848889 -5.337314 
92 59  2.924580 -5.302152 
92 60  3.000226 -5.266421 
92 61  3.075843 -5.230111 
92 62  3.151448 -5.193210 
92 63  3.227057 -5.155707 
92 64  3.302689 -5.117589 
92 65  3.378360 -5.078843 
92 66  3.454087 -5.039455 
92 67  3.529889 -4.999412 
92 68  3.605783 -4.958699 
92 69  3.681787 -4.917301 
92 70  3.757920 -4.875200 
92 71  3.834200 -4.832381 
92 72  3.910647 -4.788826 
92 73  3.987280 -4.744516 
92 74  4.064118 -4.699431 
92 75  4.141184 -4.653553 
92 76  4.218496 -4.606859 
92 77  4.296077 -4.559328 
92 78  4.373949 -4.510935 
92 79  4.452134 -4.461658 
92 80  4.530656 -4.411470 
92 81  4.609539 -4.360345 
92 82  4.688808 -4.308255 
92 83  4.768488 -4.255170 
92 84  4.848606 -4.201060 
92 85  4.929189 -4.145891 
92 86  5.010267 -4.089630 
92 87  5.091869 -4.032241 
92 88  5.174026 -3.973687 
92 89  5.256771 -3.913926 
92 90  5.340137 -3.852918 
92 91  5.424159 -3.790619 
92 92  5.508875 -3.726980 
92 93  5.594323 -3.661954 
92 94  5.680543 -3.595488 
92 95  5.767579 -3.527527 
92 96  5.855474 -3.458013 
92 97  5.944277 -3.386883 
92 98  6.034036 -3.314072 
92 99  6.124804 -3.239511 
92 100  6.216638 -3.163125 
93 0  -2.362729 -6.711881 
93 1  -2.241108 -6.702998 
93 2  -2.121579 -6.693545 
93 3  -2.004048 -6.683536 
93 4  -1.888426 -6.672986 
93 5  -1.774627 -6.661906 
93 6  -1.662573 -6.650309 
93 7  -1.552188 -6.638204 
93 8  -1.443402 -6.625603 
93 9  -1.336145 -6.612514 
93 10  -1.230355 -6.598946 
93 11  -1.125970 -6.584906 
93 12  -1.022932 -6.570403 
93 13  -0.921186 -6.555441 
93 14  -0.820680 -6.540029 
93 15  -0.721363 -6.524170 
93 16  -0.623187 -6.507871 
93 17  -0.526107 -6.491136 
93 18  -0.430078 -6.473968 
93 19  -0.335059 -6.456371 
93 20  -0.241010 -6.438350 
93 21  -0.147891 -6.419905 
93 22  -0.055666 -6.401041 
93 23  0.035700 -6.381758 
93 24  0.126242 -6.362059 
93 25  0.215994 -6.341944 
93 26  0.304986 -6.321416 
93 27  0.393249 -6.300474 
93 28  0.480814 -6.279118 
93 29  0.567708 -6.257349 
93 30  0.653960 -6.235167 
93 31  0.739596 -6.212570 
93 32  0.824643 -6.189558 
93 33  0.909125 -6.166129 
93 34  0.993067 -6.142282 
93 35  1.076493 -6.118014 
93 36  1.159426 -6.093325 
93 37  1.241889 -6.068211 
93 38  1.323904 -6.042670 
93 39  1.405493 -6.016698 
93 40  1.486676 -5.990292 
93 41  1.567474 -5.963448 
93 42  1.647908 -5.936163 
93 43  1.727997 -5.908433 
93 44  1.807761 -5.880252 
93 45  1.887218 -5.851616 
93 46  1.966389 -5.822519 
93 47  2.045290 -5.792956 
93 48  2.123941 -5.762922 
93 49  2.202360 -5.732410 
93 50  2.280565 -5.701413 
93 51  2.358573 -5.669925 
93 52  2.436402 -5.637938 
93 53  2.514070 -5.605444 
93 54  2.591594 -5.572437 
93 55  2.668991 -5.538907 
93 56  2.746278 -5.504845 
93 57  2.823473 -5.470242 
93 58  2.900593 -5.435089 
93 59  2.977655 -5.399376 
93 60  3.054677 -5.363091 
93 61  3.131676 -5.326224 
93 62  3.208669 -5.288764 
93 63  3.285674 -5.250697 
93 64  3.362709 -5.212012 
93 65  3.439791 -5.172695 
93 66  3.516939 -5.132733 
93 67  3.594171 -5.092110 
93 68  3.671505 -5.050813 
93 69  3.748961 -5.008824 
93 70  3.826558 -4.966128 
93 71  3.904314 -4.922707 
93 72  3.982251 -4.878543 
93 73  4.060387 -4.833618 
93 74  4.138745 -4.787912 
93 75  4.217346 -4.741404 
93 76  4.296210 -4.694072 
93 77  4.375361 -4.645894 
93 78  4.454821 -4.596846 
93 79  4.534614 -4.546903 
93 80  4.614765 -4.496040 
93 81  4.695299 -4.444228 
93 82  4.776241 -4.391440 
93 83  4.857619 -4.337645 
93 84  4.939460 -4.282812 
93 85  5.021794 -4.226908 
93 86  5.104650 -4.169897 
93 87  5.188060 -4.111743 
93 88  5.272056 -4.052407 
93 89  5.356672 -3.991849 
93 90  5.441944 -3.930026 
93 91  5.527908 -3.866893 
93 92  5.614603 -3.802401 
93 93  5.702070 -3.736501 
93 94  5.790352 -3.669139 
93 95  5.879493 -3.600258 
93 96  5.969540 -3.529800 
93 97  6.060543 -3.457700 
93 98  6.152554 -3.383891 
93 99  6.245629 -3.308303 
93 100  6.339825 -3.230859 
94 0  -2.406747 -6.850367 
94 1  -2.282593 -6.840569 
94 2  -2.160597 -6.830219 
94 3  -2.040661 -6.819332 
94 4  -1.922692 -6.807919 
94 5  -1.806604 -6.795994 
94 6  -1.692314 -6.783566 
94 7  -1.579743 -6.770647 
94 8  -1.468818 -6.757244 
94 9  -1.359469 -6.743368 
94 10  -1.251629 -6.729025 
94 11  -1.145235 -6.714224 
94 12  -1.040227 -6.698970 
94 13  -0.936547 -6.683270 
94 14  -0.834142 -6.667130 
94 15  -0.732960 -6.650554 
94 16  -0.632950 -6.633547 
94 17  -0.534066 -6.616114 
94 18  -0.436261 -6.598257 
94 19  -0.339494 -6.579981 
94 20  -0.243722 -6.561288 
94 21  -0.148905 -6.542180 
94 22  -0.055004 -6.522660 
94 23  0.038015 -6.502729 
94 24  0.130191 -6.482388 
94 25  0.221555 -6.461638 
94 26  0.312142 -6.440481 
94 27  0.401982 -6.418917 
94 28  0.491107 -6.396944 
94 29  0.579546 -6.374564 
94 30  0.667328 -6.351775 
94 31  0.754480 -6.328577 
94 32  0.841030 -6.304967 
94 33  0.927003 -6.280946 
94 34  1.012424 -6.256510 
94 35  1.097319 -6.231659 
94 36  1.181712 -6.206388 
94 37  1.265625 -6.180696 
94 38  1.349081 -6.154580 
94 39  1.432104 -6.128036 
94 40  1.514714 -6.101060 
94 41  1.596933 -6.073650 
94 42  1.678781 -6.045800 
94 43  1.760280 -6.017506 
94 44  1.841449 -5.988763 
94 45  1.922308 -5.959567 
94 46  2.002877 -5.929911 
94 47  2.083175 -5.899790 
94 48  2.163221 -5.869198 
94 49  2.243033 -5.838129 
94 50  2.322630 -5.806575 
94 51  2.402031 -5.774530 
94 52  2.481253 -5.741986 
94 53  2.560315 -5.708935 
94 54  2.639234 -5.675368 
94 55  2.718030 -5.641278 
94 56  2.796718 -5.606656 
94 57  2.875319 -5.571490 
94 58  2.953848 -5.535773 
94 59  3.032325 -5.499493 
94 60  3.110766 -5.462639 
94 61  3.189191 -5.425201 
94 62  3.267617 -5.387166 
94 63  3.346062 -5.348521 
94 64  3.424545 -5.309255 
94 65  3.503085 -5.269352 
94 66  3.581700 -5.228800 
94 67  3.660409 -5.187583 
94 68  3.739232 -5.145687 
94 69  3.818188 -5.103094 
94 70  3.897297 -5.059787 
94 71  3.976579 -5.015751 
94 72  4.056056 -4.970965 
94 73  4.135748 -4.925410 
94 74  4.215678 -4.879067 
94 75  4.295866 -4.831914 
94 76  4.376336 -4.783929 
94 77  4.457112 -4.735090 
94 78  4.538217 -4.685371 
94 79  4.619676 -4.634748 
94 80  4.701514 -4.583194 
94 81  4.783758 -4.530680 
94 82  4.866436 -4.477179 
94 83  4.949574 -4.422658 
94 84  5.033203 -4.367086 
94 85  5.117353 -4.310429 
94 86  5.202054 -4.252651 
94 87  5.287341 -4.193715 
94 88  5.373247 -4.133581 
94 89  5.459807 -4.072207 
94 90  5.547059 -4.009550 
94 91  5.635042 -3.945564 
94 92  5.723796 -3.880199 
94 93  5.813364 -3.813404 
94 94  5.903790 -3.745125 
94 95  5.995123 -3.675303 
94 96  6.087411 -3.603878 
94 97  6.180707 -3.530784 
94 98  6.275066 -3.455954 
94 99  6.370546 -3.379313 
94 100  6.467208 -3.300785 
95 0  -2.452374 -6.993573 
95 1  -2.325588 -6.982804 
95 2  -2.201030 -6.971503 
95 3  -2.078598 -6.959685 
95 4  -1.958196 -6.947360 
95 5  -1.839734 -6.934541 
95 6  -1.723125 -6.921236 
95 7  -1.608289 -6.907455 
95 8  -1.495149 -6.893207 
95 9  -1.383632 -6.878500 
95 10  -1.273669 -6.863340 
95 11  -1.165195 -6.847736 
95 12  -1.058148 -6.831692 
95 13  -0.952469 -6.815215 
95 14  -0.848100 -6.798310 
95 15  -0.744988 -6.780980 
95 16  -0.643083 -6.763230 
95 17  -0.542334 -6.745065 
95 18  -0.442695 -6.726486 
95 19  -0.344121 -6.707497 
95 20  -0.246569 -6.688100 
95 21  -0.149998 -6.668298 
95 22  -0.054368 -6.648091 
95 23  0.040359 -6.627481 
95 24  0.134220 -6.606470 
95 25  0.227249 -6.585057 
95 26  0.319481 -6.563244 
95 27  0.410949 -6.541029 
95 28  0.501684 -6.518414 
95 29  0.591716 -6.495396 
95 30  0.681076 -6.471975 
95 31  0.769792 -6.448151 
95 32  0.857892 -6.423921 
95 33  0.945402 -6.399283 
95 34  1.032349 -6.374235 
95 35  1.118759 -6.348776 
95 36  1.204655 -6.322902 
95 37  1.290063 -6.296610 
95 38  1.375006 -6.269898 
95 39  1.459507 -6.242761 
95 40  1.543588 -6.215195 
95 41  1.627271 -6.187197 
95 42  1.710578 -6.158762 
95 43  1.793530 -6.129885 
95 44  1.876148 -6.100562 
95 45  1.958453 -6.070786 
95 46  2.040464 -6.040553 
95 47  2.122201 -6.009855 
95 48  2.203684 -5.978688 
95 49  2.284933 -5.947043 
95 50  2.365966 -5.914915 
95 51  2.446803 -5.882296 
95 52  2.527462 -5.849177 
95 53  2.607961 -5.815551 
95 54  2.688321 -5.781410 
95 55  2.768559 -5.746744 
95 56  2.848694 -5.711544 
95 57  2.928744 -5.675800 
95 58  3.008728 -5.639502 
95 59  3.088664 -5.602640 
95 60  3.168571 -5.565202 
95 61  3.248468 -5.527176 
95 62  3.328373 -5.488551 
95 63  3.408306 -5.449313 
95 64  3.488285 -5.409450 
95 65  3.568331 -5.368947 
95 66  3.648461 -5.327791 
95 67  3.728697 -5.285965 
95 68  3.809058 -5.243454 
95 69  3.889565 -5.200242 
95 70  3.970238 -5.156311 
95 71  4.051099 -5.111643 
95 72  4.132170 -5.066219 
95 73  4.213471 -5.020020 
95 74  4.295027 -4.973026 
95 75  4.376859 -4.925213 
95 76  4.458993 -4.876561 
95 77  4.541451 -4.827044 
95 78  4.624260 -4.776640 
95 79  4.707445 -4.725320 
95 80  4.791033 -4.673059 
95 81  4.875051 -4.619828 
95 82  4.959528 -4.565597 
95 83  5.044493 -4.510334 
95 84  5.129977 -4.454006 
95 85  5.216012 -4.396580 
95 86  5.302631 -4.338017 
95 87  5.389867 -4.278281 
95 88  5.477757 -4.217330 
95 89  5.566339 -4.155122 
95 90  5.655650 -4.091613 
95 91  5.745733 -4.026754 
95 92  5.836630 -3.960495 
95 93  5.928385 -3.892785 
95 94  6.021046 -3.823567 
95 95  6.114663 -3.752782 
95 96  6.209287 -3.680367 
95 97  6.304975 -3.606256 
95 98  6.401783 -3.530378 
95 99  6.499773 -3.452659 
95 100  6.599010 -3.373019 
96 0  -2.499695 -7.141752 
96 1  -2.370174 -7.129952 
96 2  -2.242954 -7.117644 
96 3  -2.117931 -7.104839 
96 4  -1.995003 -7.091548 
96 5  -1.874077 -7.077781 
96 6  -1.755063 -7.063548 
96 7  -1.637877 -7.048856 
96 8  -1.522441 -7.033715 
96 9  -1.408677 -7.018130 
96 10  -1.296516 -7.002110 
96 11  -1.185888 -6.985659 
96 12  -1.076730 -6.968783 
96 13  -0.968979 -6.951487 
96 14  -0.862578 -6.933776 
96 15  -0.757471 -6.915653 
96 16  -0.653605 -6.897123 
96 17  -0.550928 -6.878188 
96 18  -0.449392 -6.858851 
96 19  -0.348951 -6.839114 
96 20  -0.249559 -6.818979 
96 21  -0.151176 -6.798449 
96 22  -0.053758 -6.777523 
96 23  0.042732 -6.756204 
96 24  0.138333 -6.734491 
96 25  0.233082 -6.712385 
96 26  0.327013 -6.689885 
96 27  0.420160 -6.666993 
96 28  0.512557 -6.643705 
96 29  0.604234 -6.620023 
96 30  0.695222 -6.595944 
96 31  0.785552 -6.571466 
96 32  0.875251 -6.546589 
96 33  0.964347 -6.521310 
96 34  1.052869 -6.495626 
96 35  1.140841 -6.469535 
96 36  1.228289 -6.443034 
96 37  1.315239 -6.416120 
96 38  1.401714 -6.388788 
96 39  1.487740 -6.361035 
96 40  1.573338 -6.332858 
96 41  1.658531 -6.304251 
96 42  1.743343 -6.275210 
96 43  1.827794 -6.245730 
96 44  1.911907 -6.215805 
96 45  1.995702 -6.185430 
96 46  2.079200 -6.154599 
96 47  2.162423 -6.123306 
96 48  2.245389 -6.091544 
96 49  2.328120 -6.059306 
96 50  2.410634 -6.026585 
96 51  2.492952 -5.993373 
96 52  2.575094 -5.959662 
96 53  2.657078 -5.925444 
96 54  2.738923 -5.890710 
96 55  2.820650 -5.855451 
96 56  2.902278 -5.819657 
96 57  2.983825 -5.783318 
96 58  3.065310 -5.746423 
96 59  3.146754 -5.708962 
96 60  3.228175 -5.670923 
96 61  3.309592 -5.632294 
96 62  3.391026 -5.593063 
96 63  3.472496 -5.553217 
96 64  3.554021 -5.512741 
96 65  3.635623 -5.471622 
96 66  3.717320 -5.429846 
96 67  3.799135 -5.387395 
96 68  3.881087 -5.344255 
96 69  3.963198 -5.300408 
96 70  4.045490 -5.255837 
96 71  4.127984 -5.210523 
96 72  4.210704 -5.164446 
96 73  4.293672 -5.117588 
96 74  4.376912 -5.069926 
96 75  4.460448 -5.021438 
96 76  4.544304 -4.972102 
96 77  4.628507 -4.921894 
96 78  4.713083 -4.870787 
96 79  4.798058 -4.818755 
96 80  4.883460 -4.765772 
96 81  4.969319 -4.711806 
96 82  5.055664 -4.656829 
96 83  5.142525 -4.600807 
96 84  5.229936 -4.543707 
96 85  5.317930 -4.485493 
96 86  5.406540 -4.426129 
96 87  5.495804 -4.365574 
96 88  5.585758 -4.303788 
96 89  5.676442 -4.240727 
96 90  5.767897 -4.176345 
96 91  5.860167 -4.110593 
96 92  5.953295 -4.043421 
96 93  6.047329 -3.974774 
96 94  6.142320 -3.904595 
96 95  6.238318 -3.832823 
96 96  6.335380 -3.759394 
96 97  6.433563 -3.684241 
96 98  6.532928 -3.607291 
96 99  6.633541 -3.528466 
96 100  6.735470 -3.447687 
97 0  -2.548804 -7.295180 
97 1  -2.416438 -7.282285 
97 2  -2.286452 -7.268906 
97 3  -2.158735 -7.255053 
97 4  -2.033183 -7.240737 
97 5  -1.909698 -7.225967 
97 6  -1.788187 -7.210751 
97 7  -1.668564 -7.195096 
97 8  -1.550745 -7.179009 
97 9  -1.434652 -7.162498 
97 10  -1.320211 -7.145567 
97 11  -1.207351 -7.128223 
97 12  -1.096005 -7.110469 
97 13  -0.986110 -7.092310 
97 14  -0.877605 -7.073751 
97 15  -0.770431 -7.054793 
97 16  -0.664535 -7.035441 
97 17  -0.559863 -7.015697 
97 18  -0.456365 -6.995563 
97 19  -0.353992 -6.975041 
97 20  -0.252700 -6.954132 
97 21  -0.152442 -6.932838 
97 22  -0.053177 -6.911159 
97 23  0.045136 -6.889096 
97 24  0.142536 -6.866648 
97 25  0.239060 -6.843816 
97 26  0.334746 -6.820600 
97 27  0.429629 -6.796998 
97 28  0.523741 -6.773009 
97 29  0.617117 -6.748633 
97 30  0.709787 -6.723866 
97 31  0.801782 -6.698709 
97 32  0.893132 -6.673157 
97 33  0.983866 -6.647210 
97 34  1.074012 -6.620864 
97 35  1.163596 -6.594115 
97 36  1.252646 -6.566962 
97 37  1.341187 -6.539400 
97 38  1.429245 -6.511425 
97 39  1.516844 -6.483034 
97 40  1.604007 -6.454221 
97 41  1.690759 -6.424983 
97 42  1.777123 -6.395314 
97 43  1.863122 -6.365208 
97 44  1.948777 -6.334661 
97 45  2.034110 -6.303666 
97 46  2.119143 -6.272218 
97 47  2.203898 -6.240308 
97 48  2.288395 -6.207932 
97 49  2.372655 -6.175081 
97 50  2.456699 -6.141747 
97 51  2.540547 -6.107924 
97 52  2.624218 -6.073602 
97 53  2.707735 -6.038774 
97 54  2.791115 -6.003429 
97 55  2.874380 -5.967558 
97 56  2.957549 -5.931152 
97 57  3.040642 -5.894200 
97 58  3.123679 -5.856692 
97 59  3.206680 -5.818615 
97 60  3.289665 -5.779958 
97 61  3.372654 -5.740710 
97 62  3.455668 -5.700856 
97 63  3.538726 -5.660384 
97 64  3.621851 -5.619280 
97 65  3.705062 -5.577529 
97 66  3.788380 -5.535116 
97 67  3.871828 -5.492025 
97 68  3.955426 -5.448240 
97 69  4.039198 -5.403742 
97 70  4.123166 -5.358515 
97 71  4.207352 -5.312539 
97 72  4.291780 -5.265794 
97 73  4.376474 -5.218260 
97 74  4.461459 -5.169915 
97 75  4.546761 -5.120736 
97 76  4.632404 -5.070701 
97 77  4.718416 -5.019784 
97 78  4.804824 -4.967959 
97 79  4.891657 -4.915199 
97 80  4.978943 -4.861475 
97 81  5.066713 -4.806759 
97 82  5.154998 -4.751018 
97 83  5.243830 -4.694220 
97 84  5.333244 -4.636330 
97 85  5.423273 -4.577311 
97 86  5.513956 -4.517127 
97 87  5.605328 -4.455735 
97 88  5.697430 -4.393095 
97 89  5.790304 -4.329161 
97 90  5.883992 -4.263886 
97 91  5.978540 -4.197221 
97 92  6.073994 -4.129114 
97 93  6.170405 -4.059508 
97 94  6.267826 -3.988345 
97 95  6.366310 -3.915564 
97 96  6.465917 -3.841098 
97 97  6.566707 -3.764877 
97 98  6.668745 -3.686827 
97 99  6.772100 -3.606870 
97 100  6.876844 -3.524921 
98 0  -2.599801 -7.454151 
98 1  -2.464475 -7.440091 
98 2  -2.331610 -7.425573 
98 3  -2.201091 -7.410608 
98 4  -2.072811 -7.395204 
98 5  -1.946667 -7.379369 
98 6  -1.822563 -7.363111 
98 7  -1.700408 -7.346435 
98 8  -1.580116 -7.329348 
98 9  -1.461606 -7.311856 
98 10  -1.344800 -7.293964 
98 11  -1.229625 -7.275675 
98 12  -1.116011 -7.256994 
98 13  -1.003893 -7.237925 
98 14  -0.893208 -7.218471 
98 15  -0.783894 -7.198634 
98 16  -0.675896 -7.178417 
98 17  -0.569158 -7.157821 
98 18  -0.463629 -7.136849 
98 19  -0.359258 -7.115502 
98 20  -0.255997 -7.093779 
98 21  -0.153801 -7.071683 
98 22  -0.052626 -7.049214 
98 23  0.047572 -7.026371 
98 24  0.146831 -7.003153 
98 25  0.245192 -6.979562 
98 26  0.342692 -6.955594 
98 27  0.439367 -6.931251 
98 28  0.535253 -6.906529 
98 29  0.630383 -6.881427 
98 30  0.724791 -6.855943 
98 31  0.818507 -6.830075 
98 32  0.911562 -6.803821 
98 33  1.003987 -6.777177 
98 34  1.095810 -6.750140 
98 35  1.187060 -6.722708 
98 36  1.277763 -6.694876 
98 37  1.367948 -6.666640 
98 38  1.457639 -6.637997 
98 39  1.546862 -6.608942 
98 40  1.635642 -6.579470 
98 41  1.724003 -6.549576 
98 42  1.811970 -6.519255 
98 43  1.899565 -6.488502 
98 44  1.986813 -6.457309 
98 45  2.073734 -6.425672 
98 46  2.160353 -6.393584 
98 47  2.246690 -6.361037 
98 48  2.332767 -6.328025 
98 49  2.418607 -6.294541 
98 50  2.504230 -6.260575 
98 51  2.589657 -6.226120 
98 52  2.674910 -6.191168 
98 53  2.760009 -6.155710 
98 54  2.844975 -6.119735 
98 55  2.929829 -6.083235 
98 56  3.014591 -6.046198 
98 57  3.099281 -6.008615 
98 58  3.183922 -5.970474 
98 59  3.268533 -5.931764 
98 60  3.353135 -5.892472 
98 61  3.437750 -5.852587 
98 62  3.522398 -5.812093 
98 63  3.607100 -5.770979 
98 64  3.691879 -5.729230 
98 65  3.776755 -5.686830 
98 66  3.861751 -5.643764 
98 67  3.946890 -5.600016 
98 68  4.032193 -5.555568 
98 69  4.117685 -5.510404 
98 70  4.203388 -5.464504 
98 71  4.289327 -5.417849 
98 72  4.375526 -5.370420 
98 73  4.462010 -5.322193 
98 74  4.548805 -5.273149 
98 75  4.635938 -5.223263 
98 76  4.723435 -5.172512 
98 77  4.811324 -5.120870 
98 78  4.899635 -5.068310 
98 79  4.988396 -5.014805 
98 80  5.077639 -4.960325 
98 81  5.167395 -4.904841 
98 82  5.257696 -4.848319 
98 83  5.348578 -4.790727 
98 84  5.440074 -4.732029 
98 85  5.532223 -4.672187 
98 86  5.625061 -4.611163 
98 87  5.718630 -4.548916 
98 88  5.812970 -4.485402 
98 89  5.908125 -4.420575 
98 90  6.004140 -4.354388 
98 91  6.101063 -4.286789 
98 92  6.198945 -4.217724 
98 93  6.297837 -4.147137 
98 94  6.397794 -4.074968 
98 95  6.498875 -4.001152 
98 96  6.601142 -3.925623 
98 97  6.704658 -3.848309 
98 98  6.809492 -3.769133 
98 99  6.915717 -3.688014 
98 100  7.023409 -3.604867 
99 0  -2.652795 -7.618982 
99 1  -2.514384 -7.603680 
99 2  -2.378521 -7.587951 
99 3  -2.245087 -7.571803 
99 4  -2.113968 -7.555243 
99 5  -1.985059 -7.538278 
99 6  -1.858259 -7.520913 
99 7  -1.733473 -7.503155 
99 8  -1.610613 -7.485009 
99 9  -1.489592 -7.466478 
99 10  -1.370331 -7.447568 
99 11  -1.252754 -7.428281 
99 12  -1.136788 -7.408620 
99 13  -1.022364 -7.388590 
99 14  -0.909418 -7.368191 
99 15  -0.797887 -7.347426 
99 16  -0.687710 -7.326297 
99 17  -0.578833 -7.304805 
99 18  -0.471199 -7.282950 
99 19  -0.364759 -7.260734 
99 20  -0.259461 -7.238157 
99 21  -0.155258 -7.215218 
99 22  -0.052105 -7.191919 
99 23  0.050042 -7.168257 
99 24  0.151225 -7.144232 
99 25  0.251485 -7.119844 
99 26  0.350861 -7.095090 
99 27  0.449390 -7.069970 
99 28  0.547109 -7.044480 
99 29  0.644053 -7.018620 
99 30  0.740256 -6.992387 
99 31  0.835750 -6.965777 
99 32  0.930568 -6.938789 
99 33  1.024740 -6.911418 
99 34  1.118297 -6.883662 
99 35  1.211267 -6.855516 
99 36  1.303679 -6.826977 
99 37  1.395561 -6.798041 
99 38  1.486939 -6.768702 
99 39  1.577840 -6.738957 
99 40  1.668290 -6.708800 
99 41  1.758314 -6.678226 
99 42  1.847936 -6.647228 
99 43  1.937181 -6.615802 
99 44  2.026073 -6.583941 
99 45  2.114636 -6.551639 
99 46  2.202892 -6.518888 
99 47  2.290864 -6.485681 
99 48  2.378574 -6.452012 
99 49  2.466046 -6.417872 
99 50  2.553301 -6.383253 
99 51  2.640361 -6.348146 
99 52  2.727247 -6.312543 
99 53  2.813982 -6.276434 
99 54  2.900587 -6.239809 
99 55  2.987083 -6.202660 
99 56  3.073492 -6.164974 
99 57  3.159836 -6.126740 
99 58  3.246135 -6.087949 
99 59  3.332411 -6.048587 
99 60  3.418687 -6.008641 
99 61  3.504983 -5.968100 
99 62  3.591322 -5.926949 
99 63  3.677726 -5.885175 
99 64  3.764217 -5.842762 
99 65  3.850818 -5.799696 
99 66  3.937552 -5.755960 
99 67  4.024442 -5.711538 
99 68  4.111512 -5.666411 
99 69  4.198786 -5.620563 
99 70  4.286288 -5.573974 
99 71  4.374044 -5.526624 
99 72  4.462080 -5.478492 
99 73  4.550421 -5.429557 
99 74  4.639094 -5.379797 
99 75  4.728127 -5.329187 
99 76  4.817549 -5.277703 
99 77  4.907388 -5.225318 
99 78  4.997675 -5.172006 
99 79  5.088441 -5.117739 
99 80  5.179718 -5.062485 
99 81  5.271538 -5.006215 
99 82  5.363938 -4.948895 
99 83  5.456951 -4.890491 
99 84  5.550616 -4.830967 
99 85  5.644971 -4.770283 
99 86  5.740055 -4.708402 
99 87  5.835912 -4.645279 
99 88  5.932585 -4.580871 
99 89  6.030119 -4.515132 
99 90  6.128562 -4.448010 
99 91  6.227965 -4.379455 
99 92  6.328381 -4.309411 
99 93  6.429864 -4.237820 
99 94  6.532473 -4.164621 
99 95  6.636269 -4.089747 
99 96  6.741317 -4.013129 
99 97  6.847686 -3.934694 
99 98  6.955447 -3.854364 
99 99  7.064678 -3.772056 
99 100  7.175460 -3.687680 
100 0  -2.707902 -7.790014 
100 1  -2.566275 -7.773389 
100 2  -2.427288 -7.756370 
100 3  -2.290817 -7.738962 
100 4  -2.156743 -7.721172 
100 5  -2.024956 -7.703005 
100 6  -1.895351 -7.684466 
100 7  -1.767829 -7.665559 
100 8  -1.642298 -7.646288 
100 9  -1.518669 -7.626657 
100 10  -1.396858 -7.606668 
100 11  -1.276786 -7.586324 
100 12  -1.158377 -7.565627 
100 13  -1.041561 -7.544580 
100 14  -0.926270 -7.523184 
100 15  -0.812437 -7.501439 
100 16  -0.700003 -7.479348 
100 17  -0.588907 -7.456910 
100 18  -0.479093 -7.434125 
100 19  -0.370508 -7.410995 
100 20  -0.263099 -7.387517 
100 21  -0.156819 -7.363693 
100 22  -0.051618 -7.339520 
100 23  0.052547 -7.314999 
100 24  0.155722 -7.290127 
100 25  0.257947 -7.264902 
100 26  0.359264 -7.239324 
100 27  0.459712 -7.213390 
100 28  0.559327 -7.187097 
100 29  0.658147 -7.160443 
100 30  0.756207 -7.133425 
100 31  0.853540 -7.106040 
100 32  0.950180 -7.078285 
100 33  1.046159 -7.050156 
100 34  1.141508 -7.021648 
100 35  1.236257 -6.992759 
100 36  1.330435 -6.963484 
100 37  1.424071 -6.933817 
100 38  1.517193 -6.903755 
100 39  1.609828 -6.873291 
100 40  1.702004 -6.842422 
100 41  1.793746 -6.811140 
100 42  1.885079 -6.779440 
100 43  1.976030 -6.747316 
100 44  2.066622 -6.714761 
100 45  2.156880 -6.681768 
100 46  2.246829 -6.648331 
100 47  2.336491 -6.614441 
100 48  2.425890 -6.580091 
100 49  2.515049 -6.545272 
100 50  2.603991 -6.509977 
100 51  2.692739 -6.474196 
100 52  2.781315 -6.437921 
100 53  2.869742 -6.401140 
100 54  2.958042 -6.363845 
100 55  3.046237 -6.326026 
100 56  3.134350 -6.287670 
100 57  3.222403 -6.248767 
100 58  3.310418 -6.209304 
100 59  3.398418 -6.169271 
100 60  3.486426 -6.128653 
100 61  3.574463 -6.087438 
100 62  3.662553 -6.045611 
100 63  3.750719 -6.003158 
100 64  3.838984 -5.960064 
100 65  3.927372 -5.916313 
100 66  4.015907 -5.871889 
100 67  4.104613 -5.826774 
100 68  4.193514 -5.780952 
100 69  4.282637 -5.734402 
100 70  4.372006 -5.687106 
100 71  4.461647 -5.639043 
100 72  4.551589 -5.590193 
100 73  4.641857 -5.540532 
100 74  4.732481 -5.490038 
100 75  4.823488 -5.438686 
100 76  4.914910 -5.386452 
100 77  5.006775 -5.333307 
100 78  5.099117 -5.279226 
100 79  5.191967 -5.224178 
100 80  5.285360 -5.168134 
100 81  5.379329 -5.111060 
100 82  5.473912 -5.052923 
100 83  5.569146 -4.993689 
100 84  5.665069 -4.933319 
100 85  5.761723 -4.871775 
100 86  5.859150 -4.809016 
100 87  5.957393 -4.744998 
100 88  6.056499 -4.679677 
100 89  6.156516 -4.613003 
100 90  6.257495 -4.544926 
100 91  6.359489 -4.475394 
100 92  6.462552 -4.404348 
100 93  6.566745 -4.331729 
100 94  6.672127 -4.257475 
100 95  6.778765 -4.181517 
100 96  6.886726 -4.103785 
100 97  6.996083 -4.024203 
100 98  7.106912 -3.942690 
100 99  7.219295 -3.859162 
100 100  7.333318 -3.773526 
